rid,length_label,target_prompt_len,output_len,layer_id,total_prompt_kv_slots,decode_steps,unique_kv_slots_used_decode_union,kv_union_used_to_total_prompt,mean_per_decode_step_used_to_total_prompt,min_token_pos,max_token_pos
ctx016k_req000,16k,16384,1000,0,16384,1000,5546,0.33850098,0.11998083,16384,17383
ctx016k_req000,16k,16384,1000,1,16384,1000,10910,0.66589355,0.10492505,16384,17383
ctx016k_req000,16k,16384,1000,2,16384,1000,10083,0.61541748,0.09825281,16384,17383
ctx016k_req000,16k,16384,1000,3,16384,1000,6219,0.37957764,0.10896832,16384,17383
ctx016k_req000,16k,16384,1000,4,16384,1000,13890,0.84777832,0.10767133,16384,17383
ctx016k_req000,16k,16384,1000,5,16384,1000,7499,0.45770264,0.10132172,16384,17383
ctx016k_req000,16k,16384,1000,6,16384,1000,15260,0.93139648,0.10157709,16384,17383
ctx016k_req000,16k,16384,1000,7,16384,1000,14061,0.85821533,0.10088629,16384,17383
ctx016k_req000,16k,16384,1000,8,16384,1000,14314,0.87365723,0.09813007,16384,17383
ctx016k_req000,16k,16384,1000,9,16384,1000,12416,0.75781250,0.10537354,16384,17383
ctx016k_req000,16k,16384,1000,10,16384,1000,13504,0.82421875,0.10423236,16384,17383
ctx016k_req000,16k,16384,1000,11,16384,1000,15309,0.93438721,0.10581372,16384,17383
ctx016k_req000,16k,16384,1000,12,16384,1000,15016,0.91650391,0.10314484,16384,17383
ctx016k_req000,16k,16384,1000,13,16384,1000,11534,0.70397949,0.10235699,16384,17383
ctx016k_req000,16k,16384,1000,14,16384,1000,11218,0.68469238,0.10518085,16384,17383
ctx016k_req000,16k,16384,1000,15,16384,1000,12515,0.76385498,0.10736407,16384,17383
ctx016k_req000,16k,16384,1000,16,16384,1000,13156,0.80297852,0.10366919,16384,17383
ctx016k_req000,16k,16384,1000,17,16384,1000,16138,0.98498535,0.10884131,16384,17383
ctx016k_req000,16k,16384,1000,18,16384,1000,11466,0.69982910,0.10266479,16384,17383
ctx016k_req000,16k,16384,1000,19,16384,1000,13877,0.84698486,0.10645245,16384,17383
ctx016k_req000,16k,16384,1000,20,16384,1000,14825,0.90484619,0.10900146,16384,17383
ctx016k_req000,16k,16384,1000,21,16384,1000,14000,0.85449219,0.11015216,16384,17383
ctx016k_req000,16k,16384,1000,22,16384,1000,11247,0.68646240,0.10572522,16384,17383
ctx016k_req000,16k,16384,1000,23,16384,1000,11718,0.71520996,0.10673297,16384,17383
ctx016k_req000,16k,16384,1000,24,16384,1000,12549,0.76593018,0.11029449,16384,17383
ctx016k_req000,16k,16384,1000,25,16384,1000,11251,0.68670654,0.10645233,16384,17383
ctx016k_req000,16k,16384,1000,26,16384,1000,14009,0.85504150,0.11008447,16384,17383
ctx016k_req000,16k,16384,1000,27,16384,1000,13805,0.84259033,0.11164960,16384,17383
ctx016k_req000,16k,16384,1000,28,16384,1000,12791,0.78070068,0.10952667,16384,17383
ctx016k_req000,16k,16384,1000,29,16384,1000,14240,0.86914062,0.10973035,16384,17383
ctx016k_req000,16k,16384,1000,30,16384,1000,13694,0.83581543,0.10878174,16384,17383
ctx016k_req000,16k,16384,1000,31,16384,1000,12716,0.77612305,0.10892218,16384,17383
ctx016k_req000,16k,16384,1000,32,16384,1000,12810,0.78186035,0.10915399,16384,17383
ctx016k_req000,16k,16384,1000,33,16384,1000,13980,0.85327148,0.10984692,16384,17383
ctx016k_req000,16k,16384,1000,34,16384,1000,10881,0.66412354,0.10812207,16384,17383
ctx016k_req000,16k,16384,1000,35,16384,1000,12929,0.78912354,0.10937622,16384,17383
ctx016k_req000,16k,16384,1000,36,16384,1000,12891,0.78680420,0.10766217,16384,17383
ctx016k_req000,16k,16384,1000,37,16384,1000,11883,0.72528076,0.10652405,16384,17383
ctx016k_req000,16k,16384,1000,38,16384,1000,14148,0.86352539,0.10889893,16384,17383
ctx016k_req000,16k,16384,1000,39,16384,1000,14386,0.87805176,0.10873926,16384,17383
ctx016k_req000,16k,16384,1000,40,16384,1000,12997,0.79327393,0.10818829,16384,17383
ctx016k_req000,16k,16384,1000,41,16384,1000,11459,0.69940186,0.10648254,16384,17383
ctx016k_req000,16k,16384,1000,42,16384,1000,12654,0.77233887,0.10706177,16384,17383
ctx016k_req000,16k,16384,1000,43,16384,1000,13124,0.80102539,0.10956122,16384,17383
ctx016k_req000,16k,16384,1000,44,16384,1000,13232,0.80761719,0.10258795,16384,17383
ctx016k_req000,16k,16384,1000,45,16384,1000,14328,0.87451172,0.10640228,16384,17383
ctx016k_req000,16k,16384,1000,46,16384,1000,13705,0.83648682,0.10921082,16384,17383
ctx016k_req000,16k,16384,1000,47,16384,1000,10270,0.62683105,0.10518048,16384,17383
ctx016k_req000,16k,16384,1000,48,16384,1000,12569,0.76715088,0.10684406,16384,17383
ctx016k_req000,16k,16384,1000,49,16384,1000,14113,0.86138916,0.10542902,16384,17383
ctx016k_req000,16k,16384,1000,50,16384,1000,12046,0.73522949,0.10790002,16384,17383
ctx016k_req000,16k,16384,1000,51,16384,1000,13208,0.80615234,0.10641370,16384,17383
ctx016k_req000,16k,16384,1000,52,16384,1000,13413,0.81866455,0.10393976,16384,17383
ctx016k_req000,16k,16384,1000,53,16384,1000,12639,0.77142334,0.10311926,16384,17383
ctx016k_req000,16k,16384,1000,54,16384,1000,11854,0.72351074,0.10504028,16384,17383
ctx016k_req000,16k,16384,1000,55,16384,1000,14240,0.86914062,0.10706146,16384,17383
ctx016k_req000,16k,16384,1000,56,16384,1000,13634,0.83215332,0.10333405,16384,17383
ctx016k_req000,16k,16384,1000,57,16384,1000,12318,0.75183105,0.10491394,16384,17383
ctx016k_req000,16k,16384,1000,58,16384,1000,12207,0.74505615,0.10334888,16384,17383
ctx016k_req000,16k,16384,1000,59,16384,1000,13805,0.84259033,0.10665625,16384,17383
ctx016k_req000,16k,16384,1000,60,16384,1000,11032,0.67333984,0.10115900,16384,17383
ctx016k_req001,16k,16384,1000,0,16384,1000,5442,0.33215332,0.12067487,16384,17383
ctx016k_req001,16k,16384,1000,1,16384,1000,10839,0.66156006,0.10441589,16384,17383
ctx016k_req001,16k,16384,1000,2,16384,1000,9732,0.59399414,0.09781335,16384,17383
ctx016k_req001,16k,16384,1000,3,16384,1000,6194,0.37805176,0.10796515,16384,17383
ctx016k_req001,16k,16384,1000,4,16384,1000,13899,0.84832764,0.10773663,16384,17383
ctx016k_req001,16k,16384,1000,5,16384,1000,7083,0.43231201,0.10102039,16384,17383
ctx016k_req001,16k,16384,1000,6,16384,1000,15231,0.92962646,0.09964673,16384,17383
ctx016k_req001,16k,16384,1000,7,16384,1000,13629,0.83184814,0.09773560,16384,17383
ctx016k_req001,16k,16384,1000,8,16384,1000,13844,0.84497070,0.09622021,16384,17383
ctx016k_req001,16k,16384,1000,9,16384,1000,11274,0.68811035,0.10061804,16384,17383
ctx016k_req001,16k,16384,1000,10,16384,1000,13810,0.84289551,0.10284045,16384,17383
ctx016k_req001,16k,16384,1000,11,16384,1000,14914,0.91027832,0.10262512,16384,17383
ctx016k_req001,16k,16384,1000,12,16384,1000,15069,0.91973877,0.10188715,16384,17383
ctx016k_req001,16k,16384,1000,13,16384,1000,12051,0.73553467,0.09971594,16384,17383
ctx016k_req001,16k,16384,1000,14,16384,1000,10140,0.61889648,0.10299451,16384,17383
ctx016k_req001,16k,16384,1000,15,16384,1000,12129,0.74029541,0.10440698,16384,17383
ctx016k_req001,16k,16384,1000,16,16384,1000,12568,0.76708984,0.10134930,16384,17383
ctx016k_req001,16k,16384,1000,17,16384,1000,15796,0.96411133,0.10638208,16384,17383
ctx016k_req001,16k,16384,1000,18,16384,1000,11385,0.69488525,0.09966547,16384,17383
ctx016k_req001,16k,16384,1000,19,16384,1000,13690,0.83557129,0.10424622,16384,17383
ctx016k_req001,16k,16384,1000,20,16384,1000,14183,0.86566162,0.10738629,16384,17383
ctx016k_req001,16k,16384,1000,21,16384,1000,13505,0.82427979,0.10803998,16384,17383
ctx016k_req001,16k,16384,1000,22,16384,1000,10483,0.63983154,0.10439160,16384,17383
ctx016k_req001,16k,16384,1000,23,16384,1000,10572,0.64526367,0.10528516,16384,17383
ctx016k_req001,16k,16384,1000,24,16384,1000,12453,0.76007080,0.10930945,16384,17383
ctx016k_req001,16k,16384,1000,25,16384,1000,10613,0.64776611,0.10409265,16384,17383
ctx016k_req001,16k,16384,1000,26,16384,1000,13708,0.83666992,0.10881989,16384,17383
ctx016k_req001,16k,16384,1000,27,16384,1000,13633,0.83209229,0.11030939,16384,17383
ctx016k_req001,16k,16384,1000,28,16384,1000,12842,0.78381348,0.10736926,16384,17383
ctx016k_req001,16k,16384,1000,29,16384,1000,14165,0.86456299,0.10727435,16384,17383
ctx016k_req001,16k,16384,1000,30,16384,1000,13424,0.81933594,0.10630029,16384,17383
ctx016k_req001,16k,16384,1000,31,16384,1000,12457,0.76031494,0.10727051,16384,17383
ctx016k_req001,16k,16384,1000,32,16384,1000,12781,0.78009033,0.10680530,16384,17383
ctx016k_req001,16k,16384,1000,33,16384,1000,13875,0.84686279,0.10764648,16384,17383
ctx016k_req001,16k,16384,1000,34,16384,1000,10069,0.61456299,0.10608197,16384,17383
ctx016k_req001,16k,16384,1000,35,16384,1000,12832,0.78320312,0.10725629,16384,17383
ctx016k_req001,16k,16384,1000,36,16384,1000,12793,0.78082275,0.10447052,16384,17383
ctx016k_req001,16k,16384,1000,37,16384,1000,11373,0.69415283,0.10409546,16384,17383
ctx016k_req001,16k,16384,1000,38,16384,1000,13957,0.85186768,0.10709790,16384,17383
ctx016k_req001,16k,16384,1000,39,16384,1000,14551,0.88812256,0.10654254,16384,17383
ctx016k_req001,16k,16384,1000,40,16384,1000,12895,0.78704834,0.10612061,16384,17383
ctx016k_req001,16k,16384,1000,41,16384,1000,11206,0.68395996,0.10549103,16384,17383
ctx016k_req001,16k,16384,1000,42,16384,1000,11975,0.73089600,0.10518463,16384,17383
ctx016k_req001,16k,16384,1000,43,16384,1000,13431,0.81976318,0.10860297,16384,17383
ctx016k_req001,16k,16384,1000,44,16384,1000,12933,0.78936768,0.10096375,16384,17383
ctx016k_req001,16k,16384,1000,45,16384,1000,14311,0.87347412,0.10453973,16384,17383
ctx016k_req001,16k,16384,1000,46,16384,1000,13301,0.81182861,0.10784711,16384,17383
ctx016k_req001,16k,16384,1000,47,16384,1000,9847,0.60101318,0.10475940,16384,17383
ctx016k_req001,16k,16384,1000,48,16384,1000,11834,0.72229004,0.10633069,16384,17383
ctx016k_req001,16k,16384,1000,49,16384,1000,13896,0.84814453,0.10304346,16384,17383
ctx016k_req001,16k,16384,1000,50,16384,1000,11636,0.71020508,0.10631134,16384,17383
ctx016k_req001,16k,16384,1000,51,16384,1000,13121,0.80084229,0.10573157,16384,17383
ctx016k_req001,16k,16384,1000,52,16384,1000,13216,0.80664062,0.10253577,16384,17383
ctx016k_req001,16k,16384,1000,53,16384,1000,12522,0.76428223,0.10160834,16384,17383
ctx016k_req001,16k,16384,1000,54,16384,1000,11449,0.69879150,0.10356641,16384,17383
ctx016k_req001,16k,16384,1000,55,16384,1000,13967,0.85247803,0.10521295,16384,17383
ctx016k_req001,16k,16384,1000,56,16384,1000,12952,0.79052734,0.10180457,16384,17383
ctx016k_req001,16k,16384,1000,57,16384,1000,12209,0.74517822,0.10380121,16384,17383
ctx016k_req001,16k,16384,1000,58,16384,1000,11666,0.71203613,0.10133069,16384,17383
ctx016k_req001,16k,16384,1000,59,16384,1000,13389,0.81719971,0.10453741,16384,17383
ctx016k_req001,16k,16384,1000,60,16384,1000,10655,0.65032959,0.09855304,16384,17383
ctx016k_req002,16k,16384,1000,0,16384,1000,5594,0.34143066,0.12014807,16384,17383
ctx016k_req002,16k,16384,1000,1,16384,1000,11089,0.67681885,0.10558038,16384,17383
ctx016k_req002,16k,16384,1000,2,16384,1000,10537,0.64312744,0.09985223,16384,17383
ctx016k_req002,16k,16384,1000,3,16384,1000,6366,0.38854980,0.10835968,16384,17383
ctx016k_req002,16k,16384,1000,4,16384,1000,13666,0.83410645,0.10733282,16384,17383
ctx016k_req002,16k,16384,1000,5,16384,1000,7248,0.44238281,0.10252051,16384,17383
ctx016k_req002,16k,16384,1000,6,16384,1000,15362,0.93762207,0.10219611,16384,17383
ctx016k_req002,16k,16384,1000,7,16384,1000,14290,0.87219238,0.10166705,16384,17383
ctx016k_req002,16k,16384,1000,8,16384,1000,14346,0.87561035,0.09816064,16384,17383
ctx016k_req002,16k,16384,1000,9,16384,1000,11658,0.71154785,0.10666553,16384,17383
ctx016k_req002,16k,16384,1000,10,16384,1000,13540,0.82641602,0.10630359,16384,17383
ctx016k_req002,16k,16384,1000,11,16384,1000,15199,0.92767334,0.10704559,16384,17383
ctx016k_req002,16k,16384,1000,12,16384,1000,15372,0.93823242,0.10326105,16384,17383
ctx016k_req002,16k,16384,1000,13,16384,1000,12422,0.75817871,0.10268372,16384,17383
ctx016k_req002,16k,16384,1000,14,16384,1000,10203,0.62274170,0.10851947,16384,17383
ctx016k_req002,16k,16384,1000,15,16384,1000,12345,0.75347900,0.10820361,16384,17383
ctx016k_req002,16k,16384,1000,16,16384,1000,12748,0.77807617,0.10607538,16384,17383
ctx016k_req002,16k,16384,1000,17,16384,1000,15728,0.95996094,0.11040442,16384,17383
ctx016k_req002,16k,16384,1000,18,16384,1000,11841,0.72271729,0.10406519,16384,17383
ctx016k_req002,16k,16384,1000,19,16384,1000,13895,0.84808350,0.10676202,16384,17383
ctx016k_req002,16k,16384,1000,20,16384,1000,14380,0.87768555,0.10964978,16384,17383
ctx016k_req002,16k,16384,1000,21,16384,1000,13966,0.85241699,0.10977698,16384,17383
ctx016k_req002,16k,16384,1000,22,16384,1000,11260,0.68725586,0.10633191,16384,17383
ctx016k_req002,16k,16384,1000,23,16384,1000,10946,0.66809082,0.10794641,16384,17383
ctx016k_req002,16k,16384,1000,24,16384,1000,13185,0.80474854,0.11102045,16384,17383
ctx016k_req002,16k,16384,1000,25,16384,1000,11698,0.71398926,0.10684412,16384,17383
ctx016k_req002,16k,16384,1000,26,16384,1000,14067,0.85858154,0.11096094,16384,17383
ctx016k_req002,16k,16384,1000,27,16384,1000,14142,0.86315918,0.11183313,16384,17383
ctx016k_req002,16k,16384,1000,28,16384,1000,13438,0.82019043,0.10917645,16384,17383
ctx016k_req002,16k,16384,1000,29,16384,1000,14754,0.90051270,0.10936304,16384,17383
ctx016k_req002,16k,16384,1000,30,16384,1000,14267,0.87078857,0.10797009,16384,17383
ctx016k_req002,16k,16384,1000,31,16384,1000,13421,0.81915283,0.10939264,16384,17383
ctx016k_req002,16k,16384,1000,32,16384,1000,13336,0.81396484,0.10867194,16384,17383
ctx016k_req002,16k,16384,1000,33,16384,1000,14444,0.88159180,0.11029163,16384,17383
ctx016k_req002,16k,16384,1000,34,16384,1000,11341,0.69219971,0.10801111,16384,17383
ctx016k_req002,16k,16384,1000,35,16384,1000,13537,0.82623291,0.10920154,16384,17383
ctx016k_req002,16k,16384,1000,36,16384,1000,13185,0.80474854,0.10761224,16384,17383
ctx016k_req002,16k,16384,1000,37,16384,1000,12147,0.74139404,0.10659094,16384,17383
ctx016k_req002,16k,16384,1000,38,16384,1000,14225,0.86822510,0.10871399,16384,17383
ctx016k_req002,16k,16384,1000,39,16384,1000,14504,0.88525391,0.10910089,16384,17383
ctx016k_req002,16k,16384,1000,40,16384,1000,13488,0.82324219,0.10912646,16384,17383
ctx016k_req002,16k,16384,1000,41,16384,1000,11996,0.73217773,0.10752930,16384,17383
ctx016k_req002,16k,16384,1000,42,16384,1000,12791,0.78070068,0.10731909,16384,17383
ctx016k_req002,16k,16384,1000,43,16384,1000,13957,0.85186768,0.11064935,16384,17383
ctx016k_req002,16k,16384,1000,44,16384,1000,13292,0.81127930,0.10393982,16384,17383
ctx016k_req002,16k,16384,1000,45,16384,1000,14456,0.88232422,0.10745673,16384,17383
ctx016k_req002,16k,16384,1000,46,16384,1000,14020,0.85571289,0.11099530,16384,17383
ctx016k_req002,16k,16384,1000,47,16384,1000,10575,0.64544678,0.10707019,16384,17383
ctx016k_req002,16k,16384,1000,48,16384,1000,12375,0.75531006,0.10881305,16384,17383
ctx016k_req002,16k,16384,1000,49,16384,1000,14163,0.86444092,0.10683209,16384,17383
ctx016k_req002,16k,16384,1000,50,16384,1000,12252,0.74780273,0.10891376,16384,17383
ctx016k_req002,16k,16384,1000,51,16384,1000,13617,0.83111572,0.10771637,16384,17383
ctx016k_req002,16k,16384,1000,52,16384,1000,13723,0.83758545,0.10578992,16384,17383
ctx016k_req002,16k,16384,1000,53,16384,1000,12316,0.75170898,0.10400244,16384,17383
ctx016k_req002,16k,16384,1000,54,16384,1000,11541,0.70440674,0.10770978,16384,17383
ctx016k_req002,16k,16384,1000,55,16384,1000,14187,0.86590576,0.10758307,16384,17383
ctx016k_req002,16k,16384,1000,56,16384,1000,13703,0.83636475,0.10481427,16384,17383
ctx016k_req002,16k,16384,1000,57,16384,1000,12751,0.77825928,0.10722620,16384,17383
ctx016k_req002,16k,16384,1000,58,16384,1000,12076,0.73706055,0.10400146,16384,17383
ctx016k_req002,16k,16384,1000,59,16384,1000,13576,0.82861328,0.10710541,16384,17383
ctx016k_req002,16k,16384,1000,60,16384,1000,11399,0.69573975,0.10215594,16384,17383
ctx016k_req003,16k,16384,1000,0,16384,1000,5632,0.34375000,0.12018555,16384,17383
ctx016k_req003,16k,16384,1000,1,16384,1000,11237,0.68585205,0.10582715,16384,17383
ctx016k_req003,16k,16384,1000,2,16384,1000,10294,0.62829590,0.10069507,16384,17383
ctx016k_req003,16k,16384,1000,3,16384,1000,6060,0.36987305,0.10842957,16384,17383
ctx016k_req003,16k,16384,1000,4,16384,1000,12860,0.78491211,0.10695886,16384,17383
ctx016k_req003,16k,16384,1000,5,16384,1000,7538,0.46008301,0.10000671,16384,17383
ctx016k_req003,16k,16384,1000,6,16384,1000,15343,0.93646240,0.09890112,16384,17383
ctx016k_req003,16k,16384,1000,7,16384,1000,14499,0.88494873,0.09741553,16384,17383
ctx016k_req003,16k,16384,1000,8,16384,1000,14284,0.87182617,0.09666510,16384,17383
ctx016k_req003,16k,16384,1000,9,16384,1000,11026,0.67297363,0.09795306,16384,17383
ctx016k_req003,16k,16384,1000,10,16384,1000,13689,0.83551025,0.09929810,16384,17383
ctx016k_req003,16k,16384,1000,11,16384,1000,14751,0.90032959,0.10186499,16384,17383
ctx016k_req003,16k,16384,1000,12,16384,1000,15036,0.91772461,0.10132825,16384,17383
ctx016k_req003,16k,16384,1000,13,16384,1000,11771,0.71844482,0.09945709,16384,17383
ctx016k_req003,16k,16384,1000,14,16384,1000,10094,0.61608887,0.10216968,16384,17383
ctx016k_req003,16k,16384,1000,15,16384,1000,12099,0.73846436,0.10309406,16384,17383
ctx016k_req003,16k,16384,1000,16,16384,1000,12571,0.76727295,0.10065118,16384,17383
ctx016k_req003,16k,16384,1000,17,16384,1000,15971,0.97479248,0.10456909,16384,17383
ctx016k_req003,16k,16384,1000,18,16384,1000,11121,0.67877197,0.10028851,16384,17383
ctx016k_req003,16k,16384,1000,19,16384,1000,13354,0.81506348,0.10235785,16384,17383
ctx016k_req003,16k,16384,1000,20,16384,1000,13824,0.84375000,0.10337573,16384,17383
ctx016k_req003,16k,16384,1000,21,16384,1000,13581,0.82891846,0.10452692,16384,17383
ctx016k_req003,16k,16384,1000,22,16384,1000,10594,0.64660645,0.10102612,16384,17383
ctx016k_req003,16k,16384,1000,23,16384,1000,10261,0.62628174,0.10102710,16384,17383
ctx016k_req003,16k,16384,1000,24,16384,1000,11997,0.73223877,0.10393829,16384,17383
ctx016k_req003,16k,16384,1000,25,16384,1000,10074,0.61486816,0.10061292,16384,17383
ctx016k_req003,16k,16384,1000,26,16384,1000,13422,0.81921387,0.10363208,16384,17383
ctx016k_req003,16k,16384,1000,27,16384,1000,13456,0.82128906,0.10522180,16384,17383
ctx016k_req003,16k,16384,1000,28,16384,1000,12391,0.75628662,0.10287085,16384,17383
ctx016k_req003,16k,16384,1000,29,16384,1000,13821,0.84356689,0.10292950,16384,17383
ctx016k_req003,16k,16384,1000,30,16384,1000,13121,0.80084229,0.10234924,16384,17383
ctx016k_req003,16k,16384,1000,31,16384,1000,12470,0.76110840,0.10278064,16384,17383
ctx016k_req003,16k,16384,1000,32,16384,1000,12749,0.77813721,0.10297870,16384,17383
ctx016k_req003,16k,16384,1000,33,16384,1000,14054,0.85778809,0.10402661,16384,17383
ctx016k_req003,16k,16384,1000,34,16384,1000,10780,0.65795898,0.10159937,16384,17383
ctx016k_req003,16k,16384,1000,35,16384,1000,12955,0.79071045,0.10259705,16384,17383
ctx016k_req003,16k,16384,1000,36,16384,1000,12463,0.76068115,0.10305719,16384,17383
ctx016k_req003,16k,16384,1000,37,16384,1000,11991,0.73187256,0.10090961,16384,17383
ctx016k_req003,16k,16384,1000,38,16384,1000,13906,0.84875488,0.10355676,16384,17383
ctx016k_req003,16k,16384,1000,39,16384,1000,14297,0.87261963,0.10290948,16384,17383
ctx016k_req003,16k,16384,1000,40,16384,1000,12575,0.76751709,0.10250604,16384,17383
ctx016k_req003,16k,16384,1000,41,16384,1000,11388,0.69506836,0.10105640,16384,17383
ctx016k_req003,16k,16384,1000,42,16384,1000,11877,0.72491455,0.10293854,16384,17383
ctx016k_req003,16k,16384,1000,43,16384,1000,13201,0.80572510,0.10503693,16384,17383
ctx016k_req003,16k,16384,1000,44,16384,1000,12670,0.77331543,0.10022467,16384,17383
ctx016k_req003,16k,16384,1000,45,16384,1000,13462,0.82165527,0.10344855,16384,17383
ctx016k_req003,16k,16384,1000,46,16384,1000,13528,0.82568359,0.10622333,16384,17383
ctx016k_req003,16k,16384,1000,47,16384,1000,10095,0.61614990,0.10198840,16384,17383
ctx016k_req003,16k,16384,1000,48,16384,1000,12032,0.73437500,0.10342578,16384,17383
ctx016k_req003,16k,16384,1000,49,16384,1000,13741,0.83868408,0.10117078,16384,17383
ctx016k_req003,16k,16384,1000,50,16384,1000,11370,0.69396973,0.10405127,16384,17383
ctx016k_req003,16k,16384,1000,51,16384,1000,13392,0.81738281,0.10304449,16384,17383
ctx016k_req003,16k,16384,1000,52,16384,1000,13177,0.80426025,0.10033313,16384,17383
ctx016k_req003,16k,16384,1000,53,16384,1000,11566,0.70593262,0.09922675,16384,17383
ctx016k_req003,16k,16384,1000,54,16384,1000,10707,0.65350342,0.10189374,16384,17383
ctx016k_req003,16k,16384,1000,55,16384,1000,13548,0.82690430,0.10182544,16384,17383
ctx016k_req003,16k,16384,1000,56,16384,1000,13230,0.80749512,0.09928528,16384,17383
ctx016k_req003,16k,16384,1000,57,16384,1000,12326,0.75231934,0.10113977,16384,17383
ctx016k_req003,16k,16384,1000,58,16384,1000,11463,0.69964600,0.10022113,16384,17383
ctx016k_req003,16k,16384,1000,59,16384,1000,12709,0.77569580,0.10342670,16384,17383
ctx016k_req003,16k,16384,1000,60,16384,1000,10757,0.65655518,0.09778845,16384,17383
ctx016k_req004,16k,16384,1000,0,16384,1000,5498,0.33557129,0.12068182,16384,17383
ctx016k_req004,16k,16384,1000,1,16384,1000,11309,0.69024658,0.10553516,16384,17383
ctx016k_req004,16k,16384,1000,2,16384,1000,9390,0.57312012,0.09925598,16384,17383
ctx016k_req004,16k,16384,1000,3,16384,1000,5827,0.35565186,0.10903973,16384,17383
ctx016k_req004,16k,16384,1000,4,16384,1000,13333,0.81378174,0.10749341,16384,17383
ctx016k_req004,16k,16384,1000,5,16384,1000,7464,0.45556641,0.10112292,16384,17383
ctx016k_req004,16k,16384,1000,6,16384,1000,15302,0.93395996,0.10078485,16384,17383
ctx016k_req004,16k,16384,1000,7,16384,1000,14219,0.86785889,0.09927460,16384,17383
ctx016k_req004,16k,16384,1000,8,16384,1000,14024,0.85595703,0.09731329,16384,17383
ctx016k_req004,16k,16384,1000,9,16384,1000,11036,0.67358398,0.10000702,16384,17383
ctx016k_req004,16k,16384,1000,10,16384,1000,13247,0.80853271,0.10113232,16384,17383
ctx016k_req004,16k,16384,1000,11,16384,1000,14673,0.89556885,0.10333551,16384,17383
ctx016k_req004,16k,16384,1000,12,16384,1000,15061,0.91925049,0.10263898,16384,17383
ctx016k_req004,16k,16384,1000,13,16384,1000,11658,0.71154785,0.10099756,16384,17383
ctx016k_req004,16k,16384,1000,14,16384,1000,10259,0.62615967,0.10393085,16384,17383
ctx016k_req004,16k,16384,1000,15,16384,1000,11957,0.72979736,0.10488782,16384,17383
ctx016k_req004,16k,16384,1000,16,16384,1000,12347,0.75360107,0.10225653,16384,17383
ctx016k_req004,16k,16384,1000,17,16384,1000,16067,0.98065186,0.10729614,16384,17383
ctx016k_req004,16k,16384,1000,18,16384,1000,10866,0.66320801,0.10175287,16384,17383
ctx016k_req004,16k,16384,1000,19,16384,1000,13594,0.82971191,0.10358112,16384,17383
ctx016k_req004,16k,16384,1000,20,16384,1000,14170,0.86486816,0.10709589,16384,17383
ctx016k_req004,16k,16384,1000,21,16384,1000,13672,0.83447266,0.10767181,16384,17383
ctx016k_req004,16k,16384,1000,22,16384,1000,10664,0.65087891,0.10360852,16384,17383
ctx016k_req004,16k,16384,1000,23,16384,1000,10699,0.65301514,0.10422614,16384,17383
ctx016k_req004,16k,16384,1000,24,16384,1000,12481,0.76177979,0.10819403,16384,17383
ctx016k_req004,16k,16384,1000,25,16384,1000,10842,0.66174316,0.10388647,16384,17383
ctx016k_req004,16k,16384,1000,26,16384,1000,13691,0.83563232,0.10824805,16384,17383
ctx016k_req004,16k,16384,1000,27,16384,1000,13522,0.82531738,0.10944934,16384,17383
ctx016k_req004,16k,16384,1000,28,16384,1000,12753,0.77838135,0.10645544,16384,17383
ctx016k_req004,16k,16384,1000,29,16384,1000,14340,0.87524414,0.10739734,16384,17383
ctx016k_req004,16k,16384,1000,30,16384,1000,13632,0.83203125,0.10712012,16384,17383
ctx016k_req004,16k,16384,1000,31,16384,1000,12543,0.76556396,0.10680884,16384,17383
ctx016k_req004,16k,16384,1000,32,16384,1000,12712,0.77587891,0.10647455,16384,17383
ctx016k_req004,16k,16384,1000,33,16384,1000,14226,0.86828613,0.10788324,16384,17383
ctx016k_req004,16k,16384,1000,34,16384,1000,10827,0.66082764,0.10550098,16384,17383
ctx016k_req004,16k,16384,1000,35,16384,1000,12879,0.78607178,0.10723706,16384,17383
ctx016k_req004,16k,16384,1000,36,16384,1000,12999,0.79339600,0.10618176,16384,17383
ctx016k_req004,16k,16384,1000,37,16384,1000,11862,0.72399902,0.10503448,16384,17383
ctx016k_req004,16k,16384,1000,38,16384,1000,14715,0.89813232,0.10791278,16384,17383
ctx016k_req004,16k,16384,1000,39,16384,1000,15009,0.91607666,0.10783850,16384,17383
ctx016k_req004,16k,16384,1000,40,16384,1000,13412,0.81860352,0.10667761,16384,17383
ctx016k_req004,16k,16384,1000,41,16384,1000,11797,0.72003174,0.10558649,16384,17383
ctx016k_req004,16k,16384,1000,42,16384,1000,12503,0.76312256,0.10624487,16384,17383
ctx016k_req004,16k,16384,1000,43,16384,1000,13892,0.84790039,0.10926538,16384,17383
ctx016k_req004,16k,16384,1000,44,16384,1000,12731,0.77703857,0.10237549,16384,17383
ctx016k_req004,16k,16384,1000,45,16384,1000,14576,0.88964844,0.10618695,16384,17383
ctx016k_req004,16k,16384,1000,46,16384,1000,13993,0.85406494,0.10973737,16384,17383
ctx016k_req004,16k,16384,1000,47,16384,1000,10991,0.67083740,0.10662360,16384,17383
ctx016k_req004,16k,16384,1000,48,16384,1000,12515,0.76385498,0.10671857,16384,17383
ctx016k_req004,16k,16384,1000,49,16384,1000,14045,0.85723877,0.10458521,16384,17383
ctx016k_req004,16k,16384,1000,50,16384,1000,12265,0.74859619,0.10722589,16384,17383
ctx016k_req004,16k,16384,1000,51,16384,1000,13468,0.82202148,0.10711011,16384,17383
ctx016k_req004,16k,16384,1000,52,16384,1000,13303,0.81195068,0.10363519,16384,17383
ctx016k_req004,16k,16384,1000,53,16384,1000,12483,0.76190186,0.10239191,16384,17383
ctx016k_req004,16k,16384,1000,54,16384,1000,11943,0.72894287,0.10461615,16384,17383
ctx016k_req004,16k,16384,1000,55,16384,1000,14442,0.88146973,0.10621918,16384,17383
ctx016k_req004,16k,16384,1000,56,16384,1000,13284,0.81079102,0.10300879,16384,17383
ctx016k_req004,16k,16384,1000,57,16384,1000,12446,0.75964355,0.10554089,16384,17383
ctx016k_req004,16k,16384,1000,58,16384,1000,11986,0.73156738,0.10254010,16384,17383
ctx016k_req004,16k,16384,1000,59,16384,1000,13514,0.82482910,0.10616125,16384,17383
ctx016k_req004,16k,16384,1000,60,16384,1000,10846,0.66198730,0.10025330,16384,17383
ctx016k_req005,16k,16384,1000,0,16384,1000,5512,0.33642578,0.12080615,16384,17383
ctx016k_req005,16k,16384,1000,1,16384,1000,11013,0.67218018,0.10456110,16384,17383
ctx016k_req005,16k,16384,1000,2,16384,1000,9613,0.58673096,0.09771790,16384,17383
ctx016k_req005,16k,16384,1000,3,16384,1000,5754,0.35119629,0.10923859,16384,17383
ctx016k_req005,16k,16384,1000,4,16384,1000,14160,0.86425781,0.10774030,16384,17383
ctx016k_req005,16k,16384,1000,5,16384,1000,7033,0.42926025,0.09980298,16384,17383
ctx016k_req005,16k,16384,1000,6,16384,1000,15448,0.94287109,0.09917908,16384,17383
ctx016k_req005,16k,16384,1000,7,16384,1000,13848,0.84521484,0.09763086,16384,17383
ctx016k_req005,16k,16384,1000,8,16384,1000,14206,0.86706543,0.09676410,16384,17383
ctx016k_req005,16k,16384,1000,9,16384,1000,12117,0.73956299,0.10233423,16384,17383
ctx016k_req005,16k,16384,1000,10,16384,1000,13446,0.82067871,0.10338507,16384,17383
ctx016k_req005,16k,16384,1000,11,16384,1000,15097,0.92144775,0.10274115,16384,17383
ctx016k_req005,16k,16384,1000,12,16384,1000,15172,0.92602539,0.10138153,16384,17383
ctx016k_req005,16k,16384,1000,13,16384,1000,12235,0.74676514,0.09944202,16384,17383
ctx016k_req005,16k,16384,1000,14,16384,1000,10613,0.64776611,0.10303424,16384,17383
ctx016k_req005,16k,16384,1000,15,16384,1000,12331,0.75262451,0.10361218,16384,17383
ctx016k_req005,16k,16384,1000,16,16384,1000,12784,0.78027344,0.10087360,16384,17383
ctx016k_req005,16k,16384,1000,17,16384,1000,16021,0.97784424,0.10548999,16384,17383
ctx016k_req005,16k,16384,1000,18,16384,1000,11122,0.67883301,0.09893738,16384,17383
ctx016k_req005,16k,16384,1000,19,16384,1000,13484,0.82299805,0.10165131,16384,17383
ctx016k_req005,16k,16384,1000,20,16384,1000,14630,0.89294434,0.10544818,16384,17383
ctx016k_req005,16k,16384,1000,21,16384,1000,13534,0.82604980,0.10523761,16384,17383
ctx016k_req005,16k,16384,1000,22,16384,1000,10658,0.65051270,0.10274304,16384,17383
ctx016k_req005,16k,16384,1000,23,16384,1000,10533,0.64288330,0.10394379,16384,17383
ctx016k_req005,16k,16384,1000,24,16384,1000,13049,0.79644775,0.10742200,16384,17383
ctx016k_req005,16k,16384,1000,25,16384,1000,10848,0.66210938,0.10340997,16384,17383
ctx016k_req005,16k,16384,1000,26,16384,1000,13567,0.82806396,0.10740149,16384,17383
ctx016k_req005,16k,16384,1000,27,16384,1000,13575,0.82855225,0.10908002,16384,17383
ctx016k_req005,16k,16384,1000,28,16384,1000,13127,0.80120850,0.10522479,16384,17383
ctx016k_req005,16k,16384,1000,29,16384,1000,14297,0.87261963,0.10534906,16384,17383
ctx016k_req005,16k,16384,1000,30,16384,1000,13276,0.81030273,0.10422339,16384,17383
ctx016k_req005,16k,16384,1000,31,16384,1000,12635,0.77117920,0.10578479,16384,17383
ctx016k_req005,16k,16384,1000,32,16384,1000,12427,0.75848389,0.10510791,16384,17383
ctx016k_req005,16k,16384,1000,33,16384,1000,13959,0.85198975,0.10539575,16384,17383
ctx016k_req005,16k,16384,1000,34,16384,1000,10088,0.61572266,0.10419763,16384,17383
ctx016k_req005,16k,16384,1000,35,16384,1000,12672,0.77343750,0.10469983,16384,17383
ctx016k_req005,16k,16384,1000,36,16384,1000,12925,0.78887939,0.10409320,16384,17383
ctx016k_req005,16k,16384,1000,37,16384,1000,11088,0.67675781,0.10152637,16384,17383
ctx016k_req005,16k,16384,1000,38,16384,1000,13575,0.82855225,0.10236176,16384,17383
ctx016k_req005,16k,16384,1000,39,16384,1000,14462,0.88269043,0.10282373,16384,17383
ctx016k_req005,16k,16384,1000,40,16384,1000,13003,0.79364014,0.10416534,16384,17383
ctx016k_req005,16k,16384,1000,41,16384,1000,11019,0.67254639,0.10117987,16384,17383
ctx016k_req005,16k,16384,1000,42,16384,1000,12260,0.74829102,0.10348010,16384,17383
ctx016k_req005,16k,16384,1000,43,16384,1000,13566,0.82800293,0.10512567,16384,17383
ctx016k_req005,16k,16384,1000,44,16384,1000,12801,0.78131104,0.09997455,16384,17383
ctx016k_req005,16k,16384,1000,45,16384,1000,13831,0.84417725,0.10267072,16384,17383
ctx016k_req005,16k,16384,1000,46,16384,1000,13245,0.80841064,0.10456299,16384,17383
ctx016k_req005,16k,16384,1000,47,16384,1000,10102,0.61657715,0.10088916,16384,17383
ctx016k_req005,16k,16384,1000,48,16384,1000,11414,0.69665527,0.10317316,16384,17383
ctx016k_req005,16k,16384,1000,49,16384,1000,14249,0.86968994,0.10151147,16384,17383
ctx016k_req005,16k,16384,1000,50,16384,1000,11532,0.70385742,0.10340839,16384,17383
ctx016k_req005,16k,16384,1000,51,16384,1000,12837,0.78350830,0.10167059,16384,17383
ctx016k_req005,16k,16384,1000,52,16384,1000,13263,0.80950928,0.10111761,16384,17383
ctx016k_req005,16k,16384,1000,53,16384,1000,12427,0.75848389,0.10015826,16384,17383
ctx016k_req005,16k,16384,1000,54,16384,1000,11426,0.69738770,0.10159662,16384,17383
ctx016k_req005,16k,16384,1000,55,16384,1000,13895,0.84808350,0.10245215,16384,17383
ctx016k_req005,16k,16384,1000,56,16384,1000,13201,0.80572510,0.09954688,16384,17383
ctx016k_req005,16k,16384,1000,57,16384,1000,12127,0.74017334,0.10107953,16384,17383
ctx016k_req005,16k,16384,1000,58,16384,1000,11874,0.72473145,0.10092590,16384,17383
ctx016k_req005,16k,16384,1000,59,16384,1000,13215,0.80657959,0.10295587,16384,17383
ctx016k_req005,16k,16384,1000,60,16384,1000,10934,0.66735840,0.09744604,16384,17383
ctx016k_req006,16k,16384,1000,0,16384,1000,5508,0.33618164,0.12092523,16384,17383
ctx016k_req006,16k,16384,1000,1,16384,1000,11120,0.67871094,0.10471942,16384,17383
ctx016k_req006,16k,16384,1000,2,16384,1000,9580,0.58471680,0.09879968,16384,17383
ctx016k_req006,16k,16384,1000,3,16384,1000,6330,0.38635254,0.10868048,16384,17383
ctx016k_req006,16k,16384,1000,4,16384,1000,13845,0.84503174,0.10855530,16384,17383
ctx016k_req006,16k,16384,1000,5,16384,1000,7291,0.44500732,0.10169299,16384,17383
ctx016k_req006,16k,16384,1000,6,16384,1000,15208,0.92822266,0.09986591,16384,17383
ctx016k_req006,16k,16384,1000,7,16384,1000,13502,0.82409668,0.09855353,16384,17383
ctx016k_req006,16k,16384,1000,8,16384,1000,14030,0.85632324,0.09749927,16384,17383
ctx016k_req006,16k,16384,1000,9,16384,1000,12030,0.73425293,0.10304437,16384,17383
ctx016k_req006,16k,16384,1000,10,16384,1000,13273,0.81011963,0.10340045,16384,17383
ctx016k_req006,16k,16384,1000,11,16384,1000,14849,0.90631104,0.10421320,16384,17383
ctx016k_req006,16k,16384,1000,12,16384,1000,14982,0.91442871,0.10205402,16384,17383
ctx016k_req006,16k,16384,1000,13,16384,1000,11927,0.72796631,0.10131879,16384,17383
ctx016k_req006,16k,16384,1000,14,16384,1000,10274,0.62707520,0.10559058,16384,17383
ctx016k_req006,16k,16384,1000,15,16384,1000,12031,0.73431396,0.10552020,16384,17383
ctx016k_req006,16k,16384,1000,16,16384,1000,12858,0.78479004,0.10236987,16384,17383
ctx016k_req006,16k,16384,1000,17,16384,1000,15957,0.97393799,0.10741132,16384,17383
ctx016k_req006,16k,16384,1000,18,16384,1000,11037,0.67364502,0.09978845,16384,17383
ctx016k_req006,16k,16384,1000,19,16384,1000,12957,0.79083252,0.10350763,16384,17383
ctx016k_req006,16k,16384,1000,20,16384,1000,13857,0.84576416,0.10600012,16384,17383
ctx016k_req006,16k,16384,1000,21,16384,1000,13325,0.81329346,0.10607971,16384,17383
ctx016k_req006,16k,16384,1000,22,16384,1000,10770,0.65734863,0.10292267,16384,17383
ctx016k_req006,16k,16384,1000,23,16384,1000,10647,0.64984131,0.10323615,16384,17383
ctx016k_req006,16k,16384,1000,24,16384,1000,12580,0.76782227,0.10842023,16384,17383
ctx016k_req006,16k,16384,1000,25,16384,1000,10629,0.64874268,0.10377441,16384,17383
ctx016k_req006,16k,16384,1000,26,16384,1000,13726,0.83776855,0.10756567,16384,17383
ctx016k_req006,16k,16384,1000,27,16384,1000,13326,0.81335449,0.10896075,16384,17383
ctx016k_req006,16k,16384,1000,28,16384,1000,12697,0.77496338,0.10532458,16384,17383
ctx016k_req006,16k,16384,1000,29,16384,1000,13920,0.84960938,0.10594293,16384,17383
ctx016k_req006,16k,16384,1000,30,16384,1000,12966,0.79138184,0.10527570,16384,17383
ctx016k_req006,16k,16384,1000,31,16384,1000,12478,0.76159668,0.10623407,16384,17383
ctx016k_req006,16k,16384,1000,32,16384,1000,12689,0.77447510,0.10561151,16384,17383
ctx016k_req006,16k,16384,1000,33,16384,1000,13651,0.83319092,0.10695172,16384,17383
ctx016k_req006,16k,16384,1000,34,16384,1000,10099,0.61639404,0.10599097,16384,17383
ctx016k_req006,16k,16384,1000,35,16384,1000,12597,0.76885986,0.10651636,16384,17383
ctx016k_req006,16k,16384,1000,36,16384,1000,12328,0.75244141,0.10460168,16384,17383
ctx016k_req006,16k,16384,1000,37,16384,1000,11364,0.69360352,0.10321997,16384,17383
ctx016k_req006,16k,16384,1000,38,16384,1000,13873,0.84674072,0.10519867,16384,17383
ctx016k_req006,16k,16384,1000,39,16384,1000,14317,0.87384033,0.10422064,16384,17383
ctx016k_req006,16k,16384,1000,40,16384,1000,12668,0.77319336,0.10554279,16384,17383
ctx016k_req006,16k,16384,1000,41,16384,1000,10937,0.66754150,0.10290448,16384,17383
ctx016k_req006,16k,16384,1000,42,16384,1000,11638,0.71032715,0.10464734,16384,17383
ctx016k_req006,16k,16384,1000,43,16384,1000,13180,0.80444336,0.10673993,16384,17383
ctx016k_req006,16k,16384,1000,44,16384,1000,12637,0.77130127,0.10082147,16384,17383
ctx016k_req006,16k,16384,1000,45,16384,1000,13873,0.84674072,0.10356049,16384,17383
ctx016k_req006,16k,16384,1000,46,16384,1000,13136,0.80175781,0.10730310,16384,17383
ctx016k_req006,16k,16384,1000,47,16384,1000,10013,0.61114502,0.10260394,16384,17383
ctx016k_req006,16k,16384,1000,48,16384,1000,11441,0.69830322,0.10519287,16384,17383
ctx016k_req006,16k,16384,1000,49,16384,1000,13855,0.84564209,0.10224255,16384,17383
ctx016k_req006,16k,16384,1000,50,16384,1000,11518,0.70300293,0.10506744,16384,17383
ctx016k_req006,16k,16384,1000,51,16384,1000,12842,0.78381348,0.10452753,16384,17383
ctx016k_req006,16k,16384,1000,52,16384,1000,12634,0.77111816,0.10163232,16384,17383
ctx016k_req006,16k,16384,1000,53,16384,1000,11941,0.72882080,0.10104791,16384,17383
ctx016k_req006,16k,16384,1000,54,16384,1000,11311,0.69036865,0.10210602,16384,17383
ctx016k_req006,16k,16384,1000,55,16384,1000,13796,0.84204102,0.10339691,16384,17383
ctx016k_req006,16k,16384,1000,56,16384,1000,12732,0.77709961,0.10049768,16384,17383
ctx016k_req006,16k,16384,1000,57,16384,1000,12082,0.73742676,0.10309619,16384,17383
ctx016k_req006,16k,16384,1000,58,16384,1000,11646,0.71081543,0.10170624,16384,17383
ctx016k_req006,16k,16384,1000,59,16384,1000,13155,0.80291748,0.10432812,16384,17383
ctx016k_req006,16k,16384,1000,60,16384,1000,10872,0.66357422,0.09840106,16384,17383
ctx016k_req007,16k,16384,1000,0,16384,1000,5583,0.34075928,0.12101495,16384,17383
ctx016k_req007,16k,16384,1000,1,16384,1000,11090,0.67687988,0.10606323,16384,17383
ctx016k_req007,16k,16384,1000,2,16384,1000,9507,0.58026123,0.10068268,16384,17383
ctx016k_req007,16k,16384,1000,3,16384,1000,5756,0.35131836,0.11002985,16384,17383
ctx016k_req007,16k,16384,1000,4,16384,1000,13733,0.83819580,0.10780200,16384,17383
ctx016k_req007,16k,16384,1000,5,16384,1000,7537,0.46002197,0.10199127,16384,17383
ctx016k_req007,16k,16384,1000,6,16384,1000,15346,0.93664551,0.10097516,16384,17383
ctx016k_req007,16k,16384,1000,7,16384,1000,14216,0.86767578,0.10026459,16384,17383
ctx016k_req007,16k,16384,1000,8,16384,1000,14145,0.86334229,0.09824994,16384,17383
ctx016k_req007,16k,16384,1000,9,16384,1000,11888,0.72558594,0.10301898,16384,17383
ctx016k_req007,16k,16384,1000,10,16384,1000,13846,0.84509277,0.10359247,16384,17383
ctx016k_req007,16k,16384,1000,11,16384,1000,15059,0.91912842,0.10491614,16384,17383
ctx016k_req007,16k,16384,1000,12,16384,1000,15153,0.92486572,0.10308624,16384,17383
ctx016k_req007,16k,16384,1000,13,16384,1000,11887,0.72552490,0.10172217,16384,17383
ctx016k_req007,16k,16384,1000,14,16384,1000,10281,0.62750244,0.10555664,16384,17383
ctx016k_req007,16k,16384,1000,15,16384,1000,12282,0.74963379,0.10649377,16384,17383
ctx016k_req007,16k,16384,1000,16,16384,1000,13060,0.79711914,0.10250824,16384,17383
ctx016k_req007,16k,16384,1000,17,16384,1000,15726,0.95983887,0.10648993,16384,17383
ctx016k_req007,16k,16384,1000,18,16384,1000,11065,0.67535400,0.10132007,16384,17383
ctx016k_req007,16k,16384,1000,19,16384,1000,13038,0.79577637,0.10381750,16384,17383
ctx016k_req007,16k,16384,1000,20,16384,1000,13676,0.83471680,0.10577533,16384,17383
ctx016k_req007,16k,16384,1000,21,16384,1000,13153,0.80279541,0.10577368,16384,17383
ctx016k_req007,16k,16384,1000,22,16384,1000,10891,0.66473389,0.10263080,16384,17383
ctx016k_req007,16k,16384,1000,23,16384,1000,10537,0.64312744,0.10192651,16384,17383
ctx016k_req007,16k,16384,1000,24,16384,1000,11507,0.70233154,0.10513281,16384,17383
ctx016k_req007,16k,16384,1000,25,16384,1000,10505,0.64117432,0.10340912,16384,17383
ctx016k_req007,16k,16384,1000,26,16384,1000,13208,0.80615234,0.10591992,16384,17383
ctx016k_req007,16k,16384,1000,27,16384,1000,13227,0.80731201,0.10745959,16384,17383
ctx016k_req007,16k,16384,1000,28,16384,1000,12102,0.73864746,0.10528955,16384,17383
ctx016k_req007,16k,16384,1000,29,16384,1000,13951,0.85150146,0.10516028,16384,17383
ctx016k_req007,16k,16384,1000,30,16384,1000,13400,0.81787109,0.10498901,16384,17383
ctx016k_req007,16k,16384,1000,31,16384,1000,12015,0.73333740,0.10533246,16384,17383
ctx016k_req007,16k,16384,1000,32,16384,1000,12301,0.75079346,0.10483209,16384,17383
ctx016k_req007,16k,16384,1000,33,16384,1000,13292,0.81127930,0.10497461,16384,17383
ctx016k_req007,16k,16384,1000,34,16384,1000,10022,0.61169434,0.10339722,16384,17383
ctx016k_req007,16k,16384,1000,35,16384,1000,12499,0.76287842,0.10468176,16384,17383
ctx016k_req007,16k,16384,1000,36,16384,1000,12603,0.76922607,0.10425739,16384,17383
ctx016k_req007,16k,16384,1000,37,16384,1000,11703,0.71429443,0.10183282,16384,17383
ctx016k_req007,16k,16384,1000,38,16384,1000,13733,0.83819580,0.10490924,16384,17383
ctx016k_req007,16k,16384,1000,39,16384,1000,13778,0.84094238,0.10415430,16384,17383
ctx016k_req007,16k,16384,1000,40,16384,1000,12687,0.77435303,0.10491406,16384,17383
ctx016k_req007,16k,16384,1000,41,16384,1000,10540,0.64331055,0.10235925,16384,17383
ctx016k_req007,16k,16384,1000,42,16384,1000,11576,0.70654297,0.10307214,16384,17383
ctx016k_req007,16k,16384,1000,43,16384,1000,13055,0.79681396,0.10594037,16384,17383
ctx016k_req007,16k,16384,1000,44,16384,1000,13160,0.80322266,0.10043481,16384,17383
ctx016k_req007,16k,16384,1000,45,16384,1000,14192,0.86621094,0.10217902,16384,17383
ctx016k_req007,16k,16384,1000,46,16384,1000,12840,0.78369141,0.10579651,16384,17383
ctx016k_req007,16k,16384,1000,47,16384,1000,9724,0.59350586,0.10252679,16384,17383
ctx016k_req007,16k,16384,1000,48,16384,1000,11133,0.67950439,0.10312073,16384,17383
ctx016k_req007,16k,16384,1000,49,16384,1000,13511,0.82464600,0.10126624,16384,17383
ctx016k_req007,16k,16384,1000,50,16384,1000,10870,0.66345215,0.10314160,16384,17383
ctx016k_req007,16k,16384,1000,51,16384,1000,12501,0.76300049,0.10296069,16384,17383
ctx016k_req007,16k,16384,1000,52,16384,1000,12473,0.76129150,0.10138837,16384,17383
ctx016k_req007,16k,16384,1000,53,16384,1000,12336,0.75292969,0.09980402,16384,17383
ctx016k_req007,16k,16384,1000,54,16384,1000,10920,0.66650391,0.10083539,16384,17383
ctx016k_req007,16k,16384,1000,55,16384,1000,13083,0.79852295,0.10192761,16384,17383
ctx016k_req007,16k,16384,1000,56,16384,1000,12669,0.77325439,0.10046082,16384,17383
ctx016k_req007,16k,16384,1000,57,16384,1000,11450,0.69885254,0.10225775,16384,17383
ctx016k_req007,16k,16384,1000,58,16384,1000,11457,0.69927979,0.10136560,16384,17383
ctx016k_req007,16k,16384,1000,59,16384,1000,12974,0.79187012,0.10292389,16384,17383
ctx016k_req007,16k,16384,1000,60,16384,1000,10393,0.63433838,0.09965979,16384,17383
ctx016k_req008,16k,16384,1000,0,16384,1000,5742,0.35046387,0.12097540,16384,17383
ctx016k_req008,16k,16384,1000,1,16384,1000,10915,0.66619873,0.10621454,16384,17383
ctx016k_req008,16k,16384,1000,2,16384,1000,10242,0.62512207,0.10110388,16384,17383
ctx016k_req008,16k,16384,1000,3,16384,1000,6110,0.37292480,0.10913220,16384,17383
ctx016k_req008,16k,16384,1000,4,16384,1000,13853,0.84552002,0.10505658,16384,17383
ctx016k_req008,16k,16384,1000,5,16384,1000,7420,0.45288086,0.10103302,16384,17383
ctx016k_req008,16k,16384,1000,6,16384,1000,15404,0.94018555,0.10139429,16384,17383
ctx016k_req008,16k,16384,1000,7,16384,1000,14072,0.85888672,0.09953314,16384,17383
ctx016k_req008,16k,16384,1000,8,16384,1000,14474,0.88342285,0.09750458,16384,17383
ctx016k_req008,16k,16384,1000,9,16384,1000,11214,0.68444824,0.10202899,16384,17383
ctx016k_req008,16k,16384,1000,10,16384,1000,13513,0.82476807,0.10222675,16384,17383
ctx016k_req008,16k,16384,1000,11,16384,1000,14610,0.89172363,0.10501147,16384,17383
ctx016k_req008,16k,16384,1000,12,16384,1000,15234,0.92980957,0.10290845,16384,17383
ctx016k_req008,16k,16384,1000,13,16384,1000,12268,0.74877930,0.10053223,16384,17383
ctx016k_req008,16k,16384,1000,14,16384,1000,10347,0.63153076,0.10308917,16384,17383
ctx016k_req008,16k,16384,1000,15,16384,1000,12001,0.73248291,0.10378729,16384,17383
ctx016k_req008,16k,16384,1000,16,16384,1000,11702,0.71423340,0.10124017,16384,17383
ctx016k_req008,16k,16384,1000,17,16384,1000,15905,0.97076416,0.10638123,16384,17383
ctx016k_req008,16k,16384,1000,18,16384,1000,11568,0.70605469,0.10045117,16384,17383
ctx016k_req008,16k,16384,1000,19,16384,1000,12808,0.78173828,0.10195325,16384,17383
ctx016k_req008,16k,16384,1000,20,16384,1000,13625,0.83160400,0.10357947,16384,17383
ctx016k_req008,16k,16384,1000,21,16384,1000,12509,0.76348877,0.10417529,16384,17383
ctx016k_req008,16k,16384,1000,22,16384,1000,9938,0.60656738,0.10063727,16384,17383
ctx016k_req008,16k,16384,1000,23,16384,1000,9957,0.60772705,0.09977942,16384,17383
ctx016k_req008,16k,16384,1000,24,16384,1000,12125,0.74005127,0.10149561,16384,17383
ctx016k_req008,16k,16384,1000,25,16384,1000,10936,0.66748047,0.09960425,16384,17383
ctx016k_req008,16k,16384,1000,26,16384,1000,13177,0.80426025,0.10337292,16384,17383
ctx016k_req008,16k,16384,1000,27,16384,1000,12908,0.78784180,0.10463403,16384,17383
ctx016k_req008,16k,16384,1000,28,16384,1000,12600,0.76904297,0.10204950,16384,17383
ctx016k_req008,16k,16384,1000,29,16384,1000,13938,0.85070801,0.10280029,16384,17383
ctx016k_req008,16k,16384,1000,30,16384,1000,13117,0.80059814,0.10138617,16384,17383
ctx016k_req008,16k,16384,1000,31,16384,1000,12210,0.74523926,0.10150867,16384,17383
ctx016k_req008,16k,16384,1000,32,16384,1000,12178,0.74328613,0.10147284,16384,17383
ctx016k_req008,16k,16384,1000,33,16384,1000,13398,0.81774902,0.10141083,16384,17383
ctx016k_req008,16k,16384,1000,34,16384,1000,9824,0.59960938,0.10005304,16384,17383
ctx016k_req008,16k,16384,1000,35,16384,1000,12280,0.74951172,0.10098297,16384,17383
ctx016k_req008,16k,16384,1000,36,16384,1000,12585,0.76812744,0.10163013,16384,17383
ctx016k_req008,16k,16384,1000,37,16384,1000,11454,0.69909668,0.09962183,16384,17383
ctx016k_req008,16k,16384,1000,38,16384,1000,13980,0.85327148,0.10290857,16384,17383
ctx016k_req008,16k,16384,1000,39,16384,1000,14150,0.86364746,0.10236572,16384,17383
ctx016k_req008,16k,16384,1000,40,16384,1000,12662,0.77282715,0.10180292,16384,17383
ctx016k_req008,16k,16384,1000,41,16384,1000,11209,0.68414307,0.09954907,16384,17383
ctx016k_req008,16k,16384,1000,42,16384,1000,11899,0.72625732,0.10119849,16384,17383
ctx016k_req008,16k,16384,1000,43,16384,1000,13077,0.79815674,0.10408087,16384,17383
ctx016k_req008,16k,16384,1000,44,16384,1000,12765,0.77911377,0.09915039,16384,17383
ctx016k_req008,16k,16384,1000,45,16384,1000,14010,0.85510254,0.10054840,16384,17383
ctx016k_req008,16k,16384,1000,46,16384,1000,13216,0.80664062,0.10278284,16384,17383
ctx016k_req008,16k,16384,1000,47,16384,1000,9655,0.58929443,0.09882617,16384,17383
ctx016k_req008,16k,16384,1000,48,16384,1000,11382,0.69470215,0.10015283,16384,17383
ctx016k_req008,16k,16384,1000,49,16384,1000,13428,0.81958008,0.09941302,16384,17383
ctx016k_req008,16k,16384,1000,50,16384,1000,11325,0.69122314,0.10037091,16384,17383
ctx016k_req008,16k,16384,1000,51,16384,1000,12261,0.74835205,0.09952771,16384,17383
ctx016k_req008,16k,16384,1000,52,16384,1000,12717,0.77618408,0.09869440,16384,17383
ctx016k_req008,16k,16384,1000,53,16384,1000,11722,0.71545410,0.09817206,16384,17383
ctx016k_req008,16k,16384,1000,54,16384,1000,10550,0.64392090,0.09858893,16384,17383
ctx016k_req008,16k,16384,1000,55,16384,1000,13261,0.80938721,0.09933746,16384,17383
ctx016k_req008,16k,16384,1000,56,16384,1000,12570,0.76721191,0.09837750,16384,17383
ctx016k_req008,16k,16384,1000,57,16384,1000,11627,0.70965576,0.09913940,16384,17383
ctx016k_req008,16k,16384,1000,58,16384,1000,11553,0.70513916,0.09989264,16384,17383
ctx016k_req008,16k,16384,1000,59,16384,1000,12844,0.78393555,0.10126312,16384,17383
ctx016k_req008,16k,16384,1000,60,16384,1000,10178,0.62121582,0.09768945,16384,17383
ctx016k_req009,16k,16384,1000,0,16384,1000,5579,0.34051514,0.12011481,16384,17383
ctx016k_req009,16k,16384,1000,1,16384,1000,10733,0.65509033,0.10519965,16384,17383
ctx016k_req009,16k,16384,1000,2,16384,1000,9621,0.58721924,0.09885132,16384,17383
ctx016k_req009,16k,16384,1000,3,16384,1000,6138,0.37463379,0.10871753,16384,17383
ctx016k_req009,16k,16384,1000,4,16384,1000,13771,0.84051514,0.10706378,16384,17383
ctx016k_req009,16k,16384,1000,5,16384,1000,7390,0.45104980,0.10031659,16384,17383
ctx016k_req009,16k,16384,1000,6,16384,1000,15254,0.93103027,0.09988019,16384,17383
ctx016k_req009,16k,16384,1000,7,16384,1000,13959,0.85198975,0.09825104,16384,17383
ctx016k_req009,16k,16384,1000,8,16384,1000,14059,0.85809326,0.09694147,16384,17383
ctx016k_req009,16k,16384,1000,9,16384,1000,11438,0.69812012,0.10110052,16384,17383
ctx016k_req009,16k,16384,1000,10,16384,1000,12989,0.79278564,0.10133209,16384,17383
ctx016k_req009,16k,16384,1000,11,16384,1000,14840,0.90576172,0.10357355,16384,17383
ctx016k_req009,16k,16384,1000,12,16384,1000,14830,0.90515137,0.10198077,16384,17383
ctx016k_req009,16k,16384,1000,13,16384,1000,11623,0.70941162,0.10041101,16384,17383
ctx016k_req009,16k,16384,1000,14,16384,1000,10515,0.64178467,0.10367401,16384,17383
ctx016k_req009,16k,16384,1000,15,16384,1000,12251,0.74774170,0.10476746,16384,17383
ctx016k_req009,16k,16384,1000,16,16384,1000,12352,0.75390625,0.10213446,16384,17383
ctx016k_req009,16k,16384,1000,17,16384,1000,15927,0.97210693,0.10557184,16384,17383
ctx016k_req009,16k,16384,1000,18,16384,1000,11078,0.67614746,0.10065656,16384,17383
ctx016k_req009,16k,16384,1000,19,16384,1000,13721,0.83746338,0.10366296,16384,17383
ctx016k_req009,16k,16384,1000,20,16384,1000,14322,0.87414551,0.10587897,16384,17383
ctx016k_req009,16k,16384,1000,21,16384,1000,13714,0.83703613,0.10766846,16384,17383
ctx016k_req009,16k,16384,1000,22,16384,1000,10449,0.63775635,0.10367841,16384,17383
ctx016k_req009,16k,16384,1000,23,16384,1000,10681,0.65191650,0.10439136,16384,17383
ctx016k_req009,16k,16384,1000,24,16384,1000,12951,0.79046631,0.10773975,16384,17383
ctx016k_req009,16k,16384,1000,25,16384,1000,10978,0.67004395,0.10435577,16384,17383
ctx016k_req009,16k,16384,1000,26,16384,1000,13920,0.84960938,0.10852411,16384,17383
ctx016k_req009,16k,16384,1000,27,16384,1000,13354,0.81506348,0.10999109,16384,17383
ctx016k_req009,16k,16384,1000,28,16384,1000,13140,0.80200195,0.10717468,16384,17383
ctx016k_req009,16k,16384,1000,29,16384,1000,14546,0.88781738,0.10809045,16384,17383
ctx016k_req009,16k,16384,1000,30,16384,1000,13543,0.82659912,0.10698688,16384,17383
ctx016k_req009,16k,16384,1000,31,16384,1000,12825,0.78277588,0.10708112,16384,17383
ctx016k_req009,16k,16384,1000,32,16384,1000,12829,0.78302002,0.10682782,16384,17383
ctx016k_req009,16k,16384,1000,33,16384,1000,14097,0.86041260,0.10789874,16384,17383
ctx016k_req009,16k,16384,1000,34,16384,1000,10563,0.64471436,0.10622974,16384,17383
ctx016k_req009,16k,16384,1000,35,16384,1000,12669,0.77325439,0.10713684,16384,17383
ctx016k_req009,16k,16384,1000,36,16384,1000,13034,0.79553223,0.10556146,16384,17383
ctx016k_req009,16k,16384,1000,37,16384,1000,11888,0.72558594,0.10496655,16384,17383
ctx016k_req009,16k,16384,1000,38,16384,1000,14410,0.87951660,0.10776270,16384,17383
ctx016k_req009,16k,16384,1000,39,16384,1000,14605,0.89141846,0.10641907,16384,17383
ctx016k_req009,16k,16384,1000,40,16384,1000,12738,0.77746582,0.10637018,16384,17383
ctx016k_req009,16k,16384,1000,41,16384,1000,11300,0.68969727,0.10520111,16384,17383
ctx016k_req009,16k,16384,1000,42,16384,1000,12239,0.74700928,0.10574127,16384,17383
ctx016k_req009,16k,16384,1000,43,16384,1000,13531,0.82586670,0.10806281,16384,17383
ctx016k_req009,16k,16384,1000,44,16384,1000,13010,0.79406738,0.10219220,16384,17383
ctx016k_req009,16k,16384,1000,45,16384,1000,14205,0.86700439,0.10594995,16384,17383
ctx016k_req009,16k,16384,1000,46,16384,1000,13437,0.82012939,0.10872223,16384,17383
ctx016k_req009,16k,16384,1000,47,16384,1000,10473,0.63922119,0.10601141,16384,17383
ctx016k_req009,16k,16384,1000,48,16384,1000,11829,0.72198486,0.10679895,16384,17383
ctx016k_req009,16k,16384,1000,49,16384,1000,14107,0.86102295,0.10435266,16384,17383
ctx016k_req009,16k,16384,1000,50,16384,1000,11832,0.72216797,0.10667212,16384,17383
ctx016k_req009,16k,16384,1000,51,16384,1000,13274,0.81018066,0.10663568,16384,17383
ctx016k_req009,16k,16384,1000,52,16384,1000,13421,0.81915283,0.10291663,16384,17383
ctx016k_req009,16k,16384,1000,53,16384,1000,12369,0.75494385,0.10190778,16384,17383
ctx016k_req009,16k,16384,1000,54,16384,1000,11662,0.71179199,0.10423285,16384,17383
ctx016k_req009,16k,16384,1000,55,16384,1000,14001,0.85455322,0.10584186,16384,17383
ctx016k_req009,16k,16384,1000,56,16384,1000,13279,0.81048584,0.10247321,16384,17383
ctx016k_req009,16k,16384,1000,57,16384,1000,12503,0.76312256,0.10429242,16384,17383
ctx016k_req009,16k,16384,1000,58,16384,1000,12134,0.74060059,0.10250592,16384,17383
ctx016k_req009,16k,16384,1000,59,16384,1000,13405,0.81817627,0.10566772,16384,17383
ctx016k_req009,16k,16384,1000,60,16384,1000,10714,0.65393066,0.09917261,16384,17383
ctx016k_req010,16k,16384,1000,0,16384,1000,5617,0.34283447,0.12163232,16384,17383
ctx016k_req010,16k,16384,1000,1,16384,1000,10974,0.66979980,0.10601941,16384,17383
ctx016k_req010,16k,16384,1000,2,16384,1000,10043,0.61297607,0.10310968,16384,17383
ctx016k_req010,16k,16384,1000,3,16384,1000,6433,0.39263916,0.10927258,16384,17383
ctx016k_req010,16k,16384,1000,4,16384,1000,13115,0.80047607,0.10614703,16384,17383
ctx016k_req010,16k,16384,1000,5,16384,1000,7975,0.48675537,0.10253778,16384,17383
ctx016k_req010,16k,16384,1000,6,16384,1000,15317,0.93487549,0.10142700,16384,17383
ctx016k_req010,16k,16384,1000,7,16384,1000,14342,0.87536621,0.10103107,16384,17383
ctx016k_req010,16k,16384,1000,8,16384,1000,13631,0.83197021,0.09839386,16384,17383
ctx016k_req010,16k,16384,1000,9,16384,1000,10738,0.65539551,0.10359161,16384,17383
ctx016k_req010,16k,16384,1000,10,16384,1000,13314,0.81262207,0.10262543,16384,17383
ctx016k_req010,16k,16384,1000,11,16384,1000,14895,0.90911865,0.10550342,16384,17383
ctx016k_req010,16k,16384,1000,12,16384,1000,14812,0.90405273,0.10373785,16384,17383
ctx016k_req010,16k,16384,1000,13,16384,1000,11118,0.67858887,0.10217395,16384,17383
ctx016k_req010,16k,16384,1000,14,16384,1000,10224,0.62402344,0.10480951,16384,17383
ctx016k_req010,16k,16384,1000,15,16384,1000,11246,0.68640137,0.10539502,16384,17383
ctx016k_req010,16k,16384,1000,16,16384,1000,11701,0.71417236,0.10226837,16384,17383
ctx016k_req010,16k,16384,1000,17,16384,1000,15702,0.95837402,0.10559253,16384,17383
ctx016k_req010,16k,16384,1000,18,16384,1000,10284,0.62768555,0.10211829,16384,17383
ctx016k_req010,16k,16384,1000,19,16384,1000,13023,0.79486084,0.10450653,16384,17383
ctx016k_req010,16k,16384,1000,20,16384,1000,13755,0.83953857,0.10512134,16384,17383
ctx016k_req010,16k,16384,1000,21,16384,1000,13289,0.81109619,0.10568402,16384,17383
ctx016k_req010,16k,16384,1000,22,16384,1000,10038,0.61267090,0.10237915,16384,17383
ctx016k_req010,16k,16384,1000,23,16384,1000,10312,0.62939453,0.10293646,16384,17383
ctx016k_req010,16k,16384,1000,24,16384,1000,11762,0.71789551,0.10654822,16384,17383
ctx016k_req010,16k,16384,1000,25,16384,1000,10501,0.64093018,0.10382605,16384,17383
ctx016k_req010,16k,16384,1000,26,16384,1000,13075,0.79803467,0.10672162,16384,17383
ctx016k_req010,16k,16384,1000,27,16384,1000,13275,0.81024170,0.10797241,16384,17383
ctx016k_req010,16k,16384,1000,28,16384,1000,12378,0.75549316,0.10669897,16384,17383
ctx016k_req010,16k,16384,1000,29,16384,1000,13783,0.84124756,0.10675299,16384,17383
ctx016k_req010,16k,16384,1000,30,16384,1000,13371,0.81610107,0.10647797,16384,17383
ctx016k_req010,16k,16384,1000,31,16384,1000,12497,0.76275635,0.10658398,16384,17383
ctx016k_req010,16k,16384,1000,32,16384,1000,12523,0.76434326,0.10717517,16384,17383
ctx016k_req010,16k,16384,1000,33,16384,1000,13663,0.83392334,0.10713885,16384,17383
ctx016k_req010,16k,16384,1000,34,16384,1000,10547,0.64373779,0.10600659,16384,17383
ctx016k_req010,16k,16384,1000,35,16384,1000,12685,0.77423096,0.10691412,16384,17383
ctx016k_req010,16k,16384,1000,36,16384,1000,13044,0.79614258,0.10505542,16384,17383
ctx016k_req010,16k,16384,1000,37,16384,1000,11933,0.72833252,0.10640802,16384,17383
ctx016k_req010,16k,16384,1000,38,16384,1000,14241,0.86920166,0.10815601,16384,17383
ctx016k_req010,16k,16384,1000,39,16384,1000,14486,0.88415527,0.10720740,16384,17383
ctx016k_req010,16k,16384,1000,40,16384,1000,12989,0.79278564,0.10653821,16384,17383
ctx016k_req010,16k,16384,1000,41,16384,1000,11435,0.69793701,0.10656763,16384,17383
ctx016k_req010,16k,16384,1000,42,16384,1000,12673,0.77349854,0.10457452,16384,17383
ctx016k_req010,16k,16384,1000,43,16384,1000,13070,0.79772949,0.10839056,16384,17383
ctx016k_req010,16k,16384,1000,44,16384,1000,13368,0.81591797,0.10262390,16384,17383
ctx016k_req010,16k,16384,1000,45,16384,1000,14349,0.87579346,0.10564655,16384,17383
ctx016k_req010,16k,16384,1000,46,16384,1000,13533,0.82598877,0.10841571,16384,17383
ctx016k_req010,16k,16384,1000,47,16384,1000,10393,0.63433838,0.10623322,16384,17383
ctx016k_req010,16k,16384,1000,48,16384,1000,12505,0.76324463,0.10740424,16384,17383
ctx016k_req010,16k,16384,1000,49,16384,1000,13792,0.84179688,0.10452032,16384,17383
ctx016k_req010,16k,16384,1000,50,16384,1000,11750,0.71716309,0.10745984,16384,17383
ctx016k_req010,16k,16384,1000,51,16384,1000,12988,0.79272461,0.10650983,16384,17383
ctx016k_req010,16k,16384,1000,52,16384,1000,13424,0.81933594,0.10414655,16384,17383
ctx016k_req010,16k,16384,1000,53,16384,1000,11842,0.72277832,0.10239844,16384,17383
ctx016k_req010,16k,16384,1000,54,16384,1000,11190,0.68298340,0.10440149,16384,17383
ctx016k_req010,16k,16384,1000,55,16384,1000,13740,0.83862305,0.10560315,16384,17383
ctx016k_req010,16k,16384,1000,56,16384,1000,13562,0.82775879,0.10371997,16384,17383
ctx016k_req010,16k,16384,1000,57,16384,1000,12632,0.77099609,0.10588440,16384,17383
ctx016k_req010,16k,16384,1000,58,16384,1000,12044,0.73510742,0.10225037,16384,17383
ctx016k_req010,16k,16384,1000,59,16384,1000,13578,0.82873535,0.10565112,16384,17383
ctx016k_req010,16k,16384,1000,60,16384,1000,10907,0.66571045,0.10208588,16384,17383
ctx016k_req011,16k,16384,1000,0,16384,1000,5630,0.34362793,0.12077106,16384,17383
ctx016k_req011,16k,16384,1000,1,16384,1000,11211,0.68426514,0.10523743,16384,17383
ctx016k_req011,16k,16384,1000,2,16384,1000,9493,0.57940674,0.09981195,16384,17383
ctx016k_req011,16k,16384,1000,3,16384,1000,6173,0.37677002,0.11012109,16384,17383
ctx016k_req011,16k,16384,1000,4,16384,1000,13298,0.81164551,0.10843121,16384,17383
ctx016k_req011,16k,16384,1000,5,16384,1000,7762,0.47375488,0.10333490,16384,17383
ctx016k_req011,16k,16384,1000,6,16384,1000,15414,0.94079590,0.10157190,16384,17383
ctx016k_req011,16k,16384,1000,7,16384,1000,14114,0.86145020,0.10108862,16384,17383
ctx016k_req011,16k,16384,1000,8,16384,1000,14114,0.86145020,0.09806012,16384,17383
ctx016k_req011,16k,16384,1000,9,16384,1000,11721,0.71539307,0.10472418,16384,17383
ctx016k_req011,16k,16384,1000,10,16384,1000,13750,0.83923340,0.10469049,16384,17383
ctx016k_req011,16k,16384,1000,11,16384,1000,15171,0.92596436,0.10625482,16384,17383
ctx016k_req011,16k,16384,1000,12,16384,1000,14995,0.91522217,0.10357129,16384,17383
ctx016k_req011,16k,16384,1000,13,16384,1000,11964,0.73022461,0.10202832,16384,17383
ctx016k_req011,16k,16384,1000,14,16384,1000,10980,0.67016602,0.10668945,16384,17383
ctx016k_req011,16k,16384,1000,15,16384,1000,12725,0.77667236,0.10673676,16384,17383
ctx016k_req011,16k,16384,1000,16,16384,1000,13284,0.81079102,0.10442700,16384,17383
ctx016k_req011,16k,16384,1000,17,16384,1000,15914,0.97131348,0.10812903,16384,17383
ctx016k_req011,16k,16384,1000,18,16384,1000,11576,0.70654297,0.10247095,16384,17383
ctx016k_req011,16k,16384,1000,19,16384,1000,13863,0.84613037,0.10678851,16384,17383
ctx016k_req011,16k,16384,1000,20,16384,1000,14473,0.88336182,0.10801233,16384,17383
ctx016k_req011,16k,16384,1000,21,16384,1000,14052,0.85766602,0.10876453,16384,17383
ctx016k_req011,16k,16384,1000,22,16384,1000,11417,0.69683838,0.10559674,16384,17383
ctx016k_req011,16k,16384,1000,23,16384,1000,11388,0.69506836,0.10523962,16384,17383
ctx016k_req011,16k,16384,1000,24,16384,1000,13015,0.79437256,0.10818677,16384,17383
ctx016k_req011,16k,16384,1000,25,16384,1000,11453,0.69903564,0.10439868,16384,17383
ctx016k_req011,16k,16384,1000,26,16384,1000,14200,0.86669922,0.10782123,16384,17383
ctx016k_req011,16k,16384,1000,27,16384,1000,14176,0.86523438,0.10995380,16384,17383
ctx016k_req011,16k,16384,1000,28,16384,1000,13251,0.80877686,0.10715533,16384,17383
ctx016k_req011,16k,16384,1000,29,16384,1000,14511,0.88568115,0.10762939,16384,17383
ctx016k_req011,16k,16384,1000,30,16384,1000,13699,0.83612061,0.10653442,16384,17383
ctx016k_req011,16k,16384,1000,31,16384,1000,13426,0.81945801,0.10669843,16384,17383
ctx016k_req011,16k,16384,1000,32,16384,1000,13261,0.80938721,0.10651233,16384,17383
ctx016k_req011,16k,16384,1000,33,16384,1000,14609,0.89166260,0.10700641,16384,17383
ctx016k_req011,16k,16384,1000,34,16384,1000,11529,0.70367432,0.10611365,16384,17383
ctx016k_req011,16k,16384,1000,35,16384,1000,13564,0.82788086,0.10562482,16384,17383
ctx016k_req011,16k,16384,1000,36,16384,1000,13463,0.82171631,0.10332770,16384,17383
ctx016k_req011,16k,16384,1000,37,16384,1000,12536,0.76513672,0.10219183,16384,17383
ctx016k_req011,16k,16384,1000,38,16384,1000,14047,0.85736084,0.10451013,16384,17383
ctx016k_req011,16k,16384,1000,39,16384,1000,14674,0.89562988,0.10486426,16384,17383
ctx016k_req011,16k,16384,1000,40,16384,1000,13256,0.80908203,0.10390723,16384,17383
ctx016k_req011,16k,16384,1000,41,16384,1000,12125,0.74005127,0.10356873,16384,17383
ctx016k_req011,16k,16384,1000,42,16384,1000,12613,0.76983643,0.10405676,16384,17383
ctx016k_req011,16k,16384,1000,43,16384,1000,13935,0.85052490,0.10709015,16384,17383
ctx016k_req011,16k,16384,1000,44,16384,1000,13054,0.79675293,0.10134576,16384,17383
ctx016k_req011,16k,16384,1000,45,16384,1000,14488,0.88427734,0.10433508,16384,17383
ctx016k_req011,16k,16384,1000,46,16384,1000,13909,0.84893799,0.10773431,16384,17383
ctx016k_req011,16k,16384,1000,47,16384,1000,10750,0.65612793,0.10399414,16384,17383
ctx016k_req011,16k,16384,1000,48,16384,1000,12769,0.77935791,0.10524078,16384,17383
ctx016k_req011,16k,16384,1000,49,16384,1000,14463,0.88275146,0.10289081,16384,17383
ctx016k_req011,16k,16384,1000,50,16384,1000,12627,0.77069092,0.10575433,16384,17383
ctx016k_req011,16k,16384,1000,51,16384,1000,13661,0.83380127,0.10405396,16384,17383
ctx016k_req011,16k,16384,1000,52,16384,1000,13475,0.82244873,0.10147485,16384,17383
ctx016k_req011,16k,16384,1000,53,16384,1000,12441,0.75933838,0.10172546,16384,17383
ctx016k_req011,16k,16384,1000,54,16384,1000,11836,0.72241211,0.10274316,16384,17383
ctx016k_req011,16k,16384,1000,55,16384,1000,14380,0.87768555,0.10406122,16384,17383
ctx016k_req011,16k,16384,1000,56,16384,1000,13762,0.83996582,0.10198090,16384,17383
ctx016k_req011,16k,16384,1000,57,16384,1000,12499,0.76287842,0.10324255,16384,17383
ctx016k_req011,16k,16384,1000,58,16384,1000,12555,0.76629639,0.10254553,16384,17383
ctx016k_req011,16k,16384,1000,59,16384,1000,13694,0.83581543,0.10582971,16384,17383
ctx016k_req011,16k,16384,1000,60,16384,1000,11025,0.67291260,0.09945703,16384,17383
ctx016k_req012,16k,16384,1000,0,16384,1000,5698,0.34777832,0.12070087,16384,17383
ctx016k_req012,16k,16384,1000,1,16384,1000,10723,0.65447998,0.10578522,16384,17383
ctx016k_req012,16k,16384,1000,2,16384,1000,10106,0.61682129,0.09793854,16384,17383
ctx016k_req012,16k,16384,1000,3,16384,1000,6509,0.39727783,0.10779559,16384,17383
ctx016k_req012,16k,16384,1000,4,16384,1000,13585,0.82916260,0.10730273,16384,17383
ctx016k_req012,16k,16384,1000,5,16384,1000,7001,0.42730713,0.10027997,16384,17383
ctx016k_req012,16k,16384,1000,6,16384,1000,15288,0.93310547,0.09979645,16384,17383
ctx016k_req012,16k,16384,1000,7,16384,1000,14152,0.86376953,0.09847485,16384,17383
ctx016k_req012,16k,16384,1000,8,16384,1000,14494,0.88464355,0.09673840,16384,17383
ctx016k_req012,16k,16384,1000,9,16384,1000,11979,0.73114014,0.10356860,16384,17383
ctx016k_req012,16k,16384,1000,10,16384,1000,13526,0.82556152,0.10403424,16384,17383
ctx016k_req012,16k,16384,1000,11,16384,1000,15153,0.92486572,0.10392871,16384,17383
ctx016k_req012,16k,16384,1000,12,16384,1000,14979,0.91424561,0.10208801,16384,17383
ctx016k_req012,16k,16384,1000,13,16384,1000,11886,0.72546387,0.10119342,16384,17383
ctx016k_req012,16k,16384,1000,14,16384,1000,10692,0.65258789,0.10593848,16384,17383
ctx016k_req012,16k,16384,1000,15,16384,1000,12130,0.74035645,0.10638403,16384,17383
ctx016k_req012,16k,16384,1000,16,16384,1000,12963,0.79119873,0.10343860,16384,17383
ctx016k_req012,16k,16384,1000,17,16384,1000,15926,0.97204590,0.10848004,16384,17383
ctx016k_req012,16k,16384,1000,18,16384,1000,11550,0.70495605,0.10162219,16384,17383
ctx016k_req012,16k,16384,1000,19,16384,1000,13668,0.83422852,0.10606738,16384,17383
ctx016k_req012,16k,16384,1000,20,16384,1000,14328,0.87451172,0.10745898,16384,17383
ctx016k_req012,16k,16384,1000,21,16384,1000,13475,0.82244873,0.10911243,16384,17383
ctx016k_req012,16k,16384,1000,22,16384,1000,10974,0.66979980,0.10500208,16384,17383
ctx016k_req012,16k,16384,1000,23,16384,1000,10970,0.66955566,0.10607104,16384,17383
ctx016k_req012,16k,16384,1000,24,16384,1000,13127,0.80120850,0.11068970,16384,17383
ctx016k_req012,16k,16384,1000,25,16384,1000,11066,0.67541504,0.10542639,16384,17383
ctx016k_req012,16k,16384,1000,26,16384,1000,14037,0.85675049,0.10989545,16384,17383
ctx016k_req012,16k,16384,1000,27,16384,1000,13836,0.84448242,0.11139221,16384,17383
ctx016k_req012,16k,16384,1000,28,16384,1000,13420,0.81909180,0.10884338,16384,17383
ctx016k_req012,16k,16384,1000,29,16384,1000,14360,0.87646484,0.10904053,16384,17383
ctx016k_req012,16k,16384,1000,30,16384,1000,13885,0.84747314,0.10801691,16384,17383
ctx016k_req012,16k,16384,1000,31,16384,1000,13238,0.80798340,0.10837280,16384,17383
ctx016k_req012,16k,16384,1000,32,16384,1000,13468,0.82202148,0.10771545,16384,17383
ctx016k_req012,16k,16384,1000,33,16384,1000,14480,0.88378906,0.10939008,16384,17383
ctx016k_req012,16k,16384,1000,34,16384,1000,11157,0.68096924,0.10713354,16384,17383
ctx016k_req012,16k,16384,1000,35,16384,1000,13381,0.81671143,0.10899103,16384,17383
ctx016k_req012,16k,16384,1000,36,16384,1000,13050,0.79650879,0.10676660,16384,17383
ctx016k_req012,16k,16384,1000,37,16384,1000,11794,0.71984863,0.10616406,16384,17383
ctx016k_req012,16k,16384,1000,38,16384,1000,13848,0.84521484,0.10781012,16384,17383
ctx016k_req012,16k,16384,1000,39,16384,1000,14436,0.88110352,0.10721802,16384,17383
ctx016k_req012,16k,16384,1000,40,16384,1000,13224,0.80712891,0.10784570,16384,17383
ctx016k_req012,16k,16384,1000,41,16384,1000,11739,0.71649170,0.10656738,16384,17383
ctx016k_req012,16k,16384,1000,42,16384,1000,12631,0.77093506,0.10667358,16384,17383
ctx016k_req012,16k,16384,1000,43,16384,1000,13539,0.82635498,0.10976959,16384,17383
ctx016k_req012,16k,16384,1000,44,16384,1000,13156,0.80297852,0.10275653,16384,17383
ctx016k_req012,16k,16384,1000,45,16384,1000,14453,0.88214111,0.10661011,16384,17383
ctx016k_req012,16k,16384,1000,46,16384,1000,13669,0.83428955,0.11034882,16384,17383
ctx016k_req012,16k,16384,1000,47,16384,1000,10167,0.62054443,0.10628241,16384,17383
ctx016k_req012,16k,16384,1000,48,16384,1000,12351,0.75384521,0.10888971,16384,17383
ctx016k_req012,16k,16384,1000,49,16384,1000,14161,0.86431885,0.10491681,16384,17383
ctx016k_req012,16k,16384,1000,50,16384,1000,12037,0.73468018,0.10877435,16384,17383
ctx016k_req012,16k,16384,1000,51,16384,1000,13272,0.81005859,0.10726978,16384,17383
ctx016k_req012,16k,16384,1000,52,16384,1000,13697,0.83599854,0.10541693,16384,17383
ctx016k_req012,16k,16384,1000,53,16384,1000,12264,0.74853516,0.10342950,16384,17383
ctx016k_req012,16k,16384,1000,54,16384,1000,11852,0.72338867,0.10673853,16384,17383
ctx016k_req012,16k,16384,1000,55,16384,1000,14006,0.85485840,0.10767950,16384,17383
ctx016k_req012,16k,16384,1000,56,16384,1000,13789,0.84161377,0.10366058,16384,17383
ctx016k_req012,16k,16384,1000,57,16384,1000,12379,0.75555420,0.10659998,16384,17383
ctx016k_req012,16k,16384,1000,58,16384,1000,11812,0.72094727,0.10302637,16384,17383
ctx016k_req012,16k,16384,1000,59,16384,1000,13524,0.82543945,0.10653967,16384,17383
ctx016k_req012,16k,16384,1000,60,16384,1000,11248,0.68652344,0.10040912,16384,17383
ctx016k_req013,16k,16384,1000,0,16384,1000,5462,0.33337402,0.12149097,16384,17383
ctx016k_req013,16k,16384,1000,1,16384,1000,10448,0.63769531,0.10505750,16384,17383
ctx016k_req013,16k,16384,1000,2,16384,1000,9362,0.57141113,0.09821777,16384,17383
ctx016k_req013,16k,16384,1000,3,16384,1000,6186,0.37756348,0.10909552,16384,17383
ctx016k_req013,16k,16384,1000,4,16384,1000,13829,0.84405518,0.10785669,16384,17383
ctx016k_req013,16k,16384,1000,5,16384,1000,6671,0.40716553,0.10109296,16384,17383
ctx016k_req013,16k,16384,1000,6,16384,1000,15237,0.92999268,0.10049225,16384,17383
ctx016k_req013,16k,16384,1000,7,16384,1000,13468,0.82202148,0.09955157,16384,17383
ctx016k_req013,16k,16384,1000,8,16384,1000,14132,0.86254883,0.09840686,16384,17383
ctx016k_req013,16k,16384,1000,9,16384,1000,11530,0.70373535,0.10401385,16384,17383
ctx016k_req013,16k,16384,1000,10,16384,1000,13500,0.82397461,0.10474457,16384,17383
ctx016k_req013,16k,16384,1000,11,16384,1000,14866,0.90734863,0.10423138,16384,17383
ctx016k_req013,16k,16384,1000,12,16384,1000,14982,0.91442871,0.10270874,16384,17383
ctx016k_req013,16k,16384,1000,13,16384,1000,11929,0.72808838,0.10195081,16384,17383
ctx016k_req013,16k,16384,1000,14,16384,1000,10125,0.61798096,0.10542511,16384,17383
ctx016k_req013,16k,16384,1000,15,16384,1000,11505,0.70220947,0.10545343,16384,17383
ctx016k_req013,16k,16384,1000,16,16384,1000,12442,0.75939941,0.10331000,16384,17383
ctx016k_req013,16k,16384,1000,17,16384,1000,15936,0.97265625,0.10743921,16384,17383
ctx016k_req013,16k,16384,1000,18,16384,1000,11031,0.67327881,0.10202783,16384,17383
ctx016k_req013,16k,16384,1000,19,16384,1000,13264,0.80957031,0.10442487,16384,17383
ctx016k_req013,16k,16384,1000,20,16384,1000,14267,0.87078857,0.10700873,16384,17383
ctx016k_req013,16k,16384,1000,21,16384,1000,13267,0.80975342,0.10727704,16384,17383
ctx016k_req013,16k,16384,1000,22,16384,1000,10935,0.66741943,0.10472504,16384,17383
ctx016k_req013,16k,16384,1000,23,16384,1000,10727,0.65472412,0.10466620,16384,17383
ctx016k_req013,16k,16384,1000,24,16384,1000,12178,0.74328613,0.10673615,16384,17383
ctx016k_req013,16k,16384,1000,25,16384,1000,10786,0.65832520,0.10436682,16384,17383
ctx016k_req013,16k,16384,1000,26,16384,1000,13446,0.82067871,0.10692175,16384,17383
ctx016k_req013,16k,16384,1000,27,16384,1000,13109,0.80010986,0.10841949,16384,17383
ctx016k_req013,16k,16384,1000,28,16384,1000,12234,0.74670410,0.10537939,16384,17383
ctx016k_req013,16k,16384,1000,29,16384,1000,13468,0.82202148,0.10621625,16384,17383
ctx016k_req013,16k,16384,1000,30,16384,1000,12603,0.76922607,0.10548987,16384,17383
ctx016k_req013,16k,16384,1000,31,16384,1000,11786,0.71936035,0.10494531,16384,17383
ctx016k_req013,16k,16384,1000,32,16384,1000,11682,0.71301270,0.10504102,16384,17383
ctx016k_req013,16k,16384,1000,33,16384,1000,13184,0.80468750,0.10627112,16384,17383
ctx016k_req013,16k,16384,1000,34,16384,1000,9509,0.58038330,0.10456067,16384,17383
ctx016k_req013,16k,16384,1000,35,16384,1000,11774,0.71862793,0.10444257,16384,17383
ctx016k_req013,16k,16384,1000,36,16384,1000,12316,0.75170898,0.10427533,16384,17383
ctx016k_req013,16k,16384,1000,37,16384,1000,10335,0.63079834,0.10301782,16384,17383
ctx016k_req013,16k,16384,1000,38,16384,1000,12330,0.75256348,0.10476501,16384,17383
ctx016k_req013,16k,16384,1000,39,16384,1000,13338,0.81408691,0.10419513,16384,17383
ctx016k_req013,16k,16384,1000,40,16384,1000,11957,0.72979736,0.10455640,16384,17383
ctx016k_req013,16k,16384,1000,41,16384,1000,10199,0.62249756,0.10310321,16384,17383
ctx016k_req013,16k,16384,1000,42,16384,1000,11891,0.72576904,0.10393481,16384,17383
ctx016k_req013,16k,16384,1000,43,16384,1000,12661,0.77276611,0.10609344,16384,17383
ctx016k_req013,16k,16384,1000,44,16384,1000,12489,0.76226807,0.10198969,16384,17383
ctx016k_req013,16k,16384,1000,45,16384,1000,13094,0.79919434,0.10386621,16384,17383
ctx016k_req013,16k,16384,1000,46,16384,1000,12762,0.77893066,0.10632153,16384,17383
ctx016k_req013,16k,16384,1000,47,16384,1000,9149,0.55841064,0.10333929,16384,17383
ctx016k_req013,16k,16384,1000,48,16384,1000,11084,0.67651367,0.10455914,16384,17383
ctx016k_req013,16k,16384,1000,49,16384,1000,13063,0.79730225,0.10270746,16384,17383
ctx016k_req013,16k,16384,1000,50,16384,1000,11268,0.68774414,0.10489886,16384,17383
ctx016k_req013,16k,16384,1000,51,16384,1000,12137,0.74078369,0.10410858,16384,17383
ctx016k_req013,16k,16384,1000,52,16384,1000,12367,0.75482178,0.10139294,16384,17383
ctx016k_req013,16k,16384,1000,53,16384,1000,11453,0.69903564,0.10220142,16384,17383
ctx016k_req013,16k,16384,1000,54,16384,1000,10861,0.66290283,0.10248895,16384,17383
ctx016k_req013,16k,16384,1000,55,16384,1000,13133,0.80157471,0.10372827,16384,17383
ctx016k_req013,16k,16384,1000,56,16384,1000,12842,0.78381348,0.10174615,16384,17383
ctx016k_req013,16k,16384,1000,57,16384,1000,10911,0.66595459,0.10289209,16384,17383
ctx016k_req013,16k,16384,1000,58,16384,1000,10989,0.67071533,0.10222186,16384,17383
ctx016k_req013,16k,16384,1000,59,16384,1000,12355,0.75408936,0.10423932,16384,17383
ctx016k_req013,16k,16384,1000,60,16384,1000,9911,0.60491943,0.09879504,16384,17383
ctx016k_req014,16k,16384,1000,0,16384,1000,5552,0.33886719,0.12044800,16384,17383
ctx016k_req014,16k,16384,1000,1,16384,1000,11046,0.67419434,0.10487732,16384,17383
ctx016k_req014,16k,16384,1000,2,16384,1000,9801,0.59820557,0.09907825,16384,17383
ctx016k_req014,16k,16384,1000,3,16384,1000,6312,0.38525391,0.10878351,16384,17383
ctx016k_req014,16k,16384,1000,4,16384,1000,14279,0.87152100,0.10726666,16384,17383
ctx016k_req014,16k,16384,1000,5,16384,1000,7662,0.46765137,0.10149445,16384,17383
ctx016k_req014,16k,16384,1000,6,16384,1000,15356,0.93725586,0.10124597,16384,17383
ctx016k_req014,16k,16384,1000,7,16384,1000,14202,0.86682129,0.10016656,16384,17383
ctx016k_req014,16k,16384,1000,8,16384,1000,14357,0.87628174,0.09748975,16384,17383
ctx016k_req014,16k,16384,1000,9,16384,1000,11806,0.72058105,0.10461353,16384,17383
ctx016k_req014,16k,16384,1000,10,16384,1000,13494,0.82360840,0.10493982,16384,17383
ctx016k_req014,16k,16384,1000,11,16384,1000,14948,0.91235352,0.10562482,16384,17383
ctx016k_req014,16k,16384,1000,12,16384,1000,15182,0.92663574,0.10325604,16384,17383
ctx016k_req014,16k,16384,1000,13,16384,1000,12058,0.73596191,0.10186737,16384,17383
ctx016k_req014,16k,16384,1000,14,16384,1000,10695,0.65277100,0.10573230,16384,17383
ctx016k_req014,16k,16384,1000,15,16384,1000,12402,0.75695801,0.10607269,16384,17383
ctx016k_req014,16k,16384,1000,16,16384,1000,12654,0.77233887,0.10375629,16384,17383
ctx016k_req014,16k,16384,1000,17,16384,1000,16011,0.97723389,0.10857544,16384,17383
ctx016k_req014,16k,16384,1000,18,16384,1000,11731,0.71600342,0.10198383,16384,17383
ctx016k_req014,16k,16384,1000,19,16384,1000,13824,0.84375000,0.10482330,16384,17383
ctx016k_req014,16k,16384,1000,20,16384,1000,14593,0.89068604,0.10798303,16384,17383
ctx016k_req014,16k,16384,1000,21,16384,1000,13723,0.83758545,0.10824695,16384,17383
ctx016k_req014,16k,16384,1000,22,16384,1000,10629,0.64874268,0.10376514,16384,17383
ctx016k_req014,16k,16384,1000,23,16384,1000,10671,0.65130615,0.10496179,16384,17383
ctx016k_req014,16k,16384,1000,24,16384,1000,13087,0.79876709,0.10821637,16384,17383
ctx016k_req014,16k,16384,1000,25,16384,1000,11018,0.67248535,0.10443951,16384,17383
ctx016k_req014,16k,16384,1000,26,16384,1000,13543,0.82659912,0.10847583,16384,17383
ctx016k_req014,16k,16384,1000,27,16384,1000,13473,0.82232666,0.10982355,16384,17383
ctx016k_req014,16k,16384,1000,28,16384,1000,13192,0.80517578,0.10712756,16384,17383
ctx016k_req014,16k,16384,1000,29,16384,1000,14077,0.85919189,0.10748932,16384,17383
ctx016k_req014,16k,16384,1000,30,16384,1000,13607,0.83050537,0.10635962,16384,17383
ctx016k_req014,16k,16384,1000,31,16384,1000,12598,0.76892090,0.10701489,16384,17383
ctx016k_req014,16k,16384,1000,32,16384,1000,12603,0.76922607,0.10719440,16384,17383
ctx016k_req014,16k,16384,1000,33,16384,1000,13786,0.84143066,0.10809619,16384,17383
ctx016k_req014,16k,16384,1000,34,16384,1000,10257,0.62603760,0.10598578,16384,17383
ctx016k_req014,16k,16384,1000,35,16384,1000,12548,0.76586914,0.10709943,16384,17383
ctx016k_req014,16k,16384,1000,36,16384,1000,12760,0.77880859,0.10437689,16384,17383
ctx016k_req014,16k,16384,1000,37,16384,1000,11357,0.69317627,0.10340979,16384,17383
ctx016k_req014,16k,16384,1000,38,16384,1000,13932,0.85034180,0.10549982,16384,17383
ctx016k_req014,16k,16384,1000,39,16384,1000,14282,0.87170410,0.10619720,16384,17383
ctx016k_req014,16k,16384,1000,40,16384,1000,12714,0.77600098,0.10614471,16384,17383
ctx016k_req014,16k,16384,1000,41,16384,1000,10897,0.66510010,0.10367877,16384,17383
ctx016k_req014,16k,16384,1000,42,16384,1000,12168,0.74267578,0.10475891,16384,17383
ctx016k_req014,16k,16384,1000,43,16384,1000,12896,0.78710938,0.10853711,16384,17383
ctx016k_req014,16k,16384,1000,44,16384,1000,12563,0.76678467,0.10081201,16384,17383
ctx016k_req014,16k,16384,1000,45,16384,1000,14045,0.85723877,0.10408167,16384,17383
ctx016k_req014,16k,16384,1000,46,16384,1000,13265,0.80963135,0.10760956,16384,17383
ctx016k_req014,16k,16384,1000,47,16384,1000,10093,0.61602783,0.10279150,16384,17383
ctx016k_req014,16k,16384,1000,48,16384,1000,11623,0.70941162,0.10521765,16384,17383
ctx016k_req014,16k,16384,1000,49,16384,1000,13263,0.80950928,0.10300146,16384,17383
ctx016k_req014,16k,16384,1000,50,16384,1000,11676,0.71264648,0.10584412,16384,17383
ctx016k_req014,16k,16384,1000,51,16384,1000,12703,0.77532959,0.10274158,16384,17383
ctx016k_req014,16k,16384,1000,52,16384,1000,12815,0.78216553,0.10193317,16384,17383
ctx016k_req014,16k,16384,1000,53,16384,1000,11671,0.71234131,0.10135120,16384,17383
ctx016k_req014,16k,16384,1000,54,16384,1000,11390,0.69519043,0.10316461,16384,17383
ctx016k_req014,16k,16384,1000,55,16384,1000,13538,0.82629395,0.10415186,16384,17383
ctx016k_req014,16k,16384,1000,56,16384,1000,12962,0.79113770,0.10115472,16384,17383
ctx016k_req014,16k,16384,1000,57,16384,1000,11875,0.72479248,0.10329230,16384,17383
ctx016k_req014,16k,16384,1000,58,16384,1000,11274,0.68811035,0.10190747,16384,17383
ctx016k_req014,16k,16384,1000,59,16384,1000,12741,0.77764893,0.10533710,16384,17383
ctx016k_req014,16k,16384,1000,60,16384,1000,10546,0.64367676,0.09946887,16384,17383
ctx016k_req015,16k,16384,1000,0,16384,1000,5625,0.34332275,0.12059265,16384,17383
ctx016k_req015,16k,16384,1000,1,16384,1000,10639,0.64935303,0.10538171,16384,17383
ctx016k_req015,16k,16384,1000,2,16384,1000,9854,0.60144043,0.09866681,16384,17383
ctx016k_req015,16k,16384,1000,3,16384,1000,6132,0.37426758,0.10970703,16384,17383
ctx016k_req015,16k,16384,1000,4,16384,1000,13569,0.82818604,0.10922327,16384,17383
ctx016k_req015,16k,16384,1000,5,16384,1000,6903,0.42132568,0.10213751,16384,17383
ctx016k_req015,16k,16384,1000,6,16384,1000,15336,0.93603516,0.10132819,16384,17383
ctx016k_req015,16k,16384,1000,7,16384,1000,13858,0.84582520,0.10073785,16384,17383
ctx016k_req015,16k,16384,1000,8,16384,1000,13987,0.85369873,0.09832611,16384,17383
ctx016k_req015,16k,16384,1000,9,16384,1000,11903,0.72650146,0.10436218,16384,17383
ctx016k_req015,16k,16384,1000,10,16384,1000,13364,0.81567383,0.10429059,16384,17383
ctx016k_req015,16k,16384,1000,11,16384,1000,15090,0.92102051,0.10558289,16384,17383
ctx016k_req015,16k,16384,1000,12,16384,1000,14734,0.89929199,0.10352582,16384,17383
ctx016k_req015,16k,16384,1000,13,16384,1000,11723,0.71551514,0.10209229,16384,17383
ctx016k_req015,16k,16384,1000,14,16384,1000,10484,0.63989258,0.10500867,16384,17383
ctx016k_req015,16k,16384,1000,15,16384,1000,11873,0.72467041,0.10544196,16384,17383
ctx016k_req015,16k,16384,1000,16,16384,1000,12661,0.77276611,0.10310822,16384,17383
ctx016k_req015,16k,16384,1000,17,16384,1000,16005,0.97686768,0.10679053,16384,17383
ctx016k_req015,16k,16384,1000,18,16384,1000,11371,0.69403076,0.10129102,16384,17383
ctx016k_req015,16k,16384,1000,19,16384,1000,13337,0.81402588,0.10345709,16384,17383
ctx016k_req015,16k,16384,1000,20,16384,1000,14367,0.87689209,0.10751746,16384,17383
ctx016k_req015,16k,16384,1000,21,16384,1000,13387,0.81707764,0.10766724,16384,17383
ctx016k_req015,16k,16384,1000,22,16384,1000,10842,0.66174316,0.10456366,16384,17383
ctx016k_req015,16k,16384,1000,23,16384,1000,11360,0.69335938,0.10557501,16384,17383
ctx016k_req015,16k,16384,1000,24,16384,1000,12981,0.79229736,0.11160645,16384,17383
ctx016k_req015,16k,16384,1000,25,16384,1000,11679,0.71282959,0.10616602,16384,17383
ctx016k_req015,16k,16384,1000,26,16384,1000,14344,0.87548828,0.10995538,16384,17383
ctx016k_req015,16k,16384,1000,27,16384,1000,14446,0.88171387,0.11201288,16384,17383
ctx016k_req015,16k,16384,1000,28,16384,1000,13475,0.82244873,0.10887646,16384,17383
ctx016k_req015,16k,16384,1000,29,16384,1000,14654,0.89440918,0.10920721,16384,17383
ctx016k_req015,16k,16384,1000,30,16384,1000,14031,0.85638428,0.10723273,16384,17383
ctx016k_req015,16k,16384,1000,31,16384,1000,13850,0.84533691,0.10984601,16384,17383
ctx016k_req015,16k,16384,1000,32,16384,1000,13876,0.84692383,0.10907642,16384,17383
ctx016k_req015,16k,16384,1000,33,16384,1000,15245,0.93048096,0.11067584,16384,17383
ctx016k_req015,16k,16384,1000,34,16384,1000,12693,0.77471924,0.10831329,16384,17383
ctx016k_req015,16k,16384,1000,35,16384,1000,13926,0.84997559,0.10910858,16384,17383
ctx016k_req015,16k,16384,1000,36,16384,1000,13708,0.83666992,0.10595435,16384,17383
ctx016k_req015,16k,16384,1000,37,16384,1000,12257,0.74810791,0.10443396,16384,17383
ctx016k_req015,16k,16384,1000,38,16384,1000,14597,0.89093018,0.10665125,16384,17383
ctx016k_req015,16k,16384,1000,39,16384,1000,15187,0.92694092,0.10697504,16384,17383
ctx016k_req015,16k,16384,1000,40,16384,1000,14470,0.88317871,0.10820563,16384,17383
ctx016k_req015,16k,16384,1000,41,16384,1000,12685,0.77423096,0.10584589,16384,17383
ctx016k_req015,16k,16384,1000,42,16384,1000,13386,0.81701660,0.10676660,16384,17383
ctx016k_req015,16k,16384,1000,43,16384,1000,14445,0.88165283,0.11013934,16384,17383
ctx016k_req015,16k,16384,1000,44,16384,1000,13345,0.81451416,0.10175458,16384,17383
ctx016k_req015,16k,16384,1000,45,16384,1000,14956,0.91284180,0.10634149,16384,17383
ctx016k_req015,16k,16384,1000,46,16384,1000,14506,0.88537598,0.11047815,16384,17383
ctx016k_req015,16k,16384,1000,47,16384,1000,10634,0.64904785,0.10412103,16384,17383
ctx016k_req015,16k,16384,1000,48,16384,1000,13358,0.81530762,0.10701660,16384,17383
ctx016k_req015,16k,16384,1000,49,16384,1000,15007,0.91595459,0.10471729,16384,17383
ctx016k_req015,16k,16384,1000,50,16384,1000,13539,0.82635498,0.10748376,16384,17383
ctx016k_req015,16k,16384,1000,51,16384,1000,13588,0.82934570,0.10381262,16384,17383
ctx016k_req015,16k,16384,1000,52,16384,1000,13937,0.85064697,0.10262903,16384,17383
ctx016k_req015,16k,16384,1000,53,16384,1000,13013,0.79425049,0.10260553,16384,17383
ctx016k_req015,16k,16384,1000,54,16384,1000,11960,0.72998047,0.10444061,16384,17383
ctx016k_req015,16k,16384,1000,55,16384,1000,14638,0.89343262,0.10511182,16384,17383
ctx016k_req015,16k,16384,1000,56,16384,1000,13828,0.84399414,0.10211414,16384,17383
ctx016k_req015,16k,16384,1000,57,16384,1000,12598,0.76892090,0.10336475,16384,17383
ctx016k_req015,16k,16384,1000,58,16384,1000,12216,0.74560547,0.10253253,16384,17383
ctx016k_req015,16k,16384,1000,59,16384,1000,14161,0.86431885,0.10620013,16384,17383
ctx016k_req015,16k,16384,1000,60,16384,1000,11108,0.67797852,0.09960327,16384,17383
ctx032k_req000,32k,32768,1000,0,32768,1000,7815,0.23849487,0.06180469,32768,33767
ctx032k_req000,32k,32768,1000,1,32768,1000,12830,0.39154053,0.05445456,32768,33767
ctx032k_req000,32k,32768,1000,2,32768,1000,11717,0.35757446,0.05140915,32768,33767
ctx032k_req000,32k,32768,1000,3,32768,1000,6547,0.19979858,0.05672931,32768,33767
ctx032k_req000,32k,32768,1000,4,32768,1000,13491,0.41171265,0.05526788,32768,33767
ctx032k_req000,32k,32768,1000,5,32768,1000,8015,0.24459839,0.05109201,32768,33767
ctx032k_req000,32k,32768,1000,6,32768,1000,19258,0.58770752,0.04991489,32768,33767
ctx032k_req000,32k,32768,1000,7,32768,1000,16439,0.50167847,0.04869751,32768,33767
ctx032k_req000,32k,32768,1000,8,32768,1000,14110,0.43060303,0.04831400,32768,33767
ctx032k_req000,32k,32768,1000,9,32768,1000,9403,0.28695679,0.04877878,32768,33767
ctx032k_req000,32k,32768,1000,10,32768,1000,14329,0.43728638,0.04913187,32768,33767
ctx032k_req000,32k,32768,1000,11,32768,1000,18368,0.56054688,0.04978940,32768,33767
ctx032k_req000,32k,32768,1000,12,32768,1000,19551,0.59664917,0.05037048,32768,33767
ctx032k_req000,32k,32768,1000,13,32768,1000,12045,0.36758423,0.04952917,32768,33767
ctx032k_req000,32k,32768,1000,14,32768,1000,9966,0.30413818,0.04936902,32768,33767
ctx032k_req000,32k,32768,1000,15,32768,1000,11932,0.36413574,0.04926514,32768,33767
ctx032k_req000,32k,32768,1000,16,32768,1000,12480,0.38085938,0.04865048,32768,33767
ctx032k_req000,32k,32768,1000,17,32768,1000,25197,0.76895142,0.04940793,32768,33767
ctx032k_req000,32k,32768,1000,18,32768,1000,10464,0.31933594,0.04904150,32768,33767
ctx032k_req000,32k,32768,1000,19,32768,1000,13497,0.41189575,0.04834924,32768,33767
ctx032k_req000,32k,32768,1000,20,32768,1000,16767,0.51168823,0.04914200,32768,33767
ctx032k_req000,32k,32768,1000,21,32768,1000,14068,0.42932129,0.04867169,32768,33767
ctx032k_req000,32k,32768,1000,22,32768,1000,10413,0.31777954,0.04844302,32768,33767
ctx032k_req000,32k,32768,1000,23,32768,1000,11995,0.36605835,0.04795020,32768,33767
ctx032k_req000,32k,32768,1000,24,32768,1000,15898,0.48516846,0.04873895,32768,33767
ctx032k_req000,32k,32768,1000,25,32768,1000,9965,0.30410767,0.04826654,32768,33767
ctx032k_req000,32k,32768,1000,26,32768,1000,15762,0.48101807,0.04852924,32768,33767
ctx032k_req000,32k,32768,1000,27,32768,1000,16636,0.50769043,0.04937872,32768,33767
ctx032k_req000,32k,32768,1000,28,32768,1000,14258,0.43511963,0.04856808,32768,33767
ctx032k_req000,32k,32768,1000,29,32768,1000,19062,0.58172607,0.04877036,32768,33767
ctx032k_req000,32k,32768,1000,30,32768,1000,15243,0.46517944,0.04850610,32768,33767
ctx032k_req000,32k,32768,1000,31,32768,1000,15449,0.47146606,0.04858875,32768,33767
ctx032k_req000,32k,32768,1000,32,32768,1000,13306,0.40606689,0.04861133,32768,33767
ctx032k_req000,32k,32768,1000,33,32768,1000,16568,0.50561523,0.04865323,32768,33767
ctx032k_req000,32k,32768,1000,34,32768,1000,10006,0.30535889,0.04868222,32768,33767
ctx032k_req000,32k,32768,1000,35,32768,1000,12933,0.39468384,0.04849142,32768,33767
ctx032k_req000,32k,32768,1000,36,32768,1000,13857,0.42288208,0.04904730,32768,33767
ctx032k_req000,32k,32768,1000,37,32768,1000,10938,0.33380127,0.04829297,32768,33767
ctx032k_req000,32k,32768,1000,38,32768,1000,15385,0.46951294,0.04852655,32768,33767
ctx032k_req000,32k,32768,1000,39,32768,1000,17224,0.52563477,0.04845053,32768,33767
ctx032k_req000,32k,32768,1000,40,32768,1000,18059,0.55111694,0.04902698,32768,33767
ctx032k_req000,32k,32768,1000,41,32768,1000,12732,0.38854980,0.04850082,32768,33767
ctx032k_req000,32k,32768,1000,42,32768,1000,12641,0.38577271,0.04881372,32768,33767
ctx032k_req000,32k,32768,1000,43,32768,1000,16662,0.50848389,0.04928146,32768,33767
ctx032k_req000,32k,32768,1000,44,32768,1000,15895,0.48507690,0.04871140,32768,33767
ctx032k_req000,32k,32768,1000,45,32768,1000,17687,0.53976440,0.04878299,32768,33767
ctx032k_req000,32k,32768,1000,46,32768,1000,16779,0.51205444,0.04915573,32768,33767
ctx032k_req000,32k,32768,1000,47,32768,1000,9499,0.28988647,0.04822748,32768,33767
ctx032k_req000,32k,32768,1000,48,32768,1000,13806,0.42132568,0.04934430,32768,33767
ctx032k_req000,32k,32768,1000,49,32768,1000,16804,0.51281738,0.04845297,32768,33767
ctx032k_req000,32k,32768,1000,50,32768,1000,12573,0.38369751,0.04849939,32768,33767
ctx032k_req000,32k,32768,1000,51,32768,1000,12288,0.37500000,0.04810159,32768,33767
ctx032k_req000,32k,32768,1000,52,32768,1000,19687,0.60079956,0.04806113,32768,33767
ctx032k_req000,32k,32768,1000,53,32768,1000,15894,0.48504639,0.04858377,32768,33767
ctx032k_req000,32k,32768,1000,54,32768,1000,10164,0.31018066,0.04784488,32768,33767
ctx032k_req000,32k,32768,1000,55,32768,1000,15493,0.47280884,0.04805289,32768,33767
ctx032k_req000,32k,32768,1000,56,32768,1000,13124,0.40051270,0.04797763,32768,33767
ctx032k_req000,32k,32768,1000,57,32768,1000,12315,0.37582397,0.04816528,32768,33767
ctx032k_req000,32k,32768,1000,58,32768,1000,12121,0.36990356,0.04925391,32768,33767
ctx032k_req000,32k,32768,1000,59,32768,1000,15108,0.46105957,0.04887515,32768,33767
ctx032k_req000,32k,32768,1000,60,32768,1000,12287,0.37496948,0.04802930,32768,33767
ctx032k_req001,32k,32768,1000,0,32768,1000,7885,0.24063110,0.06161618,32768,33767
ctx032k_req001,32k,32768,1000,1,32768,1000,12578,0.38385010,0.05385010,32768,33767
ctx032k_req001,32k,32768,1000,2,32768,1000,10687,0.32614136,0.05076154,32768,33767
ctx032k_req001,32k,32768,1000,3,32768,1000,6478,0.19769287,0.05575333,32768,33767
ctx032k_req001,32k,32768,1000,4,32768,1000,18919,0.57736206,0.05543613,32768,33767
ctx032k_req001,32k,32768,1000,5,32768,1000,7323,0.22348022,0.05086188,32768,33767
ctx032k_req001,32k,32768,1000,6,32768,1000,18477,0.56387329,0.04973038,32768,33767
ctx032k_req001,32k,32768,1000,7,32768,1000,15559,0.47482300,0.04936246,32768,33767
ctx032k_req001,32k,32768,1000,8,32768,1000,14318,0.43695068,0.04853769,32768,33767
ctx032k_req001,32k,32768,1000,9,32768,1000,12734,0.38861084,0.05076672,32768,33767
ctx032k_req001,32k,32768,1000,10,32768,1000,14682,0.44805908,0.05157159,32768,33767
ctx032k_req001,32k,32768,1000,11,32768,1000,21604,0.65930176,0.05195642,32768,33767
ctx032k_req001,32k,32768,1000,12,32768,1000,20065,0.61233521,0.05151831,32768,33767
ctx032k_req001,32k,32768,1000,13,32768,1000,12905,0.39382935,0.05050296,32768,33767
ctx032k_req001,32k,32768,1000,14,32768,1000,10837,0.33071899,0.05289542,32768,33767
ctx032k_req001,32k,32768,1000,15,32768,1000,15935,0.48629761,0.05309128,32768,33767
ctx032k_req001,32k,32768,1000,16,32768,1000,15847,0.48361206,0.05153314,32768,33767
ctx032k_req001,32k,32768,1000,17,32768,1000,30309,0.92495728,0.05389481,32768,33767
ctx032k_req001,32k,32768,1000,18,32768,1000,11711,0.35739136,0.05056299,32768,33767
ctx032k_req001,32k,32768,1000,19,32768,1000,16867,0.51473999,0.05153061,32768,33767
ctx032k_req001,32k,32768,1000,20,32768,1000,19145,0.58425903,0.05220963,32768,33767
ctx032k_req001,32k,32768,1000,21,32768,1000,17168,0.52392578,0.05283359,32768,33767
ctx032k_req001,32k,32768,1000,22,32768,1000,11039,0.33688354,0.05145459,32768,33767
ctx032k_req001,32k,32768,1000,23,32768,1000,13237,0.40396118,0.05181226,32768,33767
ctx032k_req001,32k,32768,1000,24,32768,1000,19766,0.60321045,0.05420755,32768,33767
ctx032k_req001,32k,32768,1000,25,32768,1000,12343,0.37667847,0.05250861,32768,33767
ctx032k_req001,32k,32768,1000,26,32768,1000,19754,0.60284424,0.05434711,32768,33767
ctx032k_req001,32k,32768,1000,27,32768,1000,18898,0.57672119,0.05513898,32768,33767
ctx032k_req001,32k,32768,1000,28,32768,1000,19037,0.58096313,0.05376492,32768,33767
ctx032k_req001,32k,32768,1000,29,32768,1000,22932,0.69982910,0.05380051,32768,33767
ctx032k_req001,32k,32768,1000,30,32768,1000,17544,0.53540039,0.05355664,32768,33767
ctx032k_req001,32k,32768,1000,31,32768,1000,17515,0.53451538,0.05373871,32768,33767
ctx032k_req001,32k,32768,1000,32,32768,1000,15483,0.47250366,0.05359042,32768,33767
ctx032k_req001,32k,32768,1000,33,32768,1000,19921,0.60794067,0.05399341,32768,33767
ctx032k_req001,32k,32768,1000,34,32768,1000,11979,0.36557007,0.05353256,32768,33767
ctx032k_req001,32k,32768,1000,35,32768,1000,16932,0.51672363,0.05384738,32768,33767
ctx032k_req001,32k,32768,1000,36,32768,1000,16394,0.50030518,0.05325333,32768,33767
ctx032k_req001,32k,32768,1000,37,32768,1000,14047,0.42868042,0.05313498,32768,33767
ctx032k_req001,32k,32768,1000,38,32768,1000,22499,0.68661499,0.05416815,32768,33767
ctx032k_req001,32k,32768,1000,39,32768,1000,22893,0.69863892,0.05313391,32768,33767
ctx032k_req001,32k,32768,1000,40,32768,1000,20751,0.63327026,0.05405255,32768,33767
ctx032k_req001,32k,32768,1000,41,32768,1000,16030,0.48919678,0.05316611,32768,33767
ctx032k_req001,32k,32768,1000,42,32768,1000,14958,0.45648193,0.05278799,32768,33767
ctx032k_req001,32k,32768,1000,43,32768,1000,21358,0.65179443,0.05457806,32768,33767
ctx032k_req001,32k,32768,1000,44,32768,1000,15567,0.47506714,0.05156741,32768,33767
ctx032k_req001,32k,32768,1000,45,32768,1000,20726,0.63250732,0.05285773,32768,33767
ctx032k_req001,32k,32768,1000,46,32768,1000,21158,0.64569092,0.05441837,32768,33767
ctx032k_req001,32k,32768,1000,47,32768,1000,12133,0.37026978,0.05256570,32768,33767
ctx032k_req001,32k,32768,1000,48,32768,1000,15256,0.46557617,0.05358145,32768,33767
ctx032k_req001,32k,32768,1000,49,32768,1000,20241,0.61770630,0.05182285,32768,33767
ctx032k_req001,32k,32768,1000,50,32768,1000,15835,0.48324585,0.05369299,32768,33767
ctx032k_req001,32k,32768,1000,51,32768,1000,18151,0.55392456,0.05356943,32768,33767
ctx032k_req001,32k,32768,1000,52,32768,1000,20954,0.63946533,0.05275500,32768,33767
ctx032k_req001,32k,32768,1000,53,32768,1000,17912,0.54663086,0.05176474,32768,33767
ctx032k_req001,32k,32768,1000,54,32768,1000,13224,0.40356445,0.05210837,32768,33767
ctx032k_req001,32k,32768,1000,55,32768,1000,22132,0.67541504,0.05281192,32768,33767
ctx032k_req001,32k,32768,1000,56,32768,1000,16454,0.50213623,0.05152225,32768,33767
ctx032k_req001,32k,32768,1000,57,32768,1000,16540,0.50476074,0.05355786,32768,33767
ctx032k_req001,32k,32768,1000,58,32768,1000,13431,0.40988159,0.05142792,32768,33767
ctx032k_req001,32k,32768,1000,59,32768,1000,18106,0.55255127,0.05282422,32768,33767
ctx032k_req001,32k,32768,1000,60,32768,1000,14495,0.44235229,0.05016147,32768,33767
ctx032k_req002,32k,32768,1000,0,32768,1000,7801,0.23806763,0.06148538,32768,33767
ctx032k_req002,32k,32768,1000,1,32768,1000,12720,0.38818359,0.05393738,32768,33767
ctx032k_req002,32k,32768,1000,2,32768,1000,10482,0.31988525,0.04948126,32768,33767
ctx032k_req002,32k,32768,1000,3,32768,1000,6727,0.20529175,0.05528934,32768,33767
ctx032k_req002,32k,32768,1000,4,32768,1000,18956,0.57849121,0.05516882,32768,33767
ctx032k_req002,32k,32768,1000,5,32768,1000,7499,0.22885132,0.04961096,32768,33767
ctx032k_req002,32k,32768,1000,6,32768,1000,18464,0.56347656,0.04886374,32768,33767
ctx032k_req002,32k,32768,1000,7,32768,1000,15855,0.48385620,0.04814999,32768,33767
ctx032k_req002,32k,32768,1000,8,32768,1000,14665,0.44754028,0.04806848,32768,33767
ctx032k_req002,32k,32768,1000,9,32768,1000,13579,0.41439819,0.04914474,32768,33767
ctx032k_req002,32k,32768,1000,10,32768,1000,15222,0.46453857,0.04993826,32768,33767
ctx032k_req002,32k,32768,1000,11,32768,1000,22652,0.69128418,0.05082294,32768,33767
ctx032k_req002,32k,32768,1000,12,32768,1000,20392,0.62231445,0.05046146,32768,33767
ctx032k_req002,32k,32768,1000,13,32768,1000,13158,0.40155029,0.04956693,32768,33767
ctx032k_req002,32k,32768,1000,14,32768,1000,11076,0.33801270,0.05109290,32768,33767
ctx032k_req002,32k,32768,1000,15,32768,1000,16958,0.51751709,0.05224594,32768,33767
ctx032k_req002,32k,32768,1000,16,32768,1000,17608,0.53735352,0.05007608,32768,33767
ctx032k_req002,32k,32768,1000,17,32768,1000,30709,0.93716431,0.05339111,32768,33767
ctx032k_req002,32k,32768,1000,18,32768,1000,12485,0.38101196,0.04962320,32768,33767
ctx032k_req002,32k,32768,1000,19,32768,1000,18436,0.56262207,0.05245291,32768,33767
ctx032k_req002,32k,32768,1000,20,32768,1000,22220,0.67810059,0.05317957,32768,33767
ctx032k_req002,32k,32768,1000,21,32768,1000,19360,0.59082031,0.05416794,32768,33767
ctx032k_req002,32k,32768,1000,22,32768,1000,11880,0.36254883,0.05144067,32768,33767
ctx032k_req002,32k,32768,1000,23,32768,1000,15040,0.45898438,0.05160941,32768,33767
ctx032k_req002,32k,32768,1000,24,32768,1000,21454,0.65472412,0.05345151,32768,33767
ctx032k_req002,32k,32768,1000,25,32768,1000,13279,0.40524292,0.05173080,32768,33767
ctx032k_req002,32k,32768,1000,26,32768,1000,21151,0.64547729,0.05311923,32768,33767
ctx032k_req002,32k,32768,1000,27,32768,1000,20366,0.62152100,0.05459213,32768,33767
ctx032k_req002,32k,32768,1000,28,32768,1000,20393,0.62234497,0.05306613,32768,33767
ctx032k_req002,32k,32768,1000,29,32768,1000,23990,0.73211670,0.05378815,32768,33767
ctx032k_req002,32k,32768,1000,30,32768,1000,18738,0.57183838,0.05325693,32768,33767
ctx032k_req002,32k,32768,1000,31,32768,1000,18965,0.57876587,0.05292215,32768,33767
ctx032k_req002,32k,32768,1000,32,32768,1000,17297,0.52786255,0.05286615,32768,33767
ctx032k_req002,32k,32768,1000,33,32768,1000,21629,0.66006470,0.05349481,32768,33767
ctx032k_req002,32k,32768,1000,34,32768,1000,13186,0.40240479,0.05275842,32768,33767
ctx032k_req002,32k,32768,1000,35,32768,1000,17982,0.54876709,0.05308746,32768,33767
ctx032k_req002,32k,32768,1000,36,32768,1000,17119,0.52243042,0.05280655,32768,33767
ctx032k_req002,32k,32768,1000,37,32768,1000,14614,0.44598389,0.05272870,32768,33767
ctx032k_req002,32k,32768,1000,38,32768,1000,22439,0.68478394,0.05391638,32768,33767
ctx032k_req002,32k,32768,1000,39,32768,1000,23902,0.72943115,0.05315875,32768,33767
ctx032k_req002,32k,32768,1000,40,32768,1000,21646,0.66058350,0.05367474,32768,33767
ctx032k_req002,32k,32768,1000,41,32768,1000,17703,0.54025269,0.05293954,32768,33767
ctx032k_req002,32k,32768,1000,42,32768,1000,16263,0.49630737,0.05259488,32768,33767
ctx032k_req002,32k,32768,1000,43,32768,1000,22749,0.69424438,0.05405566,32768,33767
ctx032k_req002,32k,32768,1000,44,32768,1000,15738,0.48028564,0.05110150,32768,33767
ctx032k_req002,32k,32768,1000,45,32768,1000,20890,0.63751221,0.05313870,32768,33767
ctx032k_req002,32k,32768,1000,46,32768,1000,21887,0.66793823,0.05437170,32768,33767
ctx032k_req002,32k,32768,1000,47,32768,1000,12417,0.37893677,0.05318051,32768,33767
ctx032k_req002,32k,32768,1000,48,32768,1000,16332,0.49841309,0.05325439,32768,33767
ctx032k_req002,32k,32768,1000,49,32768,1000,21251,0.64852905,0.05224640,32768,33767
ctx032k_req002,32k,32768,1000,50,32768,1000,17730,0.54107666,0.05292673,32768,33767
ctx032k_req002,32k,32768,1000,51,32768,1000,17881,0.54568481,0.05346539,32768,33767
ctx032k_req002,32k,32768,1000,52,32768,1000,21998,0.67132568,0.05224969,32768,33767
ctx032k_req002,32k,32768,1000,53,32768,1000,18935,0.57785034,0.05168857,32768,33767
ctx032k_req002,32k,32768,1000,54,32768,1000,14231,0.43429565,0.05191577,32768,33767
ctx032k_req002,32k,32768,1000,55,32768,1000,22401,0.68362427,0.05320700,32768,33767
ctx032k_req002,32k,32768,1000,56,32768,1000,17454,0.53265381,0.05161441,32768,33767
ctx032k_req002,32k,32768,1000,57,32768,1000,16710,0.50994873,0.05241193,32768,33767
ctx032k_req002,32k,32768,1000,58,32768,1000,14619,0.44613647,0.05116791,32768,33767
ctx032k_req002,32k,32768,1000,59,32768,1000,18748,0.57214355,0.05221481,32768,33767
ctx032k_req002,32k,32768,1000,60,32768,1000,15973,0.48745728,0.04946017,32768,33767
ctx032k_req003,32k,32768,1000,0,32768,1000,7741,0.23623657,0.06166235,32768,33767
ctx032k_req003,32k,32768,1000,1,32768,1000,12352,0.37695312,0.05465311,32768,33767
ctx032k_req003,32k,32768,1000,2,32768,1000,11523,0.35165405,0.05088345,32768,33767
ctx032k_req003,32k,32768,1000,3,32768,1000,6568,0.20043945,0.05595578,32768,33767
ctx032k_req003,32k,32768,1000,4,32768,1000,17777,0.54251099,0.05546527,32768,33767
ctx032k_req003,32k,32768,1000,5,32768,1000,7270,0.22186279,0.05162177,32768,33767
ctx032k_req003,32k,32768,1000,6,32768,1000,18459,0.56332397,0.05158545,32768,33767
ctx032k_req003,32k,32768,1000,7,32768,1000,16516,0.50402832,0.05158365,32768,33767
ctx032k_req003,32k,32768,1000,8,32768,1000,15446,0.47137451,0.05058853,32768,33767
ctx032k_req003,32k,32768,1000,9,32768,1000,15135,0.46188354,0.05463391,32768,33767
ctx032k_req003,32k,32768,1000,10,32768,1000,15248,0.46533203,0.05364819,32768,33767
ctx032k_req003,32k,32768,1000,11,32768,1000,22923,0.69955444,0.05471271,32768,33767
ctx032k_req003,32k,32768,1000,12,32768,1000,20930,0.63873291,0.05277811,32768,33767
ctx032k_req003,32k,32768,1000,13,32768,1000,14397,0.43936157,0.05220294,32768,33767
ctx032k_req003,32k,32768,1000,14,32768,1000,10750,0.32806396,0.05475684,32768,33767
ctx032k_req003,32k,32768,1000,15,32768,1000,17186,0.52447510,0.05520584,32768,33767
ctx032k_req003,32k,32768,1000,16,32768,1000,17225,0.52566528,0.05381168,32768,33767
ctx032k_req003,32k,32768,1000,17,32768,1000,29862,0.91131592,0.05614020,32768,33767
ctx032k_req003,32k,32768,1000,18,32768,1000,13820,0.42175293,0.05343573,32768,33767
ctx032k_req003,32k,32768,1000,19,32768,1000,19524,0.59582520,0.05428500,32768,33767
ctx032k_req003,32k,32768,1000,20,32768,1000,22168,0.67651367,0.05517328,32768,33767
ctx032k_req003,32k,32768,1000,21,32768,1000,20406,0.62274170,0.05594394,32768,33767
ctx032k_req003,32k,32768,1000,22,32768,1000,12192,0.37207031,0.05380704,32768,33767
ctx032k_req003,32k,32768,1000,23,32768,1000,15574,0.47528076,0.05462671,32768,33767
ctx032k_req003,32k,32768,1000,24,32768,1000,22483,0.68612671,0.05626492,32768,33767
ctx032k_req003,32k,32768,1000,25,32768,1000,15366,0.46893311,0.05399475,32768,33767
ctx032k_req003,32k,32768,1000,26,32768,1000,22572,0.68884277,0.05556314,32768,33767
ctx032k_req003,32k,32768,1000,27,32768,1000,22423,0.68429565,0.05630368,32768,33767
ctx032k_req003,32k,32768,1000,28,32768,1000,21948,0.66979980,0.05550748,32768,33767
ctx032k_req003,32k,32768,1000,29,32768,1000,25999,0.79342651,0.05540198,32768,33767
ctx032k_req003,32k,32768,1000,30,32768,1000,20935,0.63888550,0.05510001,32768,33767
ctx032k_req003,32k,32768,1000,31,32768,1000,21791,0.66500854,0.05495001,32768,33767
ctx032k_req003,32k,32768,1000,32,32768,1000,19527,0.59591675,0.05484357,32768,33767
ctx032k_req003,32k,32768,1000,33,32768,1000,23965,0.73135376,0.05485214,32768,33767
ctx032k_req003,32k,32768,1000,34,32768,1000,14864,0.45361328,0.05482602,32768,33767
ctx032k_req003,32k,32768,1000,35,32768,1000,20663,0.63058472,0.05514789,32768,33767
ctx032k_req003,32k,32768,1000,36,32768,1000,19249,0.58743286,0.05385791,32768,33767
ctx032k_req003,32k,32768,1000,37,32768,1000,14829,0.45254517,0.05490448,32768,33767
ctx032k_req003,32k,32768,1000,38,32768,1000,23375,0.71334839,0.05582928,32768,33767
ctx032k_req003,32k,32768,1000,39,32768,1000,25433,0.77615356,0.05510736,32768,33767
ctx032k_req003,32k,32768,1000,40,32768,1000,22643,0.69100952,0.05498187,32768,33767
ctx032k_req003,32k,32768,1000,41,32768,1000,19451,0.59359741,0.05522174,32768,33767
ctx032k_req003,32k,32768,1000,42,32768,1000,17298,0.52789307,0.05318665,32768,33767
ctx032k_req003,32k,32768,1000,43,32768,1000,23850,0.72784424,0.05571744,32768,33767
ctx032k_req003,32k,32768,1000,44,32768,1000,16271,0.49655151,0.05176761,32768,33767
ctx032k_req003,32k,32768,1000,45,32768,1000,22420,0.68420410,0.05398297,32768,33767
ctx032k_req003,32k,32768,1000,46,32768,1000,22723,0.69345093,0.05529492,32768,33767
ctx032k_req003,32k,32768,1000,47,32768,1000,13168,0.40185547,0.05422421,32768,33767
ctx032k_req003,32k,32768,1000,48,32768,1000,17626,0.53790283,0.05457068,32768,33767
ctx032k_req003,32k,32768,1000,49,32768,1000,23046,0.70330811,0.05333966,32768,33767
ctx032k_req003,32k,32768,1000,50,32768,1000,18610,0.56793213,0.05425711,32768,33767
ctx032k_req003,32k,32768,1000,51,32768,1000,18696,0.57055664,0.05442191,32768,33767
ctx032k_req003,32k,32768,1000,52,32768,1000,23399,0.71408081,0.05367957,32768,33767
ctx032k_req003,32k,32768,1000,53,32768,1000,21031,0.64181519,0.05227252,32768,33767
ctx032k_req003,32k,32768,1000,54,32768,1000,14872,0.45385742,0.05312479,32768,33767
ctx032k_req003,32k,32768,1000,55,32768,1000,23256,0.70971680,0.05409818,32768,33767
ctx032k_req003,32k,32768,1000,56,32768,1000,18281,0.55789185,0.05279971,32768,33767
ctx032k_req003,32k,32768,1000,57,32768,1000,17575,0.53634644,0.05378949,32768,33767
ctx032k_req003,32k,32768,1000,58,32768,1000,14842,0.45294189,0.05173447,32768,33767
ctx032k_req003,32k,32768,1000,59,32768,1000,20095,0.61325073,0.05328143,32768,33767
ctx032k_req003,32k,32768,1000,60,32768,1000,15998,0.48822021,0.05145316,32768,33767
ctx032k_req004,32k,32768,1000,0,32768,1000,8093,0.24697876,0.06157654,32768,33767
ctx032k_req004,32k,32768,1000,1,32768,1000,12505,0.38162231,0.05385480,32768,33767
ctx032k_req004,32k,32768,1000,2,32768,1000,10716,0.32702637,0.04973959,32768,33767
ctx032k_req004,32k,32768,1000,3,32768,1000,6226,0.19000244,0.05612601,32768,33767
ctx032k_req004,32k,32768,1000,4,32768,1000,19618,0.59869385,0.05642990,32768,33767
ctx032k_req004,32k,32768,1000,5,32768,1000,6697,0.20437622,0.05188077,32768,33767
ctx032k_req004,32k,32768,1000,6,32768,1000,18099,0.55233765,0.05060257,32768,33767
ctx032k_req004,32k,32768,1000,7,32768,1000,15704,0.47924805,0.04981516,32768,33767
ctx032k_req004,32k,32768,1000,8,32768,1000,14896,0.45458984,0.04888580,32768,33767
ctx032k_req004,32k,32768,1000,9,32768,1000,13929,0.42507935,0.05228860,32768,33767
ctx032k_req004,32k,32768,1000,10,32768,1000,15341,0.46817017,0.05241492,32768,33767
ctx032k_req004,32k,32768,1000,11,32768,1000,22672,0.69189453,0.05298093,32768,33767
ctx032k_req004,32k,32768,1000,12,32768,1000,20059,0.61215210,0.05202942,32768,33767
ctx032k_req004,32k,32768,1000,13,32768,1000,13503,0.41207886,0.05116376,32768,33767
ctx032k_req004,32k,32768,1000,14,32768,1000,11420,0.34851074,0.05333218,32768,33767
ctx032k_req004,32k,32768,1000,15,32768,1000,17525,0.53482056,0.05386523,32768,33767
ctx032k_req004,32k,32768,1000,16,32768,1000,17104,0.52197266,0.05248526,32768,33767
ctx032k_req004,32k,32768,1000,17,32768,1000,31040,0.94726562,0.05533337,32768,33767
ctx032k_req004,32k,32768,1000,18,32768,1000,13062,0.39862061,0.05130872,32768,33767
ctx032k_req004,32k,32768,1000,19,32768,1000,18853,0.57534790,0.05293814,32768,33767
ctx032k_req004,32k,32768,1000,20,32768,1000,21677,0.66152954,0.05417142,32768,33767
ctx032k_req004,32k,32768,1000,21,32768,1000,19196,0.58581543,0.05431061,32768,33767
ctx032k_req004,32k,32768,1000,22,32768,1000,11509,0.35122681,0.05282297,32768,33767
ctx032k_req004,32k,32768,1000,23,32768,1000,14541,0.44375610,0.05243329,32768,33767
ctx032k_req004,32k,32768,1000,24,32768,1000,20913,0.63821411,0.05542188,32768,33767
ctx032k_req004,32k,32768,1000,25,32768,1000,13096,0.39965820,0.05292221,32768,33767
ctx032k_req004,32k,32768,1000,26,32768,1000,20711,0.63204956,0.05487146,32768,33767
ctx032k_req004,32k,32768,1000,27,32768,1000,19374,0.59124756,0.05567932,32768,33767
ctx032k_req004,32k,32768,1000,28,32768,1000,20138,0.61456299,0.05417062,32768,33767
ctx032k_req004,32k,32768,1000,29,32768,1000,24289,0.74124146,0.05453098,32768,33767
ctx032k_req004,32k,32768,1000,30,32768,1000,18138,0.55352783,0.05396277,32768,33767
ctx032k_req004,32k,32768,1000,31,32768,1000,18751,0.57223511,0.05439804,32768,33767
ctx032k_req004,32k,32768,1000,32,32768,1000,16624,0.50732422,0.05425571,32768,33767
ctx032k_req004,32k,32768,1000,33,32768,1000,21613,0.65957642,0.05463654,32768,33767
ctx032k_req004,32k,32768,1000,34,32768,1000,12258,0.37408447,0.05385016,32768,33767
ctx032k_req004,32k,32768,1000,35,32768,1000,17752,0.54174805,0.05433191,32768,33767
ctx032k_req004,32k,32768,1000,36,32768,1000,16183,0.49386597,0.05351379,32768,33767
ctx032k_req004,32k,32768,1000,37,32768,1000,13493,0.41177368,0.05325479,32768,33767
ctx032k_req004,32k,32768,1000,38,32768,1000,23454,0.71575928,0.05465698,32768,33767
ctx032k_req004,32k,32768,1000,39,32768,1000,24764,0.75573730,0.05412912,32768,33767
ctx032k_req004,32k,32768,1000,40,32768,1000,21091,0.64364624,0.05440347,32768,33767
ctx032k_req004,32k,32768,1000,41,32768,1000,17549,0.53555298,0.05346463,32768,33767
ctx032k_req004,32k,32768,1000,42,32768,1000,15728,0.47998047,0.05326480,32768,33767
ctx032k_req004,32k,32768,1000,43,32768,1000,22121,0.67507935,0.05504602,32768,33767
ctx032k_req004,32k,32768,1000,44,32768,1000,15537,0.47415161,0.05146915,32768,33767
ctx032k_req004,32k,32768,1000,45,32768,1000,21027,0.64169312,0.05331549,32768,33767
ctx032k_req004,32k,32768,1000,46,32768,1000,21590,0.65887451,0.05501184,32768,33767
ctx032k_req004,32k,32768,1000,47,32768,1000,13117,0.40029907,0.05269461,32768,33767
ctx032k_req004,32k,32768,1000,48,32768,1000,15643,0.47738647,0.05383646,32768,33767
ctx032k_req004,32k,32768,1000,49,32768,1000,21338,0.65118408,0.05215176,32768,33767
ctx032k_req004,32k,32768,1000,50,32768,1000,17434,0.53204346,0.05378973,32768,33767
ctx032k_req004,32k,32768,1000,51,32768,1000,18938,0.57794189,0.05342053,32768,33767
ctx032k_req004,32k,32768,1000,52,32768,1000,22680,0.69213867,0.05275073,32768,33767
ctx032k_req004,32k,32768,1000,53,32768,1000,19535,0.59616089,0.05181796,32768,33767
ctx032k_req004,32k,32768,1000,54,32768,1000,14019,0.42782593,0.05214627,32768,33767
ctx032k_req004,32k,32768,1000,55,32768,1000,23278,0.71038818,0.05316473,32768,33767
ctx032k_req004,32k,32768,1000,56,32768,1000,17707,0.54037476,0.05148175,32768,33767
ctx032k_req004,32k,32768,1000,57,32768,1000,17888,0.54589844,0.05336667,32768,33767
ctx032k_req004,32k,32768,1000,58,32768,1000,14147,0.43173218,0.05198853,32768,33767
ctx032k_req004,32k,32768,1000,59,32768,1000,19059,0.58163452,0.05333511,32768,33767
ctx032k_req004,32k,32768,1000,60,32768,1000,15862,0.48406982,0.05061392,32768,33767
ctx032k_req005,32k,32768,1000,0,32768,1000,8012,0.24450684,0.06169525,32768,33767
ctx032k_req005,32k,32768,1000,1,32768,1000,12046,0.36761475,0.05404575,32768,33767
ctx032k_req005,32k,32768,1000,2,32768,1000,10548,0.32189941,0.04967853,32768,33767
ctx032k_req005,32k,32768,1000,3,32768,1000,6620,0.20202637,0.05569934,32768,33767
ctx032k_req005,32k,32768,1000,4,32768,1000,19886,0.60687256,0.05556253,32768,33767
ctx032k_req005,32k,32768,1000,5,32768,1000,7134,0.21771240,0.05079318,32768,33767
ctx032k_req005,32k,32768,1000,6,32768,1000,18163,0.55429077,0.04960126,32768,33767
ctx032k_req005,32k,32768,1000,7,32768,1000,15402,0.47003174,0.04892560,32768,33767
ctx032k_req005,32k,32768,1000,8,32768,1000,14645,0.44692993,0.04834305,32768,33767
ctx032k_req005,32k,32768,1000,9,32768,1000,13696,0.41796875,0.05109534,32768,33767
ctx032k_req005,32k,32768,1000,10,32768,1000,15022,0.45843506,0.05194107,32768,33767
ctx032k_req005,32k,32768,1000,11,32768,1000,21960,0.67016602,0.05224420,32768,33767
ctx032k_req005,32k,32768,1000,12,32768,1000,20312,0.61987305,0.05141638,32768,33767
ctx032k_req005,32k,32768,1000,13,32768,1000,13656,0.41674805,0.05042322,32768,33767
ctx032k_req005,32k,32768,1000,14,32768,1000,10937,0.33377075,0.05305118,32768,33767
ctx032k_req005,32k,32768,1000,15,32768,1000,16863,0.51461792,0.05383902,32768,33767
ctx032k_req005,32k,32768,1000,16,32768,1000,17436,0.53210449,0.05180225,32768,33767
ctx032k_req005,32k,32768,1000,17,32768,1000,30404,0.92785645,0.05433487,32768,33767
ctx032k_req005,32k,32768,1000,18,32768,1000,12784,0.39013672,0.05073999,32768,33767
ctx032k_req005,32k,32768,1000,19,32768,1000,18675,0.56991577,0.05175964,32768,33767
ctx032k_req005,32k,32768,1000,20,32768,1000,21098,0.64385986,0.05349506,32768,33767
ctx032k_req005,32k,32768,1000,21,32768,1000,18925,0.57754517,0.05364905,32768,33767
ctx032k_req005,32k,32768,1000,22,32768,1000,11782,0.35955811,0.05198297,32768,33767
ctx032k_req005,32k,32768,1000,23,32768,1000,13899,0.42416382,0.05224146,32768,33767
ctx032k_req005,32k,32768,1000,24,32768,1000,20096,0.61328125,0.05468063,32768,33767
ctx032k_req005,32k,32768,1000,25,32768,1000,13489,0.41165161,0.05270700,32768,33767
ctx032k_req005,32k,32768,1000,26,32768,1000,21142,0.64520264,0.05440906,32768,33767
ctx032k_req005,32k,32768,1000,27,32768,1000,19901,0.60733032,0.05516437,32768,33767
ctx032k_req005,32k,32768,1000,28,32768,1000,19954,0.60894775,0.05343054,32768,33767
ctx032k_req005,32k,32768,1000,29,32768,1000,24332,0.74255371,0.05394269,32768,33767
ctx032k_req005,32k,32768,1000,30,32768,1000,18709,0.57095337,0.05379590,32768,33767
ctx032k_req005,32k,32768,1000,31,32768,1000,18666,0.56964111,0.05436520,32768,33767
ctx032k_req005,32k,32768,1000,32,32768,1000,16113,0.49172974,0.05389301,32768,33767
ctx032k_req005,32k,32768,1000,33,32768,1000,20429,0.62344360,0.05397852,32768,33767
ctx032k_req005,32k,32768,1000,34,32768,1000,11688,0.35668945,0.05309561,32768,33767
ctx032k_req005,32k,32768,1000,35,32768,1000,17495,0.53390503,0.05363089,32768,33767
ctx032k_req005,32k,32768,1000,36,32768,1000,17317,0.52847290,0.05258453,32768,33767
ctx032k_req005,32k,32768,1000,37,32768,1000,13577,0.41433716,0.05116589,32768,33767
ctx032k_req005,32k,32768,1000,38,32768,1000,22785,0.69534302,0.05274429,32768,33767
ctx032k_req005,32k,32768,1000,39,32768,1000,23729,0.72415161,0.05227979,32768,33767
ctx032k_req005,32k,32768,1000,40,32768,1000,20923,0.63851929,0.05358960,32768,33767
ctx032k_req005,32k,32768,1000,41,32768,1000,16222,0.49505615,0.05250003,32768,33767
ctx032k_req005,32k,32768,1000,42,32768,1000,16034,0.48931885,0.05230966,32768,33767
ctx032k_req005,32k,32768,1000,43,32768,1000,21559,0.65792847,0.05399835,32768,33767
ctx032k_req005,32k,32768,1000,44,32768,1000,15577,0.47537231,0.05084747,32768,33767
ctx032k_req005,32k,32768,1000,45,32768,1000,20304,0.61962891,0.05223242,32768,33767
ctx032k_req005,32k,32768,1000,46,32768,1000,20643,0.62997437,0.05353238,32768,33767
ctx032k_req005,32k,32768,1000,47,32768,1000,12186,0.37188721,0.05146036,32768,33767
ctx032k_req005,32k,32768,1000,48,32768,1000,14773,0.45083618,0.05281714,32768,33767
ctx032k_req005,32k,32768,1000,49,32768,1000,20752,0.63330078,0.05149887,32768,33767
ctx032k_req005,32k,32768,1000,50,32768,1000,16494,0.50335693,0.05236285,32768,33767
ctx032k_req005,32k,32768,1000,51,32768,1000,17670,0.53924561,0.05204257,32768,33767
ctx032k_req005,32k,32768,1000,52,32768,1000,21171,0.64608765,0.05107959,32768,33767
ctx032k_req005,32k,32768,1000,53,32768,1000,18828,0.57458496,0.05092517,32768,33767
ctx032k_req005,32k,32768,1000,54,32768,1000,13781,0.42056274,0.05052466,32768,33767
ctx032k_req005,32k,32768,1000,55,32768,1000,22701,0.69277954,0.05120914,32768,33767
ctx032k_req005,32k,32768,1000,56,32768,1000,16622,0.50726318,0.05019586,32768,33767
ctx032k_req005,32k,32768,1000,57,32768,1000,17211,0.52523804,0.05156015,32768,33767
ctx032k_req005,32k,32768,1000,58,32768,1000,14178,0.43267822,0.05078986,32768,33767
ctx032k_req005,32k,32768,1000,59,32768,1000,19131,0.58383179,0.05184204,32768,33767
ctx032k_req005,32k,32768,1000,60,32768,1000,15233,0.46487427,0.04917545,32768,33767
ctx032k_req006,32k,32768,1000,0,32768,1000,8207,0.25045776,0.06189252,32768,33767
ctx032k_req006,32k,32768,1000,1,32768,1000,11013,0.33609009,0.05519955,32768,33767
ctx032k_req006,32k,32768,1000,2,32768,1000,10431,0.31832886,0.05011560,32768,33767
ctx032k_req006,32k,32768,1000,3,32768,1000,6971,0.21273804,0.05666324,32768,33767
ctx032k_req006,32k,32768,1000,4,32768,1000,17369,0.53005981,0.05671130,32768,33767
ctx032k_req006,32k,32768,1000,5,32768,1000,7220,0.22033691,0.05140622,32768,33767
ctx032k_req006,32k,32768,1000,6,32768,1000,18518,0.56512451,0.05063785,32768,33767
ctx032k_req006,32k,32768,1000,7,32768,1000,15937,0.48635864,0.04949741,32768,33767
ctx032k_req006,32k,32768,1000,8,32768,1000,14725,0.44937134,0.04875247,32768,33767
ctx032k_req006,32k,32768,1000,9,32768,1000,13468,0.41101074,0.05040759,32768,33767
ctx032k_req006,32k,32768,1000,10,32768,1000,15509,0.47329712,0.05137823,32768,33767
ctx032k_req006,32k,32768,1000,11,32768,1000,21401,0.65310669,0.05190146,32768,33767
ctx032k_req006,32k,32768,1000,12,32768,1000,19938,0.60845947,0.05181238,32768,33767
ctx032k_req006,32k,32768,1000,13,32768,1000,13387,0.40853882,0.05083759,32768,33767
ctx032k_req006,32k,32768,1000,14,32768,1000,11083,0.33822632,0.05239005,32768,33767
ctx032k_req006,32k,32768,1000,15,32768,1000,15745,0.48049927,0.05230130,32768,33767
ctx032k_req006,32k,32768,1000,16,32768,1000,16687,0.50924683,0.05129385,32768,33767
ctx032k_req006,32k,32768,1000,17,32768,1000,30800,0.93994141,0.05435849,32768,33767
ctx032k_req006,32k,32768,1000,18,32768,1000,12336,0.37646484,0.05048874,32768,33767
ctx032k_req006,32k,32768,1000,19,32768,1000,18452,0.56311035,0.05109772,32768,33767
ctx032k_req006,32k,32768,1000,20,32768,1000,21240,0.64819336,0.05268552,32768,33767
ctx032k_req006,32k,32768,1000,21,32768,1000,18555,0.56625366,0.05241138,32768,33767
ctx032k_req006,32k,32768,1000,22,32768,1000,11829,0.36099243,0.05121350,32768,33767
ctx032k_req006,32k,32768,1000,23,32768,1000,14254,0.43499756,0.05116776,32768,33767
ctx032k_req006,32k,32768,1000,24,32768,1000,20136,0.61450195,0.05339774,32768,33767
ctx032k_req006,32k,32768,1000,25,32768,1000,12868,0.39270020,0.05142633,32768,33767
ctx032k_req006,32k,32768,1000,26,32768,1000,20488,0.62524414,0.05336984,32768,33767
ctx032k_req006,32k,32768,1000,27,32768,1000,19846,0.60565186,0.05414261,32768,33767
ctx032k_req006,32k,32768,1000,28,32768,1000,19939,0.60848999,0.05231183,32768,33767
ctx032k_req006,32k,32768,1000,29,32768,1000,23419,0.71469116,0.05338388,32768,33767
ctx032k_req006,32k,32768,1000,30,32768,1000,17853,0.54483032,0.05236185,32768,33767
ctx032k_req006,32k,32768,1000,31,32768,1000,18304,0.55859375,0.05264218,32768,33767
ctx032k_req006,32k,32768,1000,32,32768,1000,15945,0.48660278,0.05204440,32768,33767
ctx032k_req006,32k,32768,1000,33,32768,1000,20709,0.63198853,0.05247531,32768,33767
ctx032k_req006,32k,32768,1000,34,32768,1000,13152,0.40136719,0.05138867,32768,33767
ctx032k_req006,32k,32768,1000,35,32768,1000,17025,0.51956177,0.05196002,32768,33767
ctx032k_req006,32k,32768,1000,36,32768,1000,15561,0.47488403,0.05163733,32768,33767
ctx032k_req006,32k,32768,1000,37,32768,1000,14228,0.43420410,0.05046088,32768,33767
ctx032k_req006,32k,32768,1000,38,32768,1000,20875,0.63705444,0.05148337,32768,33767
ctx032k_req006,32k,32768,1000,39,32768,1000,22334,0.68157959,0.05170413,32768,33767
ctx032k_req006,32k,32768,1000,40,32768,1000,20417,0.62307739,0.05283829,32768,33767
ctx032k_req006,32k,32768,1000,41,32768,1000,17196,0.52478027,0.05203323,32768,33767
ctx032k_req006,32k,32768,1000,42,32768,1000,15385,0.46951294,0.05206671,32768,33767
ctx032k_req006,32k,32768,1000,43,32768,1000,21412,0.65344238,0.05330856,32768,33767
ctx032k_req006,32k,32768,1000,44,32768,1000,15986,0.48785400,0.05073749,32768,33767
ctx032k_req006,32k,32768,1000,45,32768,1000,20897,0.63772583,0.05169559,32768,33767
ctx032k_req006,32k,32768,1000,46,32768,1000,20944,0.63916016,0.05330103,32768,33767
ctx032k_req006,32k,32768,1000,47,32768,1000,12662,0.38641357,0.05076135,32768,33767
ctx032k_req006,32k,32768,1000,48,32768,1000,16413,0.50088501,0.05216583,32768,33767
ctx032k_req006,32k,32768,1000,49,32768,1000,20391,0.62228394,0.05146249,32768,33767
ctx032k_req006,32k,32768,1000,50,32768,1000,16945,0.51712036,0.05224695,32768,33767
ctx032k_req006,32k,32768,1000,51,32768,1000,17286,0.52752686,0.05140967,32768,33767
ctx032k_req006,32k,32768,1000,52,32768,1000,22448,0.68505859,0.05202921,32768,33767
ctx032k_req006,32k,32768,1000,53,32768,1000,20147,0.61483765,0.05120337,32768,33767
ctx032k_req006,32k,32768,1000,54,32768,1000,13862,0.42303467,0.05109171,32768,33767
ctx032k_req006,32k,32768,1000,55,32768,1000,21509,0.65640259,0.05160376,32768,33767
ctx032k_req006,32k,32768,1000,56,32768,1000,16626,0.50738525,0.05023703,32768,33767
ctx032k_req006,32k,32768,1000,57,32768,1000,16570,0.50567627,0.05158118,32768,33767
ctx032k_req006,32k,32768,1000,58,32768,1000,14350,0.43792725,0.05089484,32768,33767
ctx032k_req006,32k,32768,1000,59,32768,1000,18266,0.55743408,0.05171851,32768,33767
ctx032k_req006,32k,32768,1000,60,32768,1000,15159,0.46261597,0.04955206,32768,33767
ctx032k_req007,32k,32768,1000,0,32768,1000,8258,0.25201416,0.06178525,32768,33767
ctx032k_req007,32k,32768,1000,1,32768,1000,12522,0.38214111,0.05401913,32768,33767
ctx032k_req007,32k,32768,1000,2,32768,1000,11067,0.33773804,0.05050912,32768,33767
ctx032k_req007,32k,32768,1000,3,32768,1000,6456,0.19702148,0.05587238,32768,33767
ctx032k_req007,32k,32768,1000,4,32768,1000,18675,0.56991577,0.05548166,32768,33767
ctx032k_req007,32k,32768,1000,5,32768,1000,7333,0.22378540,0.05052417,32768,33767
ctx032k_req007,32k,32768,1000,6,32768,1000,19179,0.58529663,0.04984845,32768,33767
ctx032k_req007,32k,32768,1000,7,32768,1000,15883,0.48471069,0.04918231,32768,33767
ctx032k_req007,32k,32768,1000,8,32768,1000,14952,0.45629883,0.04865433,32768,33767
ctx032k_req007,32k,32768,1000,9,32768,1000,13419,0.40951538,0.05017398,32768,33767
ctx032k_req007,32k,32768,1000,10,32768,1000,15241,0.46511841,0.05109698,32768,33767
ctx032k_req007,32k,32768,1000,11,32768,1000,22927,0.69967651,0.05208014,32768,33767
ctx032k_req007,32k,32768,1000,12,32768,1000,20189,0.61611938,0.05192639,32768,33767
ctx032k_req007,32k,32768,1000,13,32768,1000,13073,0.39895630,0.05062469,32768,33767
ctx032k_req007,32k,32768,1000,14,32768,1000,11237,0.34292603,0.05238904,32768,33767
ctx032k_req007,32k,32768,1000,15,32768,1000,17003,0.51889038,0.05326422,32768,33767
ctx032k_req007,32k,32768,1000,16,32768,1000,17210,0.52520752,0.05139716,32768,33767
ctx032k_req007,32k,32768,1000,17,32768,1000,30986,0.94561768,0.05435010,32768,33767
ctx032k_req007,32k,32768,1000,18,32768,1000,12182,0.37176514,0.05072894,32768,33767
ctx032k_req007,32k,32768,1000,19,32768,1000,18900,0.57678223,0.05260519,32768,33767
ctx032k_req007,32k,32768,1000,20,32768,1000,22671,0.69186401,0.05320966,32768,33767
ctx032k_req007,32k,32768,1000,21,32768,1000,19773,0.60342407,0.05365491,32768,33767
ctx032k_req007,32k,32768,1000,22,32768,1000,11746,0.35845947,0.05167178,32768,33767
ctx032k_req007,32k,32768,1000,23,32768,1000,13947,0.42562866,0.05152353,32768,33767
ctx032k_req007,32k,32768,1000,24,32768,1000,20077,0.61270142,0.05342770,32768,33767
ctx032k_req007,32k,32768,1000,25,32768,1000,12787,0.39022827,0.05178220,32768,33767
ctx032k_req007,32k,32768,1000,26,32768,1000,21170,0.64605713,0.05336392,32768,33767
ctx032k_req007,32k,32768,1000,27,32768,1000,20383,0.62203979,0.05427966,32768,33767
ctx032k_req007,32k,32768,1000,28,32768,1000,20576,0.62792969,0.05304022,32768,33767
ctx032k_req007,32k,32768,1000,29,32768,1000,24965,0.76187134,0.05337704,32768,33767
ctx032k_req007,32k,32768,1000,30,32768,1000,19665,0.60012817,0.05287997,32768,33767
ctx032k_req007,32k,32768,1000,31,32768,1000,19035,0.58090210,0.05348309,32768,33767
ctx032k_req007,32k,32768,1000,32,32768,1000,17702,0.54022217,0.05270981,32768,33767
ctx032k_req007,32k,32768,1000,33,32768,1000,22162,0.67633057,0.05281628,32768,33767
ctx032k_req007,32k,32768,1000,34,32768,1000,12819,0.39120483,0.05178961,32768,33767
ctx032k_req007,32k,32768,1000,35,32768,1000,18443,0.56283569,0.05261707,32768,33767
ctx032k_req007,32k,32768,1000,36,32768,1000,17392,0.53076172,0.05227859,32768,33767
ctx032k_req007,32k,32768,1000,37,32768,1000,14598,0.44549561,0.05150638,32768,33767
ctx032k_req007,32k,32768,1000,38,32768,1000,24510,0.74798584,0.05323288,32768,33767
ctx032k_req007,32k,32768,1000,39,32768,1000,25979,0.79281616,0.05286185,32768,33767
ctx032k_req007,32k,32768,1000,40,32768,1000,21939,0.66952515,0.05327301,32768,33767
ctx032k_req007,32k,32768,1000,41,32768,1000,18561,0.56643677,0.05255731,32768,33767
ctx032k_req007,32k,32768,1000,42,32768,1000,16849,0.51419067,0.05198166,32768,33767
ctx032k_req007,32k,32768,1000,43,32768,1000,23590,0.71990967,0.05405182,32768,33767
ctx032k_req007,32k,32768,1000,44,32768,1000,16151,0.49288940,0.05048502,32768,33767
ctx032k_req007,32k,32768,1000,45,32768,1000,22531,0.68759155,0.05195285,32768,33767
ctx032k_req007,32k,32768,1000,46,32768,1000,22797,0.69570923,0.05355957,32768,33767
ctx032k_req007,32k,32768,1000,47,32768,1000,13580,0.41442871,0.05167691,32768,33767
ctx032k_req007,32k,32768,1000,48,32768,1000,17232,0.52587891,0.05236389,32768,33767
ctx032k_req007,32k,32768,1000,49,32768,1000,22764,0.69470215,0.05120306,32768,33767
ctx032k_req007,32k,32768,1000,50,32768,1000,17976,0.54858398,0.05257083,32768,33767
ctx032k_req007,32k,32768,1000,51,32768,1000,19096,0.58276367,0.05178275,32768,33767
ctx032k_req007,32k,32768,1000,52,32768,1000,23381,0.71353149,0.05181519,32768,33767
ctx032k_req007,32k,32768,1000,53,32768,1000,18735,0.57174683,0.05093594,32768,33767
ctx032k_req007,32k,32768,1000,54,32768,1000,14664,0.44750977,0.05117728,32768,33767
ctx032k_req007,32k,32768,1000,55,32768,1000,25119,0.76657104,0.05216074,32768,33767
ctx032k_req007,32k,32768,1000,56,32768,1000,18055,0.55099487,0.05033832,32768,33767
ctx032k_req007,32k,32768,1000,57,32768,1000,18598,0.56756592,0.05220746,32768,33767
ctx032k_req007,32k,32768,1000,58,32768,1000,14519,0.44308472,0.05059564,32768,33767
ctx032k_req007,32k,32768,1000,59,32768,1000,19839,0.60543823,0.05160513,32768,33767
ctx032k_req007,32k,32768,1000,60,32768,1000,15697,0.47903442,0.04961157,32768,33767
ctx032k_req008,32k,32768,1000,0,32768,1000,7712,0.23535156,0.06184644,32768,33767
ctx032k_req008,32k,32768,1000,1,32768,1000,12630,0.38543701,0.05388757,32768,33767
ctx032k_req008,32k,32768,1000,2,32768,1000,10675,0.32577515,0.04981619,32768,33767
ctx032k_req008,32k,32768,1000,3,32768,1000,6570,0.20050049,0.05620663,32768,33767
ctx032k_req008,32k,32768,1000,4,32768,1000,18900,0.57678223,0.05607407,32768,33767
ctx032k_req008,32k,32768,1000,5,32768,1000,6614,0.20184326,0.05153128,32768,33767
ctx032k_req008,32k,32768,1000,6,32768,1000,18064,0.55126953,0.05039038,32768,33767
ctx032k_req008,32k,32768,1000,7,32768,1000,15489,0.47268677,0.04956155,32768,33767
ctx032k_req008,32k,32768,1000,8,32768,1000,14979,0.45712280,0.04887183,32768,33767
ctx032k_req008,32k,32768,1000,9,32768,1000,14011,0.42758179,0.05092020,32768,33767
ctx032k_req008,32k,32768,1000,10,32768,1000,14961,0.45657349,0.05143381,32768,33767
ctx032k_req008,32k,32768,1000,11,32768,1000,22170,0.67657471,0.05113470,32768,33767
ctx032k_req008,32k,32768,1000,12,32768,1000,20483,0.62509155,0.05099417,32768,33767
ctx032k_req008,32k,32768,1000,13,32768,1000,13837,0.42227173,0.05026334,32768,33767
ctx032k_req008,32k,32768,1000,14,32768,1000,10920,0.33325195,0.05156815,32768,33767
ctx032k_req008,32k,32768,1000,15,32768,1000,16314,0.49786377,0.05138025,32768,33767
ctx032k_req008,32k,32768,1000,16,32768,1000,16824,0.51342773,0.05033493,32768,33767
ctx032k_req008,32k,32768,1000,17,32768,1000,30354,0.92633057,0.05280118,32768,33767
ctx032k_req008,32k,32768,1000,18,32768,1000,12908,0.39392090,0.05002347,32768,33767
ctx032k_req008,32k,32768,1000,19,32768,1000,17675,0.53939819,0.05068982,32768,33767
ctx032k_req008,32k,32768,1000,20,32768,1000,22372,0.68273926,0.05185513,32768,33767
ctx032k_req008,32k,32768,1000,21,32768,1000,18734,0.57171631,0.05183975,32768,33767
ctx032k_req008,32k,32768,1000,22,32768,1000,11497,0.35086060,0.05076141,32768,33767
ctx032k_req008,32k,32768,1000,23,32768,1000,14173,0.43252563,0.05117261,32768,33767
ctx032k_req008,32k,32768,1000,24,32768,1000,21113,0.64431763,0.05317896,32768,33767
ctx032k_req008,32k,32768,1000,25,32768,1000,13214,0.40325928,0.05131113,32768,33767
ctx032k_req008,32k,32768,1000,26,32768,1000,20517,0.62612915,0.05312027,32768,33767
ctx032k_req008,32k,32768,1000,27,32768,1000,19668,0.60021973,0.05378427,32768,33767
ctx032k_req008,32k,32768,1000,28,32768,1000,19860,0.60607910,0.05210873,32768,33767
ctx032k_req008,32k,32768,1000,29,32768,1000,23189,0.70767212,0.05318280,32768,33767
ctx032k_req008,32k,32768,1000,30,32768,1000,18066,0.55133057,0.05203101,32768,33767
ctx032k_req008,32k,32768,1000,31,32768,1000,18720,0.57128906,0.05339185,32768,33767
ctx032k_req008,32k,32768,1000,32,32768,1000,16152,0.49291992,0.05283096,32768,33767
ctx032k_req008,32k,32768,1000,33,32768,1000,20517,0.62612915,0.05302252,32768,33767
ctx032k_req008,32k,32768,1000,34,32768,1000,11690,0.35675049,0.05205579,32768,33767
ctx032k_req008,32k,32768,1000,35,32768,1000,16986,0.51837158,0.05243591,32768,33767
ctx032k_req008,32k,32768,1000,36,32768,1000,16214,0.49481201,0.05130133,32768,33767
ctx032k_req008,32k,32768,1000,37,32768,1000,12327,0.37619019,0.05007397,32768,33767
ctx032k_req008,32k,32768,1000,38,32768,1000,20755,0.63339233,0.05091891,32768,33767
ctx032k_req008,32k,32768,1000,39,32768,1000,21717,0.66275024,0.05093140,32768,33767
ctx032k_req008,32k,32768,1000,40,32768,1000,20776,0.63403320,0.05235086,32768,33767
ctx032k_req008,32k,32768,1000,41,32768,1000,15946,0.48663330,0.05070270,32768,33767
ctx032k_req008,32k,32768,1000,42,32768,1000,15554,0.47467041,0.05102771,32768,33767
ctx032k_req008,32k,32768,1000,43,32768,1000,21432,0.65405273,0.05281253,32768,33767
ctx032k_req008,32k,32768,1000,44,32768,1000,15380,0.46936035,0.05021439,32768,33767
ctx032k_req008,32k,32768,1000,45,32768,1000,19183,0.58541870,0.05116473,32768,33767
ctx032k_req008,32k,32768,1000,46,32768,1000,20704,0.63183594,0.05213019,32768,33767
ctx032k_req008,32k,32768,1000,47,32768,1000,11604,0.35412598,0.05000262,32768,33767
ctx032k_req008,32k,32768,1000,48,32768,1000,14409,0.43972778,0.05142221,32768,33767
ctx032k_req008,32k,32768,1000,49,32768,1000,20471,0.62472534,0.05055017,32768,33767
ctx032k_req008,32k,32768,1000,50,32768,1000,16642,0.50787354,0.05132578,32768,33767
ctx032k_req008,32k,32768,1000,51,32768,1000,16395,0.50033569,0.05054431,32768,33767
ctx032k_req008,32k,32768,1000,52,32768,1000,21124,0.64465332,0.05024561,32768,33767
ctx032k_req008,32k,32768,1000,53,32768,1000,19263,0.58786011,0.05015601,32768,33767
ctx032k_req008,32k,32768,1000,54,32768,1000,13593,0.41482544,0.05037018,32768,33767
ctx032k_req008,32k,32768,1000,55,32768,1000,22579,0.68905640,0.05052432,32768,33767
ctx032k_req008,32k,32768,1000,56,32768,1000,16384,0.50000000,0.04976764,32768,33767
ctx032k_req008,32k,32768,1000,57,32768,1000,16473,0.50271606,0.05126160,32768,33767
ctx032k_req008,32k,32768,1000,58,32768,1000,13403,0.40902710,0.05088446,32768,33767
ctx032k_req008,32k,32768,1000,59,32768,1000,18490,0.56427002,0.05132153,32768,33767
ctx032k_req008,32k,32768,1000,60,32768,1000,14826,0.45245361,0.04933340,32768,33767
ctx032k_req009,32k,32768,1000,0,32768,1000,7984,0.24365234,0.06163177,32768,33767
ctx032k_req009,32k,32768,1000,1,32768,1000,13741,0.41934204,0.05365634,32768,33767
ctx032k_req009,32k,32768,1000,2,32768,1000,10916,0.33312988,0.04998010,32768,33767
ctx032k_req009,32k,32768,1000,3,32768,1000,6809,0.20779419,0.05518274,32768,33767
ctx032k_req009,32k,32768,1000,4,32768,1000,18636,0.56872559,0.05523145,32768,33767
ctx032k_req009,32k,32768,1000,5,32768,1000,7175,0.21896362,0.04970917,32768,33767
ctx032k_req009,32k,32768,1000,6,32768,1000,18174,0.55462646,0.04871017,32768,33767
ctx032k_req009,32k,32768,1000,7,32768,1000,15337,0.46804810,0.04812509,32768,33767
ctx032k_req009,32k,32768,1000,8,32768,1000,14777,0.45095825,0.04797833,32768,33767
ctx032k_req009,32k,32768,1000,9,32768,1000,13196,0.40270996,0.04919986,32768,33767
ctx032k_req009,32k,32768,1000,10,32768,1000,14808,0.45190430,0.04962732,32768,33767
ctx032k_req009,32k,32768,1000,11,32768,1000,21916,0.66882324,0.05018579,32768,33767
ctx032k_req009,32k,32768,1000,12,32768,1000,19754,0.60284424,0.04995612,32768,33767
ctx032k_req009,32k,32768,1000,13,32768,1000,13333,0.40689087,0.04929935,32768,33767
ctx032k_req009,32k,32768,1000,14,32768,1000,10908,0.33288574,0.05039536,32768,33767
ctx032k_req009,32k,32768,1000,15,32768,1000,15297,0.46682739,0.05101422,32768,33767
ctx032k_req009,32k,32768,1000,16,32768,1000,16565,0.50552368,0.04917859,32768,33767
ctx032k_req009,32k,32768,1000,17,32768,1000,30578,0.93316650,0.05222314,32768,33767
ctx032k_req009,32k,32768,1000,18,32768,1000,11978,0.36553955,0.04901163,32768,33767
ctx032k_req009,32k,32768,1000,19,32768,1000,16947,0.51718140,0.04997192,32768,33767
ctx032k_req009,32k,32768,1000,20,32768,1000,21108,0.64416504,0.05147314,32768,33767
ctx032k_req009,32k,32768,1000,21,32768,1000,18146,0.55377197,0.05212054,32768,33767
ctx032k_req009,32k,32768,1000,22,32768,1000,11616,0.35449219,0.05018115,32768,33767
ctx032k_req009,32k,32768,1000,23,32768,1000,14137,0.43142700,0.05001761,32768,33767
ctx032k_req009,32k,32768,1000,24,32768,1000,19712,0.60156250,0.05243024,32768,33767
ctx032k_req009,32k,32768,1000,25,32768,1000,12446,0.37982178,0.05031076,32768,33767
ctx032k_req009,32k,32768,1000,26,32768,1000,20583,0.62814331,0.05165649,32768,33767
ctx032k_req009,32k,32768,1000,27,32768,1000,19482,0.59454346,0.05281207,32768,33767
ctx032k_req009,32k,32768,1000,28,32768,1000,19693,0.60098267,0.05121677,32768,33767
ctx032k_req009,32k,32768,1000,29,32768,1000,23857,0.72805786,0.05180200,32768,33767
ctx032k_req009,32k,32768,1000,30,32768,1000,17664,0.53906250,0.05105807,32768,33767
ctx032k_req009,32k,32768,1000,31,32768,1000,18200,0.55541992,0.05178970,32768,33767
ctx032k_req009,32k,32768,1000,32,32768,1000,16100,0.49133301,0.05086234,32768,33767
ctx032k_req009,32k,32768,1000,33,32768,1000,21153,0.64553833,0.05134338,32768,33767
ctx032k_req009,32k,32768,1000,34,32768,1000,11840,0.36132812,0.05031152,32768,33767
ctx032k_req009,32k,32768,1000,35,32768,1000,17120,0.52246094,0.05107468,32768,33767
ctx032k_req009,32k,32768,1000,36,32768,1000,16405,0.50064087,0.05054886,32768,33767
ctx032k_req009,32k,32768,1000,37,32768,1000,13658,0.41680908,0.04900192,32768,33767
ctx032k_req009,32k,32768,1000,38,32768,1000,22217,0.67800903,0.05023230,32768,33767
ctx032k_req009,32k,32768,1000,39,32768,1000,24041,0.73367310,0.05007974,32768,33767
ctx032k_req009,32k,32768,1000,40,32768,1000,20160,0.61523438,0.05115686,32768,33767
ctx032k_req009,32k,32768,1000,41,32768,1000,16812,0.51306152,0.04998880,32768,33767
ctx032k_req009,32k,32768,1000,42,32768,1000,15241,0.46511841,0.05017859,32768,33767
ctx032k_req009,32k,32768,1000,43,32768,1000,22244,0.67883301,0.05193332,32768,33767
ctx032k_req009,32k,32768,1000,44,32768,1000,15404,0.47009277,0.04912347,32768,33767
ctx032k_req009,32k,32768,1000,45,32768,1000,20477,0.62490845,0.05033023,32768,33767
ctx032k_req009,32k,32768,1000,46,32768,1000,21283,0.64950562,0.05167606,32768,33767
ctx032k_req009,32k,32768,1000,47,32768,1000,13037,0.39785767,0.04935599,32768,33767
ctx032k_req009,32k,32768,1000,48,32768,1000,15426,0.47076416,0.05018460,32768,33767
ctx032k_req009,32k,32768,1000,49,32768,1000,21281,0.64944458,0.04957578,32768,33767
ctx032k_req009,32k,32768,1000,50,32768,1000,17118,0.52239990,0.05023511,32768,33767
ctx032k_req009,32k,32768,1000,51,32768,1000,18475,0.56381226,0.04985153,32768,33767
ctx032k_req009,32k,32768,1000,52,32768,1000,22288,0.68017578,0.04930621,32768,33767
ctx032k_req009,32k,32768,1000,53,32768,1000,19089,0.58255005,0.04883847,32768,33767
ctx032k_req009,32k,32768,1000,54,32768,1000,13646,0.41644287,0.04892929,32768,33767
ctx032k_req009,32k,32768,1000,55,32768,1000,23127,0.70578003,0.04948465,32768,33767
ctx032k_req009,32k,32768,1000,56,32768,1000,16921,0.51638794,0.04854263,32768,33767
ctx032k_req009,32k,32768,1000,57,32768,1000,17817,0.54373169,0.04909772,32768,33767
ctx032k_req009,32k,32768,1000,58,32768,1000,14453,0.44107056,0.04898129,32768,33767
ctx032k_req009,32k,32768,1000,59,32768,1000,18662,0.56951904,0.04993930,32768,33767
ctx032k_req009,32k,32768,1000,60,32768,1000,15756,0.48083496,0.04800314,32768,33767
ctx032k_req010,32k,32768,1000,0,32768,1000,8022,0.24481201,0.06197159,32768,33767
ctx032k_req010,32k,32768,1000,1,32768,1000,11753,0.35867310,0.05392545,32768,33767
ctx032k_req010,32k,32768,1000,2,32768,1000,10489,0.32009888,0.04981763,32768,33767
ctx032k_req010,32k,32768,1000,3,32768,1000,6772,0.20666504,0.05538095,32768,33767
ctx032k_req010,32k,32768,1000,4,32768,1000,18568,0.56665039,0.05537433,32768,33767
ctx032k_req010,32k,32768,1000,5,32768,1000,6862,0.20941162,0.05047614,32768,33767
ctx032k_req010,32k,32768,1000,6,32768,1000,18267,0.55746460,0.04984634,32768,33767
ctx032k_req010,32k,32768,1000,7,32768,1000,15475,0.47225952,0.04875034,32768,33767
ctx032k_req010,32k,32768,1000,8,32768,1000,14416,0.43994141,0.04845987,32768,33767
ctx032k_req010,32k,32768,1000,9,32768,1000,13462,0.41082764,0.05091113,32768,33767
ctx032k_req010,32k,32768,1000,10,32768,1000,15369,0.46902466,0.05167865,32768,33767
ctx032k_req010,32k,32768,1000,11,32768,1000,21369,0.65213013,0.05115161,32768,33767
ctx032k_req010,32k,32768,1000,12,32768,1000,19863,0.60617065,0.05105945,32768,33767
ctx032k_req010,32k,32768,1000,13,32768,1000,12999,0.39669800,0.05025085,32768,33767
ctx032k_req010,32k,32768,1000,14,32768,1000,10606,0.32366943,0.05210266,32768,33767
ctx032k_req010,32k,32768,1000,15,32768,1000,15816,0.48266602,0.05221338,32768,33767
ctx032k_req010,32k,32768,1000,16,32768,1000,16218,0.49493408,0.05105908,32768,33767
ctx032k_req010,32k,32768,1000,17,32768,1000,29903,0.91256714,0.05379825,32768,33767
ctx032k_req010,32k,32768,1000,18,32768,1000,11608,0.35424805,0.04982428,32768,33767
ctx032k_req010,32k,32768,1000,19,32768,1000,17170,0.52398682,0.05059570,32768,33767
ctx032k_req010,32k,32768,1000,20,32768,1000,19397,0.59194946,0.05237604,32768,33767
ctx032k_req010,32k,32768,1000,21,32768,1000,17842,0.54449463,0.05240222,32768,33767
ctx032k_req010,32k,32768,1000,22,32768,1000,11472,0.35009766,0.05127386,32768,33767
ctx032k_req010,32k,32768,1000,23,32768,1000,13416,0.40942383,0.05095242,32768,33767
ctx032k_req010,32k,32768,1000,24,32768,1000,18984,0.57934570,0.05386191,32768,33767
ctx032k_req010,32k,32768,1000,25,32768,1000,12517,0.38198853,0.05158063,32768,33767
ctx032k_req010,32k,32768,1000,26,32768,1000,19925,0.60806274,0.05311414,32768,33767
ctx032k_req010,32k,32768,1000,27,32768,1000,18919,0.57736206,0.05391464,32768,33767
ctx032k_req010,32k,32768,1000,28,32768,1000,19381,0.59146118,0.05203006,32768,33767
ctx032k_req010,32k,32768,1000,29,32768,1000,23222,0.70867920,0.05253488,32768,33767
ctx032k_req010,32k,32768,1000,30,32768,1000,18243,0.55673218,0.05222177,32768,33767
ctx032k_req010,32k,32768,1000,31,32768,1000,17834,0.54425049,0.05270908,32768,33767
ctx032k_req010,32k,32768,1000,32,32768,1000,15656,0.47778320,0.05187311,32768,33767
ctx032k_req010,32k,32768,1000,33,32768,1000,19782,0.60369873,0.05271399,32768,33767
ctx032k_req010,32k,32768,1000,34,32768,1000,11720,0.35766602,0.05188446,32768,33767
ctx032k_req010,32k,32768,1000,35,32768,1000,16547,0.50497437,0.05238040,32768,33767
ctx032k_req010,32k,32768,1000,36,32768,1000,15636,0.47717285,0.05187274,32768,33767
ctx032k_req010,32k,32768,1000,37,32768,1000,13649,0.41653442,0.05089838,32768,33767
ctx032k_req010,32k,32768,1000,38,32768,1000,20735,0.63278198,0.05260278,32768,33767
ctx032k_req010,32k,32768,1000,39,32768,1000,22148,0.67590332,0.05200140,32768,33767
ctx032k_req010,32k,32768,1000,40,32768,1000,19732,0.60217285,0.05324579,32768,33767
ctx032k_req010,32k,32768,1000,41,32768,1000,15930,0.48614502,0.05211575,32768,33767
ctx032k_req010,32k,32768,1000,42,32768,1000,14820,0.45227051,0.05236996,32768,33767
ctx032k_req010,32k,32768,1000,43,32768,1000,20594,0.62847900,0.05316400,32768,33767
ctx032k_req010,32k,32768,1000,44,32768,1000,15499,0.47299194,0.05077054,32768,33767
ctx032k_req010,32k,32768,1000,45,32768,1000,19864,0.60620117,0.05216766,32768,33767
ctx032k_req010,32k,32768,1000,46,32768,1000,19683,0.60067749,0.05390912,32768,33767
ctx032k_req010,32k,32768,1000,47,32768,1000,11756,0.35876465,0.05170169,32768,33767
ctx032k_req010,32k,32768,1000,48,32768,1000,14647,0.44699097,0.05314404,32768,33767
ctx032k_req010,32k,32768,1000,49,32768,1000,20277,0.61880493,0.05103497,32768,33767
ctx032k_req010,32k,32768,1000,50,32768,1000,15900,0.48522949,0.05278528,32768,33767
ctx032k_req010,32k,32768,1000,51,32768,1000,17082,0.52130127,0.05262128,32768,33767
ctx032k_req010,32k,32768,1000,52,32768,1000,20791,0.63449097,0.05231482,32768,33767
ctx032k_req010,32k,32768,1000,53,32768,1000,18454,0.56317139,0.05154111,32768,33767
ctx032k_req010,32k,32768,1000,54,32768,1000,13679,0.41744995,0.05148288,32768,33767
ctx032k_req010,32k,32768,1000,55,32768,1000,21172,0.64611816,0.05199820,32768,33767
ctx032k_req010,32k,32768,1000,56,32768,1000,16203,0.49447632,0.05079544,32768,33767
ctx032k_req010,32k,32768,1000,57,32768,1000,16051,0.48983765,0.05233948,32768,33767
ctx032k_req010,32k,32768,1000,58,32768,1000,13889,0.42385864,0.05088248,32768,33767
ctx032k_req010,32k,32768,1000,59,32768,1000,18438,0.56268311,0.05174777,32768,33767
ctx032k_req010,32k,32768,1000,60,32768,1000,14320,0.43701172,0.04889377,32768,33767
ctx032k_req011,32k,32768,1000,0,32768,1000,7837,0.23916626,0.06174060,32768,33767
ctx032k_req011,32k,32768,1000,1,32768,1000,12721,0.38821411,0.05400815,32768,33767
ctx032k_req011,32k,32768,1000,2,32768,1000,10808,0.32983398,0.05041724,32768,33767
ctx032k_req011,32k,32768,1000,3,32768,1000,6195,0.18905640,0.05563870,32768,33767
ctx032k_req011,32k,32768,1000,4,32768,1000,18417,0.56204224,0.05526813,32768,33767
ctx032k_req011,32k,32768,1000,5,32768,1000,7157,0.21841431,0.05146170,32768,33767
ctx032k_req011,32k,32768,1000,6,32768,1000,18551,0.56613159,0.05033307,32768,33767
ctx032k_req011,32k,32768,1000,7,32768,1000,15833,0.48318481,0.04997125,32768,33767
ctx032k_req011,32k,32768,1000,8,32768,1000,14430,0.44036865,0.04866199,32768,33767
ctx032k_req011,32k,32768,1000,9,32768,1000,14054,0.42889404,0.05238516,32768,33767
ctx032k_req011,32k,32768,1000,10,32768,1000,15415,0.47042847,0.05224911,32768,33767
ctx032k_req011,32k,32768,1000,11,32768,1000,22198,0.67742920,0.05315747,32768,33767
ctx032k_req011,32k,32768,1000,12,32768,1000,19632,0.59912109,0.05168198,32768,33767
ctx032k_req011,32k,32768,1000,13,32768,1000,13428,0.40979004,0.05073871,32768,33767
ctx032k_req011,32k,32768,1000,14,32768,1000,10744,0.32788086,0.05310226,32768,33767
ctx032k_req011,32k,32768,1000,15,32768,1000,16959,0.51754761,0.05378146,32768,33767
ctx032k_req011,32k,32768,1000,16,32768,1000,17307,0.52816772,0.05126392,32768,33767
ctx032k_req011,32k,32768,1000,17,32768,1000,29595,0.90316772,0.05475015,32768,33767
ctx032k_req011,32k,32768,1000,18,32768,1000,12452,0.38000488,0.05096310,32768,33767
ctx032k_req011,32k,32768,1000,19,32768,1000,18335,0.55953979,0.05276312,32768,33767
ctx032k_req011,32k,32768,1000,20,32768,1000,20859,0.63656616,0.05383304,32768,33767
ctx032k_req011,32k,32768,1000,21,32768,1000,19208,0.58618164,0.05474500,32768,33767
ctx032k_req011,32k,32768,1000,22,32768,1000,11900,0.36315918,0.05201563,32768,33767
ctx032k_req011,32k,32768,1000,23,32768,1000,14823,0.45236206,0.05246454,32768,33767
ctx032k_req011,32k,32768,1000,24,32768,1000,20259,0.61825562,0.05533362,32768,33767
ctx032k_req011,32k,32768,1000,25,32768,1000,14014,0.42767334,0.05291180,32768,33767
ctx032k_req011,32k,32768,1000,26,32768,1000,22014,0.67181396,0.05511429,32768,33767
ctx032k_req011,32k,32768,1000,27,32768,1000,21322,0.65069580,0.05606345,32768,33767
ctx032k_req011,32k,32768,1000,28,32768,1000,21137,0.64505005,0.05501089,32768,33767
ctx032k_req011,32k,32768,1000,29,32768,1000,24740,0.75500488,0.05526562,32768,33767
ctx032k_req011,32k,32768,1000,30,32768,1000,20269,0.61856079,0.05439212,32768,33767
ctx032k_req011,32k,32768,1000,31,32768,1000,19624,0.59887695,0.05466714,32768,33767
ctx032k_req011,32k,32768,1000,32,32768,1000,18361,0.56033325,0.05469794,32768,33767
ctx032k_req011,32k,32768,1000,33,32768,1000,22723,0.69345093,0.05534491,32768,33767
ctx032k_req011,32k,32768,1000,34,32768,1000,14393,0.43923950,0.05448712,32768,33767
ctx032k_req011,32k,32768,1000,35,32768,1000,20045,0.61172485,0.05506543,32768,33767
ctx032k_req011,32k,32768,1000,36,32768,1000,18293,0.55825806,0.05392709,32768,33767
ctx032k_req011,32k,32768,1000,37,32768,1000,15288,0.46655273,0.05400906,32768,33767
ctx032k_req011,32k,32768,1000,38,32768,1000,24119,0.73605347,0.05547580,32768,33767
ctx032k_req011,32k,32768,1000,39,32768,1000,25042,0.76422119,0.05467673,32768,33767
ctx032k_req011,32k,32768,1000,40,32768,1000,22147,0.67587280,0.05505722,32768,33767
ctx032k_req011,32k,32768,1000,41,32768,1000,18816,0.57421875,0.05436194,32768,33767
ctx032k_req011,32k,32768,1000,42,32768,1000,17031,0.51974487,0.05368671,32768,33767
ctx032k_req011,32k,32768,1000,43,32768,1000,23117,0.70547485,0.05593747,32768,33767
ctx032k_req011,32k,32768,1000,44,32768,1000,15868,0.48425293,0.05197327,32768,33767
ctx032k_req011,32k,32768,1000,45,32768,1000,22392,0.68334961,0.05380783,32768,33767
ctx032k_req011,32k,32768,1000,46,32768,1000,23306,0.71124268,0.05592404,32768,33767
ctx032k_req011,32k,32768,1000,47,32768,1000,14004,0.42736816,0.05396237,32768,33767
ctx032k_req011,32k,32768,1000,48,32768,1000,18209,0.55569458,0.05485269,32768,33767
ctx032k_req011,32k,32768,1000,49,32768,1000,23089,0.70462036,0.05297903,32768,33767
ctx032k_req011,32k,32768,1000,50,32768,1000,18768,0.57275391,0.05482343,32768,33767
ctx032k_req011,32k,32768,1000,51,32768,1000,19556,0.59680176,0.05423154,32768,33767
ctx032k_req011,32k,32768,1000,52,32768,1000,22630,0.69061279,0.05365097,32768,33767
ctx032k_req011,32k,32768,1000,53,32768,1000,19366,0.59100342,0.05266571,32768,33767
ctx032k_req011,32k,32768,1000,54,32768,1000,15690,0.47882080,0.05314072,32768,33767
ctx032k_req011,32k,32768,1000,55,32768,1000,24080,0.73486328,0.05407532,32768,33767
ctx032k_req011,32k,32768,1000,56,32768,1000,18957,0.57852173,0.05249017,32768,33767
ctx032k_req011,32k,32768,1000,57,32768,1000,18803,0.57382202,0.05406848,32768,33767
ctx032k_req011,32k,32768,1000,58,32768,1000,15303,0.46701050,0.05188995,32768,33767
ctx032k_req011,32k,32768,1000,59,32768,1000,20046,0.61175537,0.05351346,32768,33767
ctx032k_req011,32k,32768,1000,60,32768,1000,16398,0.50042725,0.05105829,32768,33767
ctx032k_req012,32k,32768,1000,0,32768,1000,7736,0.23608398,0.06158246,32768,33767
ctx032k_req012,32k,32768,1000,1,32768,1000,12330,0.37628174,0.05406900,32768,33767
ctx032k_req012,32k,32768,1000,2,32768,1000,11361,0.34671021,0.04913489,32768,33767
ctx032k_req012,32k,32768,1000,3,32768,1000,6340,0.19348145,0.05545126,32768,33767
ctx032k_req012,32k,32768,1000,4,32768,1000,18812,0.57409668,0.05539789,32768,33767
ctx032k_req012,32k,32768,1000,5,32768,1000,6854,0.20916748,0.05103647,32768,33767
ctx032k_req012,32k,32768,1000,6,32768,1000,17827,0.54403687,0.04993552,32768,33767
ctx032k_req012,32k,32768,1000,7,32768,1000,15247,0.46530151,0.04942001,32768,33767
ctx032k_req012,32k,32768,1000,8,32768,1000,14502,0.44256592,0.04859656,32768,33767
ctx032k_req012,32k,32768,1000,9,32768,1000,13034,0.39776611,0.05166751,32768,33767
ctx032k_req012,32k,32768,1000,10,32768,1000,14788,0.45129395,0.05202792,32768,33767
ctx032k_req012,32k,32768,1000,11,32768,1000,20483,0.62509155,0.05201767,32768,33767
ctx032k_req012,32k,32768,1000,12,32768,1000,20088,0.61303711,0.05094907,32768,33767
ctx032k_req012,32k,32768,1000,13,32768,1000,13631,0.41598511,0.05032648,32768,33767
ctx032k_req012,32k,32768,1000,14,32768,1000,10990,0.33538818,0.05228857,32768,33767
ctx032k_req012,32k,32768,1000,15,32768,1000,15517,0.47354126,0.05251651,32768,33767
ctx032k_req012,32k,32768,1000,16,32768,1000,16685,0.50918579,0.05144333,32768,33767
ctx032k_req012,32k,32768,1000,17,32768,1000,29251,0.89266968,0.05451169,32768,33767
ctx032k_req012,32k,32768,1000,18,32768,1000,12774,0.38983154,0.05019348,32768,33767
ctx032k_req012,32k,32768,1000,19,32768,1000,16910,0.51605225,0.05181216,32768,33767
ctx032k_req012,32k,32768,1000,20,32768,1000,20768,0.63378906,0.05319891,32768,33767
ctx032k_req012,32k,32768,1000,21,32768,1000,17844,0.54455566,0.05355856,32768,33767
ctx032k_req012,32k,32768,1000,22,32768,1000,11628,0.35485840,0.05170224,32768,33767
ctx032k_req012,32k,32768,1000,23,32768,1000,14021,0.42788696,0.05183862,32768,33767
ctx032k_req012,32k,32768,1000,24,32768,1000,20573,0.62783813,0.05409863,32768,33767
ctx032k_req012,32k,32768,1000,25,32768,1000,13361,0.40774536,0.05197467,32768,33767
ctx032k_req012,32k,32768,1000,26,32768,1000,21207,0.64718628,0.05369388,32768,33767
ctx032k_req012,32k,32768,1000,27,32768,1000,20507,0.62582397,0.05509518,32768,33767
ctx032k_req012,32k,32768,1000,28,32768,1000,19996,0.61022949,0.05356830,32768,33767
ctx032k_req012,32k,32768,1000,29,32768,1000,23736,0.72436523,0.05392175,32768,33767
ctx032k_req012,32k,32768,1000,30,32768,1000,18293,0.55825806,0.05331000,32768,33767
ctx032k_req012,32k,32768,1000,31,32768,1000,18693,0.57046509,0.05348975,32768,33767
ctx032k_req012,32k,32768,1000,32,32768,1000,16429,0.50137329,0.05298715,32768,33767
ctx032k_req012,32k,32768,1000,33,32768,1000,21531,0.65707397,0.05344186,32768,33767
ctx032k_req012,32k,32768,1000,34,32768,1000,12861,0.39248657,0.05269519,32768,33767
ctx032k_req012,32k,32768,1000,35,32768,1000,17712,0.54052734,0.05248950,32768,33767
ctx032k_req012,32k,32768,1000,36,32768,1000,17129,0.52273560,0.05276428,32768,33767
ctx032k_req012,32k,32768,1000,37,32768,1000,14360,0.43823242,0.05259122,32768,33767
ctx032k_req012,32k,32768,1000,38,32768,1000,21378,0.65240479,0.05344614,32768,33767
ctx032k_req012,32k,32768,1000,39,32768,1000,22674,0.69195557,0.05298804,32768,33767
ctx032k_req012,32k,32768,1000,40,32768,1000,20781,0.63418579,0.05384473,32768,33767
ctx032k_req012,32k,32768,1000,41,32768,1000,17172,0.52404785,0.05274670,32768,33767
ctx032k_req012,32k,32768,1000,42,32768,1000,15536,0.47412109,0.05297559,32768,33767
ctx032k_req012,32k,32768,1000,43,32768,1000,21655,0.66085815,0.05461472,32768,33767
ctx032k_req012,32k,32768,1000,44,32768,1000,15168,0.46289062,0.05147202,32768,33767
ctx032k_req012,32k,32768,1000,45,32768,1000,20884,0.63732910,0.05324451,32768,33767
ctx032k_req012,32k,32768,1000,46,32768,1000,21212,0.64733887,0.05438110,32768,33767
ctx032k_req012,32k,32768,1000,47,32768,1000,12557,0.38320923,0.05270801,32768,33767
ctx032k_req012,32k,32768,1000,48,32768,1000,15796,0.48205566,0.05360333,32768,33767
ctx032k_req012,32k,32768,1000,49,32768,1000,21187,0.64657593,0.05237311,32768,33767
ctx032k_req012,32k,32768,1000,50,32768,1000,17870,0.54534912,0.05348203,32768,33767
ctx032k_req012,32k,32768,1000,51,32768,1000,17771,0.54232788,0.05351288,32768,33767
ctx032k_req012,32k,32768,1000,52,32768,1000,21321,0.65066528,0.05286249,32768,33767
ctx032k_req012,32k,32768,1000,53,32768,1000,20470,0.62469482,0.05193805,32768,33767
ctx032k_req012,32k,32768,1000,54,32768,1000,14051,0.42880249,0.05239648,32768,33767
ctx032k_req012,32k,32768,1000,55,32768,1000,21941,0.66958618,0.05307501,32768,33767
ctx032k_req012,32k,32768,1000,56,32768,1000,16517,0.50405884,0.05154214,32768,33767
ctx032k_req012,32k,32768,1000,57,32768,1000,16562,0.50543213,0.05294498,32768,33767
ctx032k_req012,32k,32768,1000,58,32768,1000,14411,0.43978882,0.05185770,32768,33767
ctx032k_req012,32k,32768,1000,59,32768,1000,18471,0.56369019,0.05275085,32768,33767
ctx032k_req012,32k,32768,1000,60,32768,1000,15342,0.46820068,0.05008151,32768,33767
ctx032k_req013,32k,32768,1000,0,32768,1000,7895,0.24093628,0.06186969,32768,33767
ctx032k_req013,32k,32768,1000,1,32768,1000,12308,0.37561035,0.05420844,32768,33767
ctx032k_req013,32k,32768,1000,2,32768,1000,10948,0.33410645,0.05062643,32768,33767
ctx032k_req013,32k,32768,1000,3,32768,1000,6323,0.19296265,0.05631970,32768,33767
ctx032k_req013,32k,32768,1000,4,32768,1000,19104,0.58300781,0.05606921,32768,33767
ctx032k_req013,32k,32768,1000,5,32768,1000,6894,0.21038818,0.05169238,32768,33767
ctx032k_req013,32k,32768,1000,6,32768,1000,18070,0.55145264,0.05051248,32768,33767
ctx032k_req013,32k,32768,1000,7,32768,1000,15624,0.47680664,0.05026508,32768,33767
ctx032k_req013,32k,32768,1000,8,32768,1000,14713,0.44900513,0.04923907,32768,33767
ctx032k_req013,32k,32768,1000,9,32768,1000,14589,0.44522095,0.05247507,32768,33767
ctx032k_req013,32k,32768,1000,10,32768,1000,15118,0.46136475,0.05263461,32768,33767
ctx032k_req013,32k,32768,1000,11,32768,1000,22513,0.68704224,0.05286591,32768,33767
ctx032k_req013,32k,32768,1000,12,32768,1000,20341,0.62075806,0.05186752,32768,33767
ctx032k_req013,32k,32768,1000,13,32768,1000,13900,0.42419434,0.05120889,32768,33767
ctx032k_req013,32k,32768,1000,14,32768,1000,11380,0.34729004,0.05350562,32768,33767
ctx032k_req013,32k,32768,1000,15,32768,1000,16970,0.51788330,0.05351471,32768,33767
ctx032k_req013,32k,32768,1000,16,32768,1000,17407,0.53121948,0.05192056,32768,33767
ctx032k_req013,32k,32768,1000,17,32768,1000,30579,0.93319702,0.05441315,32768,33767
ctx032k_req013,32k,32768,1000,18,32768,1000,12423,0.37911987,0.05071887,32768,33767
ctx032k_req013,32k,32768,1000,19,32768,1000,18830,0.57464600,0.05209866,32768,33767
ctx032k_req013,32k,32768,1000,20,32768,1000,22032,0.67236328,0.05318353,32768,33767
ctx032k_req013,32k,32768,1000,21,32768,1000,19416,0.59252930,0.05329895,32768,33767
ctx032k_req013,32k,32768,1000,22,32768,1000,11546,0.35235596,0.05135266,32768,33767
ctx032k_req013,32k,32768,1000,23,32768,1000,14566,0.44451904,0.05205988,32768,33767
ctx032k_req013,32k,32768,1000,24,32768,1000,20657,0.63040161,0.05419162,32768,33767
ctx032k_req013,32k,32768,1000,25,32768,1000,13522,0.41265869,0.05260498,32768,33767
ctx032k_req013,32k,32768,1000,26,32768,1000,21248,0.64843750,0.05465097,32768,33767
ctx032k_req013,32k,32768,1000,27,32768,1000,20791,0.63449097,0.05540088,32768,33767
ctx032k_req013,32k,32768,1000,28,32768,1000,21255,0.64865112,0.05402835,32768,33767
ctx032k_req013,32k,32768,1000,29,32768,1000,24676,0.75305176,0.05460629,32768,33767
ctx032k_req013,32k,32768,1000,30,32768,1000,19749,0.60269165,0.05399585,32768,33767
ctx032k_req013,32k,32768,1000,31,32768,1000,19878,0.60662842,0.05455719,32768,33767
ctx032k_req013,32k,32768,1000,32,32768,1000,17334,0.52899170,0.05422220,32768,33767
ctx032k_req013,32k,32768,1000,33,32768,1000,22530,0.68756104,0.05448782,32768,33767
ctx032k_req013,32k,32768,1000,34,32768,1000,12738,0.38873291,0.05380588,32768,33767
ctx032k_req013,32k,32768,1000,35,32768,1000,18604,0.56774902,0.05440637,32768,33767
ctx032k_req013,32k,32768,1000,36,32768,1000,17536,0.53515625,0.05302432,32768,33767
ctx032k_req013,32k,32768,1000,37,32768,1000,13700,0.41809082,0.05210172,32768,33767
ctx032k_req013,32k,32768,1000,38,32768,1000,22271,0.67965698,0.05317090,32768,33767
ctx032k_req013,32k,32768,1000,39,32768,1000,24029,0.73330688,0.05321176,32768,33767
ctx032k_req013,32k,32768,1000,40,32768,1000,22473,0.68582153,0.05415759,32768,33767
ctx032k_req013,32k,32768,1000,41,32768,1000,17470,0.53314209,0.05282281,32768,33767
ctx032k_req013,32k,32768,1000,42,32768,1000,16610,0.50689697,0.05255148,32768,33767
ctx032k_req013,32k,32768,1000,43,32768,1000,22952,0.70043945,0.05467456,32768,33767
ctx032k_req013,32k,32768,1000,44,32768,1000,15484,0.47253418,0.05105991,32768,33767
ctx032k_req013,32k,32768,1000,45,32768,1000,21152,0.64550781,0.05279269,32768,33767
ctx032k_req013,32k,32768,1000,46,32768,1000,22175,0.67672729,0.05438708,32768,33767
ctx032k_req013,32k,32768,1000,47,32768,1000,13071,0.39889526,0.05169608,32768,33767
ctx032k_req013,32k,32768,1000,48,32768,1000,15777,0.48147583,0.05345297,32768,33767
ctx032k_req013,32k,32768,1000,49,32768,1000,21965,0.67031860,0.05245212,32768,33767
ctx032k_req013,32k,32768,1000,50,32768,1000,17358,0.52972412,0.05375137,32768,33767
ctx032k_req013,32k,32768,1000,51,32768,1000,18399,0.56149292,0.05246014,32768,33767
ctx032k_req013,32k,32768,1000,52,32768,1000,22798,0.69573975,0.05269812,32768,33767
ctx032k_req013,32k,32768,1000,53,32768,1000,19788,0.60388184,0.05186658,32768,33767
ctx032k_req013,32k,32768,1000,54,32768,1000,14624,0.44628906,0.05233716,32768,33767
ctx032k_req013,32k,32768,1000,55,32768,1000,23316,0.71154785,0.05282364,32768,33767
ctx032k_req013,32k,32768,1000,56,32768,1000,17008,0.51904297,0.05127802,32768,33767
ctx032k_req013,32k,32768,1000,57,32768,1000,17923,0.54696655,0.05288870,32768,33767
ctx032k_req013,32k,32768,1000,58,32768,1000,14305,0.43655396,0.05158954,32768,33767
ctx032k_req013,32k,32768,1000,59,32768,1000,19249,0.58743286,0.05287354,32768,33767
ctx032k_req013,32k,32768,1000,60,32768,1000,15204,0.46398926,0.05051859,32768,33767
ctx032k_req014,32k,32768,1000,0,32768,1000,8134,0.24822998,0.06167789,32768,33767
ctx032k_req014,32k,32768,1000,1,32768,1000,12371,0.37753296,0.05430164,32768,33767
ctx032k_req014,32k,32768,1000,2,32768,1000,11209,0.34207153,0.05065717,32768,33767
ctx032k_req014,32k,32768,1000,3,32768,1000,6893,0.21035767,0.05601102,32768,33767
ctx032k_req014,32k,32768,1000,4,32768,1000,18239,0.55661011,0.05566409,32768,33767
ctx032k_req014,32k,32768,1000,5,32768,1000,7631,0.23287964,0.05256458,32768,33767
ctx032k_req014,32k,32768,1000,6,32768,1000,18642,0.56890869,0.05102713,32768,33767
ctx032k_req014,32k,32768,1000,7,32768,1000,15578,0.47540283,0.05065851,32768,33767
ctx032k_req014,32k,32768,1000,8,32768,1000,14419,0.44003296,0.04937811,32768,33767
ctx032k_req014,32k,32768,1000,9,32768,1000,12334,0.37640381,0.05263257,32768,33767
ctx032k_req014,32k,32768,1000,10,32768,1000,14725,0.44937134,0.05211642,32768,33767
ctx032k_req014,32k,32768,1000,11,32768,1000,21335,0.65109253,0.05290201,32768,33767
ctx032k_req014,32k,32768,1000,12,32768,1000,20040,0.61157227,0.05173718,32768,33767
ctx032k_req014,32k,32768,1000,13,32768,1000,13262,0.40472412,0.05116876,32768,33767
ctx032k_req014,32k,32768,1000,14,32768,1000,10912,0.33300781,0.05344080,32768,33767
ctx032k_req014,32k,32768,1000,15,32768,1000,16196,0.49426270,0.05398135,32768,33767
ctx032k_req014,32k,32768,1000,16,32768,1000,16174,0.49359131,0.05244254,32768,33767
ctx032k_req014,32k,32768,1000,17,32768,1000,29817,0.90994263,0.05503897,32768,33767
ctx032k_req014,32k,32768,1000,18,32768,1000,12558,0.38323975,0.05212961,32768,33767
ctx032k_req014,32k,32768,1000,19,32768,1000,18232,0.55639648,0.05390524,32768,33767
ctx032k_req014,32k,32768,1000,20,32768,1000,22374,0.68280029,0.05460565,32768,33767
ctx032k_req014,32k,32768,1000,21,32768,1000,18908,0.57702637,0.05507199,32768,33767
ctx032k_req014,32k,32768,1000,22,32768,1000,11451,0.34945679,0.05320651,32768,33767
ctx032k_req014,32k,32768,1000,23,32768,1000,14112,0.43066406,0.05365979,32768,33767
ctx032k_req014,32k,32768,1000,24,32768,1000,21291,0.64974976,0.05554102,32768,33767
ctx032k_req014,32k,32768,1000,25,32768,1000,13618,0.41558838,0.05372153,32768,33767
ctx032k_req014,32k,32768,1000,26,32768,1000,21084,0.64343262,0.05496570,32768,33767
ctx032k_req014,32k,32768,1000,27,32768,1000,20799,0.63473511,0.05584421,32768,33767
ctx032k_req014,32k,32768,1000,28,32768,1000,20989,0.64053345,0.05490024,32768,33767
ctx032k_req014,32k,32768,1000,29,32768,1000,24484,0.74719238,0.05501553,32768,33767
ctx032k_req014,32k,32768,1000,30,32768,1000,19950,0.60882568,0.05459518,32768,33767
ctx032k_req014,32k,32768,1000,31,32768,1000,20671,0.63082886,0.05472647,32768,33767
ctx032k_req014,32k,32768,1000,32,32768,1000,18359,0.56027222,0.05483600,32768,33767
ctx032k_req014,32k,32768,1000,33,32768,1000,22570,0.68878174,0.05487421,32768,33767
ctx032k_req014,32k,32768,1000,34,32768,1000,13754,0.41973877,0.05427682,32768,33767
ctx032k_req014,32k,32768,1000,35,32768,1000,18815,0.57418823,0.05472717,32768,33767
ctx032k_req014,32k,32768,1000,36,32768,1000,17620,0.53771973,0.05369962,32768,33767
ctx032k_req014,32k,32768,1000,37,32768,1000,14490,0.44219971,0.05372281,32768,33767
ctx032k_req014,32k,32768,1000,38,32768,1000,22514,0.68707275,0.05490372,32768,33767
ctx032k_req014,32k,32768,1000,39,32768,1000,23825,0.72708130,0.05448676,32768,33767
ctx032k_req014,32k,32768,1000,40,32768,1000,22713,0.69314575,0.05486407,32768,33767
ctx032k_req014,32k,32768,1000,41,32768,1000,18761,0.57254028,0.05434741,32768,33767
ctx032k_req014,32k,32768,1000,42,32768,1000,16433,0.50149536,0.05326807,32768,33767
ctx032k_req014,32k,32768,1000,43,32768,1000,22835,0.69686890,0.05569458,32768,33767
ctx032k_req014,32k,32768,1000,44,32768,1000,15535,0.47409058,0.05169724,32768,33767
ctx032k_req014,32k,32768,1000,45,32768,1000,21850,0.66680908,0.05351221,32768,33767
ctx032k_req014,32k,32768,1000,46,32768,1000,22586,0.68927002,0.05551712,32768,33767
ctx032k_req014,32k,32768,1000,47,32768,1000,13692,0.41784668,0.05339655,32768,33767
ctx032k_req014,32k,32768,1000,48,32768,1000,17614,0.53753662,0.05467462,32768,33767
ctx032k_req014,32k,32768,1000,49,32768,1000,22024,0.67211914,0.05327383,32768,33767
ctx032k_req014,32k,32768,1000,50,32768,1000,18341,0.55972290,0.05477853,32768,33767
ctx032k_req014,32k,32768,1000,51,32768,1000,18946,0.57818604,0.05379150,32768,33767
ctx032k_req014,32k,32768,1000,52,32768,1000,23273,0.71023560,0.05366522,32768,33767
ctx032k_req014,32k,32768,1000,53,32768,1000,19919,0.60787964,0.05220276,32768,33767
ctx032k_req014,32k,32768,1000,54,32768,1000,14160,0.43212891,0.05306277,32768,33767
ctx032k_req014,32k,32768,1000,55,32768,1000,22785,0.69534302,0.05384842,32768,33767
ctx032k_req014,32k,32768,1000,56,32768,1000,17653,0.53872681,0.05265323,32768,33767
ctx032k_req014,32k,32768,1000,57,32768,1000,18307,0.55868530,0.05384000,32768,33767
ctx032k_req014,32k,32768,1000,58,32768,1000,14262,0.43524170,0.05189734,32768,33767
ctx032k_req014,32k,32768,1000,59,32768,1000,18795,0.57357788,0.05356100,32768,33767
ctx032k_req014,32k,32768,1000,60,32768,1000,16141,0.49258423,0.05168683,32768,33767
ctx032k_req015,32k,32768,1000,0,32768,1000,8235,0.25131226,0.06193729,32768,33767
ctx032k_req015,32k,32768,1000,1,32768,1000,12395,0.37826538,0.05467667,32768,33767
ctx032k_req015,32k,32768,1000,2,32768,1000,11410,0.34820557,0.05095831,32768,33767
ctx032k_req015,32k,32768,1000,3,32768,1000,6445,0.19668579,0.05566974,32768,33767
ctx032k_req015,32k,32768,1000,4,32768,1000,19187,0.58554077,0.05588214,32768,33767
ctx032k_req015,32k,32768,1000,5,32768,1000,6998,0.21356201,0.05136343,32768,33767
ctx032k_req015,32k,32768,1000,6,32768,1000,18565,0.56655884,0.05038385,32768,33767
ctx032k_req015,32k,32768,1000,7,32768,1000,15695,0.47897339,0.05024951,32768,33767
ctx032k_req015,32k,32768,1000,8,32768,1000,15003,0.45785522,0.04898129,32768,33767
ctx032k_req015,32k,32768,1000,9,32768,1000,13463,0.41085815,0.05197882,32768,33767
ctx032k_req015,32k,32768,1000,10,32768,1000,14749,0.45010376,0.05208255,32768,33767
ctx032k_req015,32k,32768,1000,11,32768,1000,22942,0.70013428,0.05277979,32768,33767
ctx032k_req015,32k,32768,1000,12,32768,1000,19881,0.60671997,0.05168716,32768,33767
ctx032k_req015,32k,32768,1000,13,32768,1000,13177,0.40213013,0.05114969,32768,33767
ctx032k_req015,32k,32768,1000,14,32768,1000,11147,0.34017944,0.05290482,32768,33767
ctx032k_req015,32k,32768,1000,15,32768,1000,16327,0.49826050,0.05334149,32768,33767
ctx032k_req015,32k,32768,1000,16,32768,1000,16435,0.50155640,0.05125238,32768,33767
ctx032k_req015,32k,32768,1000,17,32768,1000,30400,0.92773438,0.05443539,32768,33767
ctx032k_req015,32k,32768,1000,18,32768,1000,12597,0.38442993,0.05099048,32768,33767
ctx032k_req015,32k,32768,1000,19,32768,1000,18278,0.55780029,0.05225610,32768,33767
ctx032k_req015,32k,32768,1000,20,32768,1000,21697,0.66213989,0.05289270,32768,33767
ctx032k_req015,32k,32768,1000,21,32768,1000,18981,0.57925415,0.05342175,32768,33767
ctx032k_req015,32k,32768,1000,22,32768,1000,11047,0.33712769,0.05116302,32768,33767
ctx032k_req015,32k,32768,1000,23,32768,1000,13291,0.40560913,0.05112122,32768,33767
ctx032k_req015,32k,32768,1000,24,32768,1000,19428,0.59289551,0.05418713,32768,33767
ctx032k_req015,32k,32768,1000,25,32768,1000,13168,0.40185547,0.05222739,32768,33767
ctx032k_req015,32k,32768,1000,26,32768,1000,20581,0.62808228,0.05431805,32768,33767
ctx032k_req015,32k,32768,1000,27,32768,1000,19678,0.60052490,0.05519095,32768,33767
ctx032k_req015,32k,32768,1000,28,32768,1000,19971,0.60946655,0.05390320,32768,33767
ctx032k_req015,32k,32768,1000,29,32768,1000,24042,0.73370361,0.05422968,32768,33767
ctx032k_req015,32k,32768,1000,30,32768,1000,18920,0.57739258,0.05364105,32768,33767
ctx032k_req015,32k,32768,1000,31,32768,1000,18923,0.57748413,0.05433047,32768,33767
ctx032k_req015,32k,32768,1000,32,32768,1000,17055,0.52047729,0.05396262,32768,33767
ctx032k_req015,32k,32768,1000,33,32768,1000,22184,0.67700195,0.05403119,32768,33767
ctx032k_req015,32k,32768,1000,34,32768,1000,12588,0.38415527,0.05307260,32768,33767
ctx032k_req015,32k,32768,1000,35,32768,1000,17885,0.54580688,0.05385556,32768,33767
ctx032k_req015,32k,32768,1000,36,32768,1000,16731,0.51058960,0.05292438,32768,33767
ctx032k_req015,32k,32768,1000,37,32768,1000,13405,0.40908813,0.05190604,32768,33767
ctx032k_req015,32k,32768,1000,38,32768,1000,21933,0.66934204,0.05358759,32768,33767
ctx032k_req015,32k,32768,1000,39,32768,1000,24366,0.74359131,0.05339462,32768,33767
ctx032k_req015,32k,32768,1000,40,32768,1000,21663,0.66110229,0.05416992,32768,33767
ctx032k_req015,32k,32768,1000,41,32768,1000,17877,0.54556274,0.05334625,32768,33767
ctx032k_req015,32k,32768,1000,42,32768,1000,16217,0.49490356,0.05235541,32768,33767
ctx032k_req015,32k,32768,1000,43,32768,1000,23091,0.70468140,0.05507703,32768,33767
ctx032k_req015,32k,32768,1000,44,32768,1000,15617,0.47659302,0.05086203,32768,33767
ctx032k_req015,32k,32768,1000,45,32768,1000,21803,0.66537476,0.05242230,32768,33767
ctx032k_req015,32k,32768,1000,46,32768,1000,22790,0.69549561,0.05436041,32768,33767
ctx032k_req015,32k,32768,1000,47,32768,1000,12592,0.38427734,0.05166043,32768,33767
ctx032k_req015,32k,32768,1000,48,32768,1000,15937,0.48635864,0.05323755,32768,33767
ctx032k_req015,32k,32768,1000,49,32768,1000,21642,0.66046143,0.05229565,32768,33767
ctx032k_req015,32k,32768,1000,50,32768,1000,18234,0.55645752,0.05324384,32768,33767
ctx032k_req015,32k,32768,1000,51,32768,1000,17677,0.53945923,0.05185046,32768,33767
ctx032k_req015,32k,32768,1000,52,32768,1000,23020,0.70251465,0.05205099,32768,33767
ctx032k_req015,32k,32768,1000,53,32768,1000,19480,0.59448242,0.05116357,32768,33767
ctx032k_req015,32k,32768,1000,54,32768,1000,14135,0.43136597,0.05143951,32768,33767
ctx032k_req015,32k,32768,1000,55,32768,1000,22665,0.69168091,0.05245364,32768,33767
ctx032k_req015,32k,32768,1000,56,32768,1000,17286,0.52752686,0.05092508,32768,33767
ctx032k_req015,32k,32768,1000,57,32768,1000,17685,0.53970337,0.05271613,32768,33767
ctx032k_req015,32k,32768,1000,58,32768,1000,13435,0.41000366,0.05121826,32768,33767
ctx032k_req015,32k,32768,1000,59,32768,1000,18313,0.55886841,0.05262274,32768,33767
ctx032k_req015,32k,32768,1000,60,32768,1000,15280,0.46630859,0.05062369,32768,33767
ctx064k_req000,64k,65536,1000,0,65536,1000,11297,0.17237854,0.03102106,65536,66535
ctx064k_req000,64k,65536,1000,1,65536,1000,4454,0.06796265,0.02962688,65536,66535
ctx064k_req000,64k,65536,1000,2,65536,1000,13228,0.20184326,0.02484601,65536,66535
ctx064k_req000,64k,65536,1000,3,65536,1000,7390,0.11276245,0.02760289,65536,66535
ctx064k_req000,64k,65536,1000,4,65536,1000,24202,0.36929321,0.02829391,65536,66535
ctx064k_req000,64k,65536,1000,5,65536,1000,7755,0.11833191,0.02635689,65536,66535
ctx064k_req000,64k,65536,1000,6,65536,1000,20114,0.30691528,0.02561536,65536,66535
ctx064k_req000,64k,65536,1000,7,65536,1000,16187,0.24699402,0.02565933,65536,66535
ctx064k_req000,64k,65536,1000,8,65536,1000,15129,0.23085022,0.02466045,65536,66535
ctx064k_req000,64k,65536,1000,9,65536,1000,14832,0.22631836,0.02666815,65536,66535
ctx064k_req000,64k,65536,1000,10,65536,1000,15429,0.23542786,0.02661250,65536,66535
ctx064k_req000,64k,65536,1000,11,65536,1000,29842,0.45535278,0.02694884,65536,66535
ctx064k_req000,64k,65536,1000,12,65536,1000,20225,0.30860901,0.02612151,65536,66535
ctx064k_req000,64k,65536,1000,13,65536,1000,14361,0.21913147,0.02582681,65536,66535
ctx064k_req000,64k,65536,1000,14,65536,1000,11573,0.17658997,0.02704401,65536,66535
ctx064k_req000,64k,65536,1000,15,65536,1000,18940,0.28900146,0.02740059,65536,66535
ctx064k_req000,64k,65536,1000,16,65536,1000,19316,0.29473877,0.02648329,65536,66535
ctx064k_req000,64k,65536,1000,17,65536,1000,51045,0.77888489,0.02776479,65536,66535
ctx064k_req000,64k,65536,1000,18,65536,1000,13793,0.21046448,0.02604410,65536,66535
ctx064k_req000,64k,65536,1000,19,65536,1000,21903,0.33421326,0.02691615,65536,66535
ctx064k_req000,64k,65536,1000,20,65536,1000,29383,0.44834900,0.02741222,65536,66535
ctx064k_req000,64k,65536,1000,21,65536,1000,24427,0.37272644,0.02761070,65536,66535
ctx064k_req000,64k,65536,1000,22,65536,1000,12191,0.18601990,0.02675027,65536,66535
ctx064k_req000,64k,65536,1000,23,65536,1000,16415,0.25047302,0.02705780,65536,66535
ctx064k_req000,64k,65536,1000,24,65536,1000,28311,0.43199158,0.02794179,65536,66535
ctx064k_req000,64k,65536,1000,25,65536,1000,15660,0.23895264,0.02696944,65536,66535
ctx064k_req000,64k,65536,1000,26,65536,1000,28958,0.44186401,0.02775069,65536,66535
ctx064k_req000,64k,65536,1000,27,65536,1000,26396,0.40277100,0.02820552,65536,66535
ctx064k_req000,64k,65536,1000,28,65536,1000,26547,0.40507507,0.02745741,65536,66535
ctx064k_req000,64k,65536,1000,29,65536,1000,32768,0.50000000,0.02770822,65536,66535
ctx064k_req000,64k,65536,1000,30,65536,1000,24214,0.36947632,0.02746024,65536,66535
ctx064k_req000,64k,65536,1000,31,65536,1000,24099,0.36772156,0.02765616,65536,66535
ctx064k_req000,64k,65536,1000,32,65536,1000,21575,0.32920837,0.02748047,65536,66535
ctx064k_req000,64k,65536,1000,33,65536,1000,29566,0.45114136,0.02757030,65536,66535
ctx064k_req000,64k,65536,1000,34,65536,1000,14877,0.22700500,0.02731073,65536,66535
ctx064k_req000,64k,65536,1000,35,65536,1000,23538,0.35916138,0.02765733,65536,66535
ctx064k_req000,64k,65536,1000,36,65536,1000,21902,0.33419800,0.02682364,65536,66535
ctx064k_req000,64k,65536,1000,37,65536,1000,16915,0.25810242,0.02695921,65536,66535
ctx064k_req000,64k,65536,1000,38,65536,1000,30637,0.46748352,0.02749327,65536,66535
ctx064k_req000,64k,65536,1000,39,65536,1000,34451,0.52568054,0.02734880,65536,66535
ctx064k_req000,64k,65536,1000,40,65536,1000,25088,0.38281250,0.02751117,65536,66535
ctx064k_req000,64k,65536,1000,41,65536,1000,21036,0.32098389,0.02722836,65536,66535
ctx064k_req000,64k,65536,1000,42,65536,1000,18837,0.28742981,0.02694751,65536,66535
ctx064k_req000,64k,65536,1000,43,65536,1000,35207,0.53721619,0.02805438,65536,66535
ctx064k_req000,64k,65536,1000,44,65536,1000,16504,0.25183105,0.02613297,65536,66535
ctx064k_req000,64k,65536,1000,45,65536,1000,27271,0.41612244,0.02689360,65536,66535
ctx064k_req000,64k,65536,1000,46,65536,1000,35537,0.54225159,0.02792195,65536,66535
ctx064k_req000,64k,65536,1000,47,65536,1000,15645,0.23872375,0.02693816,65536,66535
ctx064k_req000,64k,65536,1000,48,65536,1000,20458,0.31216431,0.02740895,65536,66535
ctx064k_req000,64k,65536,1000,49,65536,1000,26566,0.40536499,0.02679494,65536,66535
ctx064k_req000,64k,65536,1000,50,65536,1000,23828,0.36358643,0.02736407,65536,66535
ctx064k_req000,64k,65536,1000,51,65536,1000,22157,0.33808899,0.02728638,65536,66535
ctx064k_req000,64k,65536,1000,52,65536,1000,24636,0.37591553,0.02690482,65536,66535
ctx064k_req000,64k,65536,1000,53,65536,1000,21136,0.32250977,0.02638036,65536,66535
ctx064k_req000,64k,65536,1000,54,65536,1000,15476,0.23614502,0.02690373,65536,66535
ctx064k_req000,64k,65536,1000,55,65536,1000,32228,0.49176025,0.02719090,65536,66535
ctx064k_req000,64k,65536,1000,56,65536,1000,20268,0.30926514,0.02623410,65536,66535
ctx064k_req000,64k,65536,1000,57,65536,1000,21866,0.33364868,0.02723483,65536,66535
ctx064k_req000,64k,65536,1000,58,65536,1000,15871,0.24217224,0.02635750,65536,66535
ctx064k_req000,64k,65536,1000,59,65536,1000,22701,0.34638977,0.02695964,65536,66535
ctx064k_req000,64k,65536,1000,60,65536,1000,17654,0.26937866,0.02587001,65536,66535
ctx064k_req001,64k,65536,1000,0,65536,1000,11831,0.18052673,0.03104454,65536,66535
ctx064k_req001,64k,65536,1000,1,65536,1000,3130,0.04776001,0.03048602,65536,66535
ctx064k_req001,64k,65536,1000,2,65536,1000,12604,0.19232178,0.02486255,65536,66535
ctx064k_req001,64k,65536,1000,3,65536,1000,7618,0.11624146,0.02789346,65536,66535
ctx064k_req001,64k,65536,1000,4,65536,1000,24043,0.36686707,0.02840498,65536,66535
ctx064k_req001,64k,65536,1000,5,65536,1000,7034,0.10733032,0.02610577,65536,66535
ctx064k_req001,64k,65536,1000,6,65536,1000,18264,0.27868652,0.02514948,65536,66535
ctx064k_req001,64k,65536,1000,7,65536,1000,14639,0.22337341,0.02511081,65536,66535
ctx064k_req001,64k,65536,1000,8,65536,1000,14492,0.22113037,0.02455206,65536,66535
ctx064k_req001,64k,65536,1000,9,65536,1000,12884,0.19659424,0.02599455,65536,66535
ctx064k_req001,64k,65536,1000,10,65536,1000,14818,0.22610474,0.02604367,65536,66535
ctx064k_req001,64k,65536,1000,11,65536,1000,27221,0.41535950,0.02596413,65536,66535
ctx064k_req001,64k,65536,1000,12,65536,1000,19562,0.29849243,0.02565855,65536,66535
ctx064k_req001,64k,65536,1000,13,65536,1000,13305,0.20301819,0.02526454,65536,66535
ctx064k_req001,64k,65536,1000,14,65536,1000,10446,0.15939331,0.02659880,65536,66535
ctx064k_req001,64k,65536,1000,15,65536,1000,17770,0.27114868,0.02654570,65536,66535
ctx064k_req001,64k,65536,1000,16,65536,1000,16618,0.25357056,0.02560860,65536,66535
ctx064k_req001,64k,65536,1000,17,65536,1000,53004,0.80877686,0.02715318,65536,66535
ctx064k_req001,64k,65536,1000,18,65536,1000,11834,0.18057251,0.02517584,65536,66535
ctx064k_req001,64k,65536,1000,19,65536,1000,21284,0.32476807,0.02578268,65536,66535
ctx064k_req001,64k,65536,1000,20,65536,1000,28409,0.43348694,0.02654315,65536,66535
ctx064k_req001,64k,65536,1000,21,65536,1000,24228,0.36968994,0.02667007,65536,66535
ctx064k_req001,64k,65536,1000,22,65536,1000,11558,0.17636108,0.02592995,65536,66535
ctx064k_req001,64k,65536,1000,23,65536,1000,15845,0.24177551,0.02577667,65536,66535
ctx064k_req001,64k,65536,1000,24,65536,1000,27341,0.41719055,0.02717784,65536,66535
ctx064k_req001,64k,65536,1000,25,65536,1000,14450,0.22048950,0.02598540,65536,66535
ctx064k_req001,64k,65536,1000,26,65536,1000,26422,0.40316772,0.02676509,65536,66535
ctx064k_req001,64k,65536,1000,27,65536,1000,24562,0.37478638,0.02716261,65536,66535
ctx064k_req001,64k,65536,1000,28,65536,1000,25475,0.38871765,0.02637056,65536,66535
ctx064k_req001,64k,65536,1000,29,65536,1000,31061,0.47395325,0.02651924,65536,66535
ctx064k_req001,64k,65536,1000,30,65536,1000,22404,0.34185791,0.02643407,65536,66535
ctx064k_req001,64k,65536,1000,31,65536,1000,21560,0.32897949,0.02661739,65536,66535
ctx064k_req001,64k,65536,1000,32,65536,1000,19500,0.29754639,0.02628818,65536,66535
ctx064k_req001,64k,65536,1000,33,65536,1000,26869,0.40998840,0.02633862,65536,66535
ctx064k_req001,64k,65536,1000,34,65536,1000,14379,0.21940613,0.02623796,65536,66535
ctx064k_req001,64k,65536,1000,35,65536,1000,21644,0.33026123,0.02637415,65536,66535
ctx064k_req001,64k,65536,1000,36,65536,1000,19470,0.29708862,0.02576759,65536,66535
ctx064k_req001,64k,65536,1000,37,65536,1000,16166,0.24667358,0.02562935,65536,66535
ctx064k_req001,64k,65536,1000,38,65536,1000,31718,0.48397827,0.02638402,65536,66535
ctx064k_req001,64k,65536,1000,39,65536,1000,34310,0.52352905,0.02602113,65536,66535
ctx064k_req001,64k,65536,1000,40,65536,1000,23005,0.35102844,0.02633890,65536,66535
ctx064k_req001,64k,65536,1000,41,65536,1000,19536,0.29809570,0.02594777,65536,66535
ctx064k_req001,64k,65536,1000,42,65536,1000,17614,0.26876831,0.02588554,65536,66535
ctx064k_req001,64k,65536,1000,43,65536,1000,32781,0.50019836,0.02670836,65536,66535
ctx064k_req001,64k,65536,1000,44,65536,1000,15508,0.23663330,0.02520358,65536,66535
ctx064k_req001,64k,65536,1000,45,65536,1000,24810,0.37857056,0.02576759,65536,66535
ctx064k_req001,64k,65536,1000,46,65536,1000,31326,0.47799683,0.02627490,65536,66535
ctx064k_req001,64k,65536,1000,47,65536,1000,15657,0.23890686,0.02543738,65536,66535
ctx064k_req001,64k,65536,1000,48,65536,1000,18185,0.27748108,0.02594342,65536,66535
ctx064k_req001,64k,65536,1000,49,65536,1000,25103,0.38304138,0.02532466,65536,66535
ctx064k_req001,64k,65536,1000,50,65536,1000,21513,0.32826233,0.02585353,65536,66535
ctx064k_req001,64k,65536,1000,51,65536,1000,21667,0.33061218,0.02583113,65536,66535
ctx064k_req001,64k,65536,1000,52,65536,1000,21475,0.32768250,0.02532378,65536,66535
ctx064k_req001,64k,65536,1000,53,65536,1000,19102,0.29147339,0.02522813,65536,66535
ctx064k_req001,64k,65536,1000,54,65536,1000,14546,0.22195435,0.02495097,65536,66535
ctx064k_req001,64k,65536,1000,55,65536,1000,31236,0.47662354,0.02549019,65536,66535
ctx064k_req001,64k,65536,1000,56,65536,1000,18511,0.28245544,0.02500937,65536,66535
ctx064k_req001,64k,65536,1000,57,65536,1000,21285,0.32478333,0.02578136,65536,66535
ctx064k_req001,64k,65536,1000,58,65536,1000,14204,0.21673584,0.02559970,65536,66535
ctx064k_req001,64k,65536,1000,59,65536,1000,20508,0.31292725,0.02571480,65536,66535
ctx064k_req001,64k,65536,1000,60,65536,1000,15599,0.23802185,0.02465706,65536,66535
ctx064k_req002,64k,65536,1000,0,65536,1000,11618,0.17727661,0.03114551,65536,66535
ctx064k_req002,64k,65536,1000,1,65536,1000,3301,0.05036926,0.03032898,65536,66535
ctx064k_req002,64k,65536,1000,2,65536,1000,13711,0.20921326,0.02590651,65536,66535
ctx064k_req002,64k,65536,1000,3,65536,1000,7719,0.11778259,0.02803400,65536,66535
ctx064k_req002,64k,65536,1000,4,65536,1000,20507,0.31291199,0.02805435,65536,66535
ctx064k_req002,64k,65536,1000,5,65536,1000,7084,0.10809326,0.02600771,65536,66535
ctx064k_req002,64k,65536,1000,6,65536,1000,20661,0.31526184,0.02533379,65536,66535
ctx064k_req002,64k,65536,1000,7,65536,1000,16988,0.25921631,0.02543460,65536,66535
ctx064k_req002,64k,65536,1000,8,65536,1000,15231,0.23240662,0.02471040,65536,66535
ctx064k_req002,64k,65536,1000,9,65536,1000,13671,0.20860291,0.02623599,65536,66535
ctx064k_req002,64k,65536,1000,10,65536,1000,15796,0.24102783,0.02625742,65536,66535
ctx064k_req002,64k,65536,1000,11,65536,1000,26711,0.40757751,0.02659181,65536,66535
ctx064k_req002,64k,65536,1000,12,65536,1000,19758,0.30148315,0.02622820,65536,66535
ctx064k_req002,64k,65536,1000,13,65536,1000,13738,0.20962524,0.02579019,65536,66535
ctx064k_req002,64k,65536,1000,14,65536,1000,11460,0.17486572,0.02678522,65536,66535
ctx064k_req002,64k,65536,1000,15,65536,1000,16750,0.25558472,0.02709128,65536,66535
ctx064k_req002,64k,65536,1000,16,65536,1000,17245,0.26313782,0.02628143,65536,66535
ctx064k_req002,64k,65536,1000,17,65536,1000,52502,0.80111694,0.02762297,65536,66535
ctx064k_req002,64k,65536,1000,18,65536,1000,12161,0.18556213,0.02613617,65536,66535
ctx064k_req002,64k,65536,1000,19,65536,1000,20679,0.31553650,0.02642824,65536,66535
ctx064k_req002,64k,65536,1000,20,65536,1000,28310,0.43197632,0.02667473,65536,66535
ctx064k_req002,64k,65536,1000,21,65536,1000,23535,0.35911560,0.02683426,65536,66535
ctx064k_req002,64k,65536,1000,22,65536,1000,11694,0.17843628,0.02605199,65536,66535
ctx064k_req002,64k,65536,1000,23,65536,1000,17683,0.26982117,0.02580629,65536,66535
ctx064k_req002,64k,65536,1000,24,65536,1000,28509,0.43501282,0.02695129,65536,66535
ctx064k_req002,64k,65536,1000,25,65536,1000,14711,0.22447205,0.02607538,65536,66535
ctx064k_req002,64k,65536,1000,26,65536,1000,30295,0.46226501,0.02680342,65536,66535
ctx064k_req002,64k,65536,1000,27,65536,1000,27344,0.41723633,0.02713838,65536,66535
ctx064k_req002,64k,65536,1000,28,65536,1000,28334,0.43234253,0.02665829,65536,66535
ctx064k_req002,64k,65536,1000,29,65536,1000,34280,0.52307129,0.02700789,65536,66535
ctx064k_req002,64k,65536,1000,30,65536,1000,25125,0.38337708,0.02657666,65536,66535
ctx064k_req002,64k,65536,1000,31,65536,1000,27355,0.41740417,0.02675134,65536,66535
ctx064k_req002,64k,65536,1000,32,65536,1000,25223,0.38487244,0.02668414,65536,66535
ctx064k_req002,64k,65536,1000,33,65536,1000,33594,0.51260376,0.02677640,65536,66535
ctx064k_req002,64k,65536,1000,34,65536,1000,20694,0.31576538,0.02646831,65536,66535
ctx064k_req002,64k,65536,1000,35,65536,1000,28294,0.43173218,0.02670532,65536,66535
ctx064k_req002,64k,65536,1000,36,65536,1000,21743,0.33177185,0.02617503,65536,66535
ctx064k_req002,64k,65536,1000,37,65536,1000,18406,0.28085327,0.02590849,65536,66535
ctx064k_req002,64k,65536,1000,38,65536,1000,34812,0.53118896,0.02688661,65536,66535
ctx064k_req002,64k,65536,1000,39,65536,1000,35760,0.54565430,0.02640158,65536,66535
ctx064k_req002,64k,65536,1000,40,65536,1000,26607,0.40599060,0.02674542,65536,66535
ctx064k_req002,64k,65536,1000,41,65536,1000,23175,0.35362244,0.02636989,65536,66535
ctx064k_req002,64k,65536,1000,42,65536,1000,19638,0.29965210,0.02607845,65536,66535
ctx064k_req002,64k,65536,1000,43,65536,1000,37896,0.57824707,0.02739232,65536,66535
ctx064k_req002,64k,65536,1000,44,65536,1000,16597,0.25325012,0.02542105,65536,66535
ctx064k_req002,64k,65536,1000,45,65536,1000,28624,0.43676758,0.02613948,65536,66535
ctx064k_req002,64k,65536,1000,46,65536,1000,37389,0.57051086,0.02717744,65536,66535
ctx064k_req002,64k,65536,1000,47,65536,1000,16751,0.25559998,0.02573117,65536,66535
ctx064k_req002,64k,65536,1000,48,65536,1000,21784,0.33239746,0.02637767,65536,66535
ctx064k_req002,64k,65536,1000,49,65536,1000,28606,0.43649292,0.02584090,65536,66535
ctx064k_req002,64k,65536,1000,50,65536,1000,25053,0.38227844,0.02648340,65536,66535
ctx064k_req002,64k,65536,1000,51,65536,1000,21780,0.33233643,0.02592845,65536,66535
ctx064k_req002,64k,65536,1000,52,65536,1000,24589,0.37519836,0.02595769,65536,66535
ctx064k_req002,64k,65536,1000,53,65536,1000,20432,0.31176758,0.02570093,65536,66535
ctx064k_req002,64k,65536,1000,54,65536,1000,16222,0.24752808,0.02570572,65536,66535
ctx064k_req002,64k,65536,1000,55,65536,1000,32601,0.49745178,0.02608232,65536,66535
ctx064k_req002,64k,65536,1000,56,65536,1000,18796,0.28680420,0.02547714,65536,66535
ctx064k_req002,64k,65536,1000,57,65536,1000,21576,0.32922363,0.02636119,65536,66535
ctx064k_req002,64k,65536,1000,58,65536,1000,14604,0.22283936,0.02560524,65536,66535
ctx064k_req002,64k,65536,1000,59,65536,1000,21657,0.33045959,0.02623834,65536,66535
ctx064k_req002,64k,65536,1000,60,65536,1000,15973,0.24372864,0.02551811,65536,66535
ctx064k_req003,64k,65536,1000,0,65536,1000,11138,0.16995239,0.03102094,65536,66535
ctx064k_req003,64k,65536,1000,1,65536,1000,3775,0.05760193,0.03003587,65536,66535
ctx064k_req003,64k,65536,1000,2,65536,1000,12581,0.19197083,0.02499982,65536,66535
ctx064k_req003,64k,65536,1000,3,65536,1000,7628,0.11639404,0.02774669,65536,66535
ctx064k_req003,64k,65536,1000,4,65536,1000,22738,0.34695435,0.02839598,65536,66535
ctx064k_req003,64k,65536,1000,5,65536,1000,7136,0.10888672,0.02551155,65536,66535
ctx064k_req003,64k,65536,1000,6,65536,1000,20026,0.30557251,0.02506398,65536,66535
ctx064k_req003,64k,65536,1000,7,65536,1000,15974,0.24374390,0.02462445,65536,66535
ctx064k_req003,64k,65536,1000,8,65536,1000,14870,0.22689819,0.02446780,65536,66535
ctx064k_req003,64k,65536,1000,9,65536,1000,14646,0.22348022,0.02555795,65536,66535
ctx064k_req003,64k,65536,1000,10,65536,1000,15367,0.23448181,0.02584698,65536,66535
ctx064k_req003,64k,65536,1000,11,65536,1000,29993,0.45765686,0.02617802,65536,66535
ctx064k_req003,64k,65536,1000,12,65536,1000,20036,0.30572510,0.02574193,65536,66535
ctx064k_req003,64k,65536,1000,13,65536,1000,13848,0.21130371,0.02548476,65536,66535
ctx064k_req003,64k,65536,1000,14,65536,1000,11355,0.17326355,0.02662016,65536,66535
ctx064k_req003,64k,65536,1000,15,65536,1000,18590,0.28366089,0.02668471,65536,66535
ctx064k_req003,64k,65536,1000,16,65536,1000,18293,0.27912903,0.02581744,65536,66535
ctx064k_req003,64k,65536,1000,17,65536,1000,54510,0.83175659,0.02724939,65536,66535
ctx064k_req003,64k,65536,1000,18,65536,1000,12438,0.18978882,0.02546329,65536,66535
ctx064k_req003,64k,65536,1000,19,65536,1000,23270,0.35507202,0.02603087,65536,66535
ctx064k_req003,64k,65536,1000,20,65536,1000,31038,0.47360229,0.02664278,65536,66535
ctx064k_req003,64k,65536,1000,21,65536,1000,27829,0.42463684,0.02702504,65536,66535
ctx064k_req003,64k,65536,1000,22,65536,1000,12166,0.18563843,0.02584331,65536,66535
ctx064k_req003,64k,65536,1000,23,65536,1000,17592,0.26843262,0.02606050,65536,66535
ctx064k_req003,64k,65536,1000,24,65536,1000,29667,0.45268250,0.02753717,65536,66535
ctx064k_req003,64k,65536,1000,25,65536,1000,15413,0.23518372,0.02629622,65536,66535
ctx064k_req003,64k,65536,1000,26,65536,1000,31583,0.48191833,0.02726529,65536,66535
ctx064k_req003,64k,65536,1000,27,65536,1000,28784,0.43920898,0.02773824,65536,66535
ctx064k_req003,64k,65536,1000,28,65536,1000,29615,0.45188904,0.02691650,65536,66535
ctx064k_req003,64k,65536,1000,29,65536,1000,36135,0.55137634,0.02726723,65536,66535
ctx064k_req003,64k,65536,1000,30,65536,1000,26527,0.40476990,0.02687865,65536,66535
ctx064k_req003,64k,65536,1000,31,65536,1000,26126,0.39865112,0.02703233,65536,66535
ctx064k_req003,64k,65536,1000,32,65536,1000,24828,0.37884521,0.02700159,65536,66535
ctx064k_req003,64k,65536,1000,33,65536,1000,33347,0.50883484,0.02715120,65536,66535
ctx064k_req003,64k,65536,1000,34,65536,1000,17452,0.26629639,0.02691582,65536,66535
ctx064k_req003,64k,65536,1000,35,65536,1000,25493,0.38899231,0.02720522,65536,66535
ctx064k_req003,64k,65536,1000,36,65536,1000,22518,0.34359741,0.02678726,65536,66535
ctx064k_req003,64k,65536,1000,37,65536,1000,17764,0.27105713,0.02650557,65536,66535
ctx064k_req003,64k,65536,1000,38,65536,1000,36991,0.56443787,0.02719881,65536,66535
ctx064k_req003,64k,65536,1000,39,65536,1000,39353,0.60047913,0.02677684,65536,66535
ctx064k_req003,64k,65536,1000,40,65536,1000,27473,0.41920471,0.02713174,65536,66535
ctx064k_req003,64k,65536,1000,41,65536,1000,23695,0.36155701,0.02670605,65536,66535
ctx064k_req003,64k,65536,1000,42,65536,1000,21265,0.32447815,0.02658430,65536,66535
ctx064k_req003,64k,65536,1000,43,65536,1000,38210,0.58303833,0.02767496,65536,66535
ctx064k_req003,64k,65536,1000,44,65536,1000,15357,0.23432922,0.02574739,65536,66535
ctx064k_req003,64k,65536,1000,45,65536,1000,29535,0.45066833,0.02657704,65536,66535
ctx064k_req003,64k,65536,1000,46,65536,1000,35526,0.54208374,0.02773694,65536,66535
ctx064k_req003,64k,65536,1000,47,65536,1000,17432,0.26599121,0.02638336,65536,66535
ctx064k_req003,64k,65536,1000,48,65536,1000,21383,0.32627869,0.02692397,65536,66535
ctx064k_req003,64k,65536,1000,49,65536,1000,30671,0.46800232,0.02620222,65536,66535
ctx064k_req003,64k,65536,1000,50,65536,1000,25615,0.39085388,0.02707469,65536,66535
ctx064k_req003,64k,65536,1000,51,65536,1000,25908,0.39532471,0.02671249,65536,66535
ctx064k_req003,64k,65536,1000,52,65536,1000,25769,0.39320374,0.02630661,65536,66535
ctx064k_req003,64k,65536,1000,53,65536,1000,21517,0.32832336,0.02600085,65536,66535
ctx064k_req003,64k,65536,1000,54,65536,1000,16451,0.25102234,0.02612866,65536,66535
ctx064k_req003,64k,65536,1000,55,65536,1000,36823,0.56187439,0.02662140,65536,66535
ctx064k_req003,64k,65536,1000,56,65536,1000,21353,0.32582092,0.02574120,65536,66535
ctx064k_req003,64k,65536,1000,57,65536,1000,23842,0.36380005,0.02670714,65536,66535
ctx064k_req003,64k,65536,1000,58,65536,1000,15605,0.23811340,0.02595305,65536,66535
ctx064k_req003,64k,65536,1000,59,65536,1000,24645,0.37605286,0.02648759,65536,66535
ctx064k_req003,64k,65536,1000,60,65536,1000,18430,0.28121948,0.02498758,65536,66535
ctx064k_req004,64k,65536,1000,0,65536,1000,11593,0.17689514,0.03108493,65536,66535
ctx064k_req004,64k,65536,1000,1,65536,1000,3026,0.04617310,0.03054539,65536,66535
ctx064k_req004,64k,65536,1000,2,65536,1000,13531,0.20646667,0.02535745,65536,66535
ctx064k_req004,64k,65536,1000,3,65536,1000,7807,0.11912537,0.02794357,65536,66535
ctx064k_req004,64k,65536,1000,4,65536,1000,22375,0.34141541,0.02835773,65536,66535
ctx064k_req004,64k,65536,1000,5,65536,1000,7547,0.11515808,0.02629167,65536,66535
ctx064k_req004,64k,65536,1000,6,65536,1000,19921,0.30397034,0.02544058,65536,66535
ctx064k_req004,64k,65536,1000,7,65536,1000,16788,0.25616455,0.02532213,65536,66535
ctx064k_req004,64k,65536,1000,8,65536,1000,14859,0.22673035,0.02453488,65536,66535
ctx064k_req004,64k,65536,1000,9,65536,1000,14103,0.21519470,0.02569485,65536,66535
ctx064k_req004,64k,65536,1000,10,65536,1000,14946,0.22805786,0.02565306,65536,66535
ctx064k_req004,64k,65536,1000,11,65536,1000,29468,0.44964600,0.02626379,65536,66535
ctx064k_req004,64k,65536,1000,12,65536,1000,20056,0.30603027,0.02562463,65536,66535
ctx064k_req004,64k,65536,1000,13,65536,1000,13204,0.20147705,0.02522197,65536,66535
ctx064k_req004,64k,65536,1000,14,65536,1000,11239,0.17149353,0.02609991,65536,66535
ctx064k_req004,64k,65536,1000,15,65536,1000,19007,0.29002380,0.02640303,65536,66535
ctx064k_req004,64k,65536,1000,16,65536,1000,17226,0.26284790,0.02516933,65536,66535
ctx064k_req004,64k,65536,1000,17,65536,1000,51840,0.79101562,0.02667262,65536,66535
ctx064k_req004,64k,65536,1000,18,65536,1000,12367,0.18870544,0.02506673,65536,66535
ctx064k_req004,64k,65536,1000,19,65536,1000,22807,0.34800720,0.02587976,65536,66535
ctx064k_req004,64k,65536,1000,20,65536,1000,29657,0.45252991,0.02616641,65536,66535
ctx064k_req004,64k,65536,1000,21,65536,1000,26042,0.39736938,0.02675247,65536,66535
ctx064k_req004,64k,65536,1000,22,65536,1000,11959,0.18247986,0.02554596,65536,66535
ctx064k_req004,64k,65536,1000,23,65536,1000,16085,0.24543762,0.02567630,65536,66535
ctx064k_req004,64k,65536,1000,24,65536,1000,27156,0.41436768,0.02709026,65536,66535
ctx064k_req004,64k,65536,1000,25,65536,1000,15101,0.23042297,0.02617892,65536,66535
ctx064k_req004,64k,65536,1000,26,65536,1000,28064,0.42822266,0.02684532,65536,66535
ctx064k_req004,64k,65536,1000,27,65536,1000,25644,0.39129639,0.02726721,65536,66535
ctx064k_req004,64k,65536,1000,28,65536,1000,25935,0.39573669,0.02668835,65536,66535
ctx064k_req004,64k,65536,1000,29,65536,1000,32743,0.49961853,0.02689201,65536,66535
ctx064k_req004,64k,65536,1000,30,65536,1000,24223,0.36961365,0.02669804,65536,66535
ctx064k_req004,64k,65536,1000,31,65536,1000,23632,0.36059570,0.02669872,65536,66535
ctx064k_req004,64k,65536,1000,32,65536,1000,20493,0.31269836,0.02662132,65536,66535
ctx064k_req004,64k,65536,1000,33,65536,1000,27772,0.42376709,0.02676675,65536,66535
ctx064k_req004,64k,65536,1000,34,65536,1000,14661,0.22370911,0.02635757,65536,66535
ctx064k_req004,64k,65536,1000,35,65536,1000,22481,0.34303284,0.02667238,65536,66535
ctx064k_req004,64k,65536,1000,36,65536,1000,21576,0.32922363,0.02630429,65536,66535
ctx064k_req004,64k,65536,1000,37,65536,1000,16930,0.25833130,0.02630663,65536,66535
ctx064k_req004,64k,65536,1000,38,65536,1000,33130,0.50552368,0.02719136,65536,66535
ctx064k_req004,64k,65536,1000,39,65536,1000,35252,0.53790283,0.02671313,65536,66535
ctx064k_req004,64k,65536,1000,40,65536,1000,24328,0.37121582,0.02671315,65536,66535
ctx064k_req004,64k,65536,1000,41,65536,1000,20883,0.31864929,0.02644238,65536,66535
ctx064k_req004,64k,65536,1000,42,65536,1000,18769,0.28639221,0.02627855,65536,66535
ctx064k_req004,64k,65536,1000,43,65536,1000,33661,0.51362610,0.02727997,65536,66535
ctx064k_req004,64k,65536,1000,44,65536,1000,15911,0.24278259,0.02571741,65536,66535
ctx064k_req004,64k,65536,1000,45,65536,1000,26105,0.39833069,0.02636604,65536,66535
ctx064k_req004,64k,65536,1000,46,65536,1000,32459,0.49528503,0.02716046,65536,66535
ctx064k_req004,64k,65536,1000,47,65536,1000,16053,0.24494934,0.02661761,65536,66535
ctx064k_req004,64k,65536,1000,48,65536,1000,19382,0.29574585,0.02667990,65536,66535
ctx064k_req004,64k,65536,1000,49,65536,1000,26550,0.40512085,0.02601871,65536,66535
ctx064k_req004,64k,65536,1000,50,65536,1000,22373,0.34138489,0.02651933,65536,66535
ctx064k_req004,64k,65536,1000,51,65536,1000,23483,0.35832214,0.02695723,65536,66535
ctx064k_req004,64k,65536,1000,52,65536,1000,23542,0.35922241,0.02607819,65536,66535
ctx064k_req004,64k,65536,1000,53,65536,1000,19998,0.30514526,0.02575955,65536,66535
ctx064k_req004,64k,65536,1000,54,65536,1000,15245,0.23262024,0.02553174,65536,66535
ctx064k_req004,64k,65536,1000,55,65536,1000,31508,0.48077393,0.02630550,65536,66535
ctx064k_req004,64k,65536,1000,56,65536,1000,19187,0.29277039,0.02568924,65536,66535
ctx064k_req004,64k,65536,1000,57,65536,1000,22269,0.33979797,0.02644203,65536,66535
ctx064k_req004,64k,65536,1000,58,65536,1000,15241,0.23255920,0.02581024,65536,66535
ctx064k_req004,64k,65536,1000,59,65536,1000,22308,0.34039307,0.02617757,65536,66535
ctx064k_req004,64k,65536,1000,60,65536,1000,16450,0.25100708,0.02504501,65536,66535
ctx064k_req005,64k,65536,1000,0,65536,1000,11617,0.17726135,0.03101299,65536,66535
ctx064k_req005,64k,65536,1000,1,65536,1000,3363,0.05131531,0.03021527,65536,66535
ctx064k_req005,64k,65536,1000,2,65536,1000,12656,0.19311523,0.02457529,65536,66535
ctx064k_req005,64k,65536,1000,3,65536,1000,7420,0.11322021,0.02781659,65536,66535
ctx064k_req005,64k,65536,1000,4,65536,1000,23290,0.35537720,0.02848430,65536,66535
ctx064k_req005,64k,65536,1000,5,65536,1000,7583,0.11570740,0.02599342,65536,66535
ctx064k_req005,64k,65536,1000,6,65536,1000,19430,0.29647827,0.02519839,65536,66535
ctx064k_req005,64k,65536,1000,7,65536,1000,15727,0.23997498,0.02529219,65536,66535
ctx064k_req005,64k,65536,1000,8,65536,1000,14587,0.22257996,0.02461720,65536,66535
ctx064k_req005,64k,65536,1000,9,65536,1000,14973,0.22846985,0.02701540,65536,66535
ctx064k_req005,64k,65536,1000,10,65536,1000,16123,0.24601746,0.02701567,65536,66535
ctx064k_req005,64k,65536,1000,11,65536,1000,29527,0.45054626,0.02697188,65536,66535
ctx064k_req005,64k,65536,1000,12,65536,1000,20050,0.30593872,0.02627129,65536,66535
ctx064k_req005,64k,65536,1000,13,65536,1000,13895,0.21202087,0.02613744,65536,66535
ctx064k_req005,64k,65536,1000,14,65536,1000,11657,0.17787170,0.02721388,65536,66535
ctx064k_req005,64k,65536,1000,15,65536,1000,18811,0.28703308,0.02727034,65536,66535
ctx064k_req005,64k,65536,1000,16,65536,1000,19913,0.30384827,0.02642802,65536,66535
ctx064k_req005,64k,65536,1000,17,65536,1000,52087,0.79478455,0.02761186,65536,66535
ctx064k_req005,64k,65536,1000,18,65536,1000,12998,0.19833374,0.02612799,65536,66535
ctx064k_req005,64k,65536,1000,19,65536,1000,22778,0.34756470,0.02698305,65536,66535
ctx064k_req005,64k,65536,1000,20,65536,1000,29296,0.44702148,0.02735410,65536,66535
ctx064k_req005,64k,65536,1000,21,65536,1000,25145,0.38368225,0.02752380,65536,66535
ctx064k_req005,64k,65536,1000,22,65536,1000,12646,0.19296265,0.02667876,65536,66535
ctx064k_req005,64k,65536,1000,23,65536,1000,17051,0.26017761,0.02689218,65536,66535
ctx064k_req005,64k,65536,1000,24,65536,1000,28935,0.44151306,0.02779936,65536,66535
ctx064k_req005,64k,65536,1000,25,65536,1000,14684,0.22406006,0.02691882,65536,66535
ctx064k_req005,64k,65536,1000,26,65536,1000,29327,0.44749451,0.02744675,65536,66535
ctx064k_req005,64k,65536,1000,27,65536,1000,26537,0.40492249,0.02770856,65536,66535
ctx064k_req005,64k,65536,1000,28,65536,1000,27418,0.41836548,0.02729793,65536,66535
ctx064k_req005,64k,65536,1000,29,65536,1000,31743,0.48435974,0.02743414,65536,66535
ctx064k_req005,64k,65536,1000,30,65536,1000,22168,0.33825684,0.02717688,65536,66535
ctx064k_req005,64k,65536,1000,31,65536,1000,23901,0.36470032,0.02752446,65536,66535
ctx064k_req005,64k,65536,1000,32,65536,1000,20295,0.30967712,0.02750061,65536,66535
ctx064k_req005,64k,65536,1000,33,65536,1000,28346,0.43252563,0.02753189,65536,66535
ctx064k_req005,64k,65536,1000,34,65536,1000,14498,0.22122192,0.02739600,65536,66535
ctx064k_req005,64k,65536,1000,35,65536,1000,22020,0.33599854,0.02767682,65536,66535
ctx064k_req005,64k,65536,1000,36,65536,1000,20385,0.31105042,0.02694345,65536,66535
ctx064k_req005,64k,65536,1000,37,65536,1000,15571,0.23759460,0.02713985,65536,66535
ctx064k_req005,64k,65536,1000,38,65536,1000,30735,0.46897888,0.02768747,65536,66535
ctx064k_req005,64k,65536,1000,39,65536,1000,32868,0.50152588,0.02728598,65536,66535
ctx064k_req005,64k,65536,1000,40,65536,1000,23679,0.36131287,0.02737750,65536,66535
ctx064k_req005,64k,65536,1000,41,65536,1000,19838,0.30270386,0.02726950,65536,66535
ctx064k_req005,64k,65536,1000,42,65536,1000,17613,0.26875305,0.02679597,65536,66535
ctx064k_req005,64k,65536,1000,43,65536,1000,32162,0.49075317,0.02775999,65536,66535
ctx064k_req005,64k,65536,1000,44,65536,1000,16094,0.24557495,0.02582054,65536,66535
ctx064k_req005,64k,65536,1000,45,65536,1000,26385,0.40260315,0.02682323,65536,66535
ctx064k_req005,64k,65536,1000,46,65536,1000,31119,0.47483826,0.02751933,65536,66535
ctx064k_req005,64k,65536,1000,47,65536,1000,14337,0.21876526,0.02674644,65536,66535
ctx064k_req005,64k,65536,1000,48,65536,1000,19006,0.29000854,0.02726538,65536,66535
ctx064k_req005,64k,65536,1000,49,65536,1000,25677,0.39179993,0.02659271,65536,66535
ctx064k_req005,64k,65536,1000,50,65536,1000,22174,0.33834839,0.02728896,65536,66535
ctx064k_req005,64k,65536,1000,51,65536,1000,21410,0.32669067,0.02694209,65536,66535
ctx064k_req005,64k,65536,1000,52,65536,1000,24603,0.37541199,0.02678381,65536,66535
ctx064k_req005,64k,65536,1000,53,65536,1000,21328,0.32543945,0.02656853,65536,66535
ctx064k_req005,64k,65536,1000,54,65536,1000,15626,0.23843384,0.02635635,65536,66535
ctx064k_req005,64k,65536,1000,55,65536,1000,30668,0.46795654,0.02700768,65536,66535
ctx064k_req005,64k,65536,1000,56,65536,1000,18992,0.28979492,0.02590469,65536,66535
ctx064k_req005,64k,65536,1000,57,65536,1000,21276,0.32464600,0.02694504,65536,66535
ctx064k_req005,64k,65536,1000,58,65536,1000,15219,0.23222351,0.02614577,65536,66535
ctx064k_req005,64k,65536,1000,59,65536,1000,21809,0.33277893,0.02661310,65536,66535
ctx064k_req005,64k,65536,1000,60,65536,1000,16289,0.24855042,0.02550426,65536,66535
ctx064k_req006,64k,65536,1000,0,65536,1000,11208,0.17102051,0.03105756,65536,66535
ctx064k_req006,64k,65536,1000,1,65536,1000,3675,0.05607605,0.03009416,65536,66535
ctx064k_req006,64k,65536,1000,2,65536,1000,13562,0.20693970,0.02453828,65536,66535
ctx064k_req006,64k,65536,1000,3,65536,1000,7692,0.11737061,0.02767204,65536,66535
ctx064k_req006,64k,65536,1000,4,65536,1000,23762,0.36257935,0.02822768,65536,66535
ctx064k_req006,64k,65536,1000,5,65536,1000,7129,0.10877991,0.02549408,65536,66535
ctx064k_req006,64k,65536,1000,6,65536,1000,19923,0.30400085,0.02488850,65536,66535
ctx064k_req006,64k,65536,1000,7,65536,1000,16012,0.24432373,0.02465062,65536,66535
ctx064k_req006,64k,65536,1000,8,65536,1000,15232,0.23242188,0.02432201,65536,66535
ctx064k_req006,64k,65536,1000,9,65536,1000,15785,0.24085999,0.02521956,65536,66535
ctx064k_req006,64k,65536,1000,10,65536,1000,15863,0.24205017,0.02556798,65536,66535
ctx064k_req006,64k,65536,1000,11,65536,1000,30126,0.45968628,0.02576781,65536,66535
ctx064k_req006,64k,65536,1000,12,65536,1000,20096,0.30664062,0.02559348,65536,66535
ctx064k_req006,64k,65536,1000,13,65536,1000,14047,0.21434021,0.02517744,65536,66535
ctx064k_req006,64k,65536,1000,14,65536,1000,11743,0.17918396,0.02609277,65536,66535
ctx064k_req006,64k,65536,1000,15,65536,1000,18828,0.28729248,0.02636623,65536,66535
ctx064k_req006,64k,65536,1000,16,65536,1000,20046,0.30587769,0.02571301,65536,66535
ctx064k_req006,64k,65536,1000,17,65536,1000,49809,0.76002502,0.02736310,65536,66535
ctx064k_req006,64k,65536,1000,18,65536,1000,12908,0.19696045,0.02536806,65536,66535
ctx064k_req006,64k,65536,1000,19,65536,1000,22622,0.34518433,0.02571448,65536,66535
ctx064k_req006,64k,65536,1000,20,65536,1000,28319,0.43211365,0.02652301,65536,66535
ctx064k_req006,64k,65536,1000,21,65536,1000,26203,0.39982605,0.02650925,65536,66535
ctx064k_req006,64k,65536,1000,22,65536,1000,12885,0.19660950,0.02590520,65536,66535
ctx064k_req006,64k,65536,1000,23,65536,1000,17161,0.26185608,0.02588239,65536,66535
ctx064k_req006,64k,65536,1000,24,65536,1000,26110,0.39840698,0.02725917,65536,66535
ctx064k_req006,64k,65536,1000,25,65536,1000,15029,0.22932434,0.02619379,65536,66535
ctx064k_req006,64k,65536,1000,26,65536,1000,30203,0.46086121,0.02693515,65536,66535
ctx064k_req006,64k,65536,1000,27,65536,1000,27347,0.41728210,0.02731647,65536,66535
ctx064k_req006,64k,65536,1000,28,65536,1000,27578,0.42080688,0.02664394,65536,66535
ctx064k_req006,64k,65536,1000,29,65536,1000,32710,0.49911499,0.02686546,65536,66535
ctx064k_req006,64k,65536,1000,30,65536,1000,24599,0.37535095,0.02667799,65536,66535
ctx064k_req006,64k,65536,1000,31,65536,1000,23992,0.36608887,0.02684221,65536,66535
ctx064k_req006,64k,65536,1000,32,65536,1000,23045,0.35163879,0.02681595,65536,66535
ctx064k_req006,64k,65536,1000,33,65536,1000,30188,0.46063232,0.02715872,65536,66535
ctx064k_req006,64k,65536,1000,34,65536,1000,15867,0.24211121,0.02674220,65536,66535
ctx064k_req006,64k,65536,1000,35,65536,1000,24251,0.37004089,0.02706688,65536,66535
ctx064k_req006,64k,65536,1000,36,65536,1000,20790,0.31723022,0.02657870,65536,66535
ctx064k_req006,64k,65536,1000,37,65536,1000,16972,0.25897217,0.02610748,65536,66535
ctx064k_req006,64k,65536,1000,38,65536,1000,31519,0.48094177,0.02679420,65536,66535
ctx064k_req006,64k,65536,1000,39,65536,1000,34777,0.53065491,0.02657948,65536,66535
ctx064k_req006,64k,65536,1000,40,65536,1000,22872,0.34899902,0.02691144,65536,66535
ctx064k_req006,64k,65536,1000,41,65536,1000,20234,0.30874634,0.02646707,65536,66535
ctx064k_req006,64k,65536,1000,42,65536,1000,18048,0.27539062,0.02635956,65536,66535
ctx064k_req006,64k,65536,1000,43,65536,1000,32720,0.49926758,0.02727133,65536,66535
ctx064k_req006,64k,65536,1000,44,65536,1000,16322,0.24905396,0.02547360,65536,66535
ctx064k_req006,64k,65536,1000,45,65536,1000,25639,0.39122009,0.02613152,65536,66535
ctx064k_req006,64k,65536,1000,46,65536,1000,32454,0.49520874,0.02689551,65536,66535
ctx064k_req006,64k,65536,1000,47,65536,1000,15172,0.23150635,0.02574144,65536,66535
ctx064k_req006,64k,65536,1000,48,65536,1000,19313,0.29469299,0.02654854,65536,66535
ctx064k_req006,64k,65536,1000,49,65536,1000,25807,0.39378357,0.02604822,65536,66535
ctx064k_req006,64k,65536,1000,50,65536,1000,23999,0.36619568,0.02663092,65536,66535
ctx064k_req006,64k,65536,1000,51,65536,1000,22016,0.33593750,0.02624164,65536,66535
ctx064k_req006,64k,65536,1000,52,65536,1000,23700,0.36163330,0.02619341,65536,66535
ctx064k_req006,64k,65536,1000,53,65536,1000,21069,0.32148743,0.02596216,65536,66535
ctx064k_req006,64k,65536,1000,54,65536,1000,16666,0.25430298,0.02575940,65536,66535
ctx064k_req006,64k,65536,1000,55,65536,1000,31835,0.48576355,0.02628987,65536,66535
ctx064k_req006,64k,65536,1000,56,65536,1000,20206,0.30831909,0.02559862,65536,66535
ctx064k_req006,64k,65536,1000,57,65536,1000,20952,0.31970215,0.02632741,65536,66535
ctx064k_req006,64k,65536,1000,58,65536,1000,15938,0.24319458,0.02601927,65536,66535
ctx064k_req006,64k,65536,1000,59,65536,1000,23105,0.35255432,0.02635619,65536,66535
ctx064k_req006,64k,65536,1000,60,65536,1000,17886,0.27291870,0.02520871,65536,66535
ctx064k_req007,64k,65536,1000,0,65536,1000,11699,0.17851257,0.03103450,65536,66535
ctx064k_req007,64k,65536,1000,1,65536,1000,3691,0.05632019,0.03006821,65536,66535
ctx064k_req007,64k,65536,1000,2,65536,1000,12837,0.19587708,0.02485672,65536,66535
ctx064k_req007,64k,65536,1000,3,65536,1000,7752,0.11828613,0.02806516,65536,66535
ctx064k_req007,64k,65536,1000,4,65536,1000,21641,0.33021545,0.02841435,65536,66535
ctx064k_req007,64k,65536,1000,5,65536,1000,6777,0.10340881,0.02529747,65536,66535
ctx064k_req007,64k,65536,1000,6,65536,1000,19007,0.29002380,0.02523630,65536,66535
ctx064k_req007,64k,65536,1000,7,65536,1000,15852,0.24188232,0.02434579,65536,66535
ctx064k_req007,64k,65536,1000,8,65536,1000,14586,0.22256470,0.02443826,65536,66535
ctx064k_req007,64k,65536,1000,9,65536,1000,12733,0.19429016,0.02442993,65536,66535
ctx064k_req007,64k,65536,1000,10,65536,1000,14585,0.22254944,0.02486087,65536,66535
ctx064k_req007,64k,65536,1000,11,65536,1000,26046,0.39743042,0.02505530,65536,66535
ctx064k_req007,64k,65536,1000,12,65536,1000,19804,0.30218506,0.02537207,65536,66535
ctx064k_req007,64k,65536,1000,13,65536,1000,13359,0.20384216,0.02496178,65536,66535
ctx064k_req007,64k,65536,1000,14,65536,1000,10376,0.15832520,0.02549663,65536,66535
ctx064k_req007,64k,65536,1000,15,65536,1000,15874,0.24221802,0.02507518,65536,66535
ctx064k_req007,64k,65536,1000,16,65536,1000,16949,0.25862122,0.02464333,65536,66535
ctx064k_req007,64k,65536,1000,17,65536,1000,50434,0.76956177,0.02598431,65536,66535
ctx064k_req007,64k,65536,1000,18,65536,1000,12625,0.19264221,0.02453125,65536,66535
ctx064k_req007,64k,65536,1000,19,65536,1000,19555,0.29838562,0.02463480,65536,66535
ctx064k_req007,64k,65536,1000,20,65536,1000,24465,0.37330627,0.02518561,65536,66535
ctx064k_req007,64k,65536,1000,21,65536,1000,21119,0.32225037,0.02531467,65536,66535
ctx064k_req007,64k,65536,1000,22,65536,1000,11176,0.17053223,0.02498845,65536,66535
ctx064k_req007,64k,65536,1000,23,65536,1000,13845,0.21125793,0.02453395,65536,66535
ctx064k_req007,64k,65536,1000,24,65536,1000,22706,0.34646606,0.02525056,65536,66535
ctx064k_req007,64k,65536,1000,25,65536,1000,13161,0.20082092,0.02493019,65536,66535
ctx064k_req007,64k,65536,1000,26,65536,1000,23840,0.36376953,0.02557802,65536,66535
ctx064k_req007,64k,65536,1000,27,65536,1000,20596,0.31427002,0.02575189,65536,66535
ctx064k_req007,64k,65536,1000,28,65536,1000,22207,0.33885193,0.02517473,65536,66535
ctx064k_req007,64k,65536,1000,29,65536,1000,26984,0.41174316,0.02548724,65536,66535
ctx064k_req007,64k,65536,1000,30,65536,1000,18902,0.28842163,0.02531137,65536,66535
ctx064k_req007,64k,65536,1000,31,65536,1000,18094,0.27609253,0.02567070,65536,66535
ctx064k_req007,64k,65536,1000,32,65536,1000,15979,0.24382019,0.02544031,65536,66535
ctx064k_req007,64k,65536,1000,33,65536,1000,23311,0.35569763,0.02551239,65536,66535
ctx064k_req007,64k,65536,1000,34,65536,1000,11524,0.17584229,0.02526218,65536,66535
ctx064k_req007,64k,65536,1000,35,65536,1000,17135,0.26145935,0.02527115,65536,66535
ctx064k_req007,64k,65536,1000,36,65536,1000,17203,0.26249695,0.02505684,65536,66535
ctx064k_req007,64k,65536,1000,37,65536,1000,14573,0.22236633,0.02487006,65536,66535
ctx064k_req007,64k,65536,1000,38,65536,1000,25917,0.39546204,0.02556310,65536,66535
ctx064k_req007,64k,65536,1000,39,65536,1000,27442,0.41873169,0.02537123,65536,66535
ctx064k_req007,64k,65536,1000,40,65536,1000,19300,0.29449463,0.02551657,65536,66535
ctx064k_req007,64k,65536,1000,41,65536,1000,16013,0.24433899,0.02516660,65536,66535
ctx064k_req007,64k,65536,1000,42,65536,1000,15605,0.23811340,0.02538002,65536,66535
ctx064k_req007,64k,65536,1000,43,65536,1000,27080,0.41320801,0.02597371,65536,66535
ctx064k_req007,64k,65536,1000,44,65536,1000,14952,0.22814941,0.02505925,65536,66535
ctx064k_req007,64k,65536,1000,45,65536,1000,20746,0.31655884,0.02529315,65536,66535
ctx064k_req007,64k,65536,1000,46,65536,1000,28485,0.43464661,0.02571156,65536,66535
ctx064k_req007,64k,65536,1000,47,65536,1000,11840,0.18066406,0.02491312,65536,66535
ctx064k_req007,64k,65536,1000,48,65536,1000,15061,0.22981262,0.02532840,65536,66535
ctx064k_req007,64k,65536,1000,49,65536,1000,21789,0.33247375,0.02495486,65536,66535
ctx064k_req007,64k,65536,1000,50,65536,1000,18208,0.27783203,0.02539990,65536,66535
ctx064k_req007,64k,65536,1000,51,65536,1000,18828,0.28729248,0.02536316,65536,66535
ctx064k_req007,64k,65536,1000,52,65536,1000,21520,0.32836914,0.02501163,65536,66535
ctx064k_req007,64k,65536,1000,53,65536,1000,20265,0.30921936,0.02505415,65536,66535
ctx064k_req007,64k,65536,1000,54,65536,1000,12620,0.19256592,0.02470148,65536,66535
ctx064k_req007,64k,65536,1000,55,65536,1000,27185,0.41481018,0.02499081,65536,66535
ctx064k_req007,64k,65536,1000,56,65536,1000,16542,0.25241089,0.02455228,65536,66535
ctx064k_req007,64k,65536,1000,57,65536,1000,17226,0.26284790,0.02520912,65536,66535
ctx064k_req007,64k,65536,1000,58,65536,1000,13261,0.20234680,0.02554817,65536,66535
ctx064k_req007,64k,65536,1000,59,65536,1000,19120,0.29174805,0.02531705,65536,66535
ctx064k_req007,64k,65536,1000,60,65536,1000,15846,0.24179077,0.02435602,65536,66535
ctx064k_req008,64k,65536,1000,0,65536,1000,11677,0.17817688,0.03110051,65536,66535
ctx064k_req008,64k,65536,1000,1,65536,1000,3023,0.04612732,0.03031772,65536,66535
ctx064k_req008,64k,65536,1000,2,65536,1000,13290,0.20278931,0.02542296,65536,66535
ctx064k_req008,64k,65536,1000,3,65536,1000,7437,0.11347961,0.02779073,65536,66535
ctx064k_req008,64k,65536,1000,4,65536,1000,22825,0.34828186,0.02822815,65536,66535
ctx064k_req008,64k,65536,1000,5,65536,1000,6939,0.10588074,0.02560162,65536,66535
ctx064k_req008,64k,65536,1000,6,65536,1000,20600,0.31433105,0.02518393,65536,66535
ctx064k_req008,64k,65536,1000,7,65536,1000,17333,0.26448059,0.02518263,65536,66535
ctx064k_req008,64k,65536,1000,8,65536,1000,14823,0.22618103,0.02443985,65536,66535
ctx064k_req008,64k,65536,1000,9,65536,1000,15168,0.23144531,0.02581168,65536,66535
ctx064k_req008,64k,65536,1000,10,65536,1000,15422,0.23532104,0.02580377,65536,66535
ctx064k_req008,64k,65536,1000,11,65536,1000,30739,0.46903992,0.02629483,65536,66535
ctx064k_req008,64k,65536,1000,12,65536,1000,20848,0.31811523,0.02559766,65536,66535
ctx064k_req008,64k,65536,1000,13,65536,1000,13942,0.21273804,0.02517683,65536,66535
ctx064k_req008,64k,65536,1000,14,65536,1000,11170,0.17044067,0.02636188,65536,66535
ctx064k_req008,64k,65536,1000,15,65536,1000,18663,0.28477478,0.02638768,65536,66535
ctx064k_req008,64k,65536,1000,16,65536,1000,19279,0.29417419,0.02581177,65536,66535
ctx064k_req008,64k,65536,1000,17,65536,1000,53690,0.81924438,0.02714632,65536,66535
ctx064k_req008,64k,65536,1000,18,65536,1000,13535,0.20652771,0.02544316,65536,66535
ctx064k_req008,64k,65536,1000,19,65536,1000,24000,0.36621094,0.02627753,65536,66535
ctx064k_req008,64k,65536,1000,20,65536,1000,32924,0.50238037,0.02658536,65536,66535
ctx064k_req008,64k,65536,1000,21,65536,1000,27500,0.41961670,0.02708411,65536,66535
ctx064k_req008,64k,65536,1000,22,65536,1000,12823,0.19566345,0.02599255,65536,66535
ctx064k_req008,64k,65536,1000,23,65536,1000,18516,0.28253174,0.02611726,65536,66535
ctx064k_req008,64k,65536,1000,24,65536,1000,31123,0.47489929,0.02705116,65536,66535
ctx064k_req008,64k,65536,1000,25,65536,1000,16403,0.25028992,0.02615112,65536,66535
ctx064k_req008,64k,65536,1000,26,65536,1000,32485,0.49568176,0.02680240,65536,66535
ctx064k_req008,64k,65536,1000,27,65536,1000,28923,0.44132996,0.02715279,65536,66535
ctx064k_req008,64k,65536,1000,28,65536,1000,29353,0.44789124,0.02665762,65536,66535
ctx064k_req008,64k,65536,1000,29,65536,1000,36690,0.55984497,0.02697527,65536,66535
ctx064k_req008,64k,65536,1000,30,65536,1000,27229,0.41548157,0.02664340,65536,66535
ctx064k_req008,64k,65536,1000,31,65536,1000,27646,0.42184448,0.02672299,65536,66535
ctx064k_req008,64k,65536,1000,32,65536,1000,24413,0.37251282,0.02647334,65536,66535
ctx064k_req008,64k,65536,1000,33,65536,1000,33047,0.50425720,0.02676642,65536,66535
ctx064k_req008,64k,65536,1000,34,65536,1000,17638,0.26913452,0.02640466,65536,66535
ctx064k_req008,64k,65536,1000,35,65536,1000,25954,0.39602661,0.02660674,65536,66535
ctx064k_req008,64k,65536,1000,36,65536,1000,23805,0.36323547,0.02611333,65536,66535
ctx064k_req008,64k,65536,1000,37,65536,1000,17739,0.27067566,0.02610234,65536,66535
ctx064k_req008,64k,65536,1000,38,65536,1000,35359,0.53953552,0.02672069,65536,66535
ctx064k_req008,64k,65536,1000,39,65536,1000,36374,0.55502319,0.02654637,65536,66535
ctx064k_req008,64k,65536,1000,40,65536,1000,26713,0.40760803,0.02689027,65536,66535
ctx064k_req008,64k,65536,1000,41,65536,1000,22534,0.34384155,0.02643863,65536,66535
ctx064k_req008,64k,65536,1000,42,65536,1000,20520,0.31311035,0.02618677,65536,66535
ctx064k_req008,64k,65536,1000,43,65536,1000,37380,0.57037354,0.02714308,65536,66535
ctx064k_req008,64k,65536,1000,44,65536,1000,16358,0.24960327,0.02554919,65536,66535
ctx064k_req008,64k,65536,1000,45,65536,1000,28623,0.43675232,0.02637740,65536,66535
ctx064k_req008,64k,65536,1000,46,65536,1000,36530,0.55740356,0.02718588,65536,66535
ctx064k_req008,64k,65536,1000,47,65536,1000,16692,0.25469971,0.02624306,65536,66535
ctx064k_req008,64k,65536,1000,48,65536,1000,21636,0.33013916,0.02639235,65536,66535
ctx064k_req008,64k,65536,1000,49,65536,1000,29481,0.44984436,0.02619260,65536,66535
ctx064k_req008,64k,65536,1000,50,65536,1000,25275,0.38566589,0.02667046,65536,66535
ctx064k_req008,64k,65536,1000,51,65536,1000,23380,0.35675049,0.02662930,65536,66535
ctx064k_req008,64k,65536,1000,52,65536,1000,24710,0.37704468,0.02633398,65536,66535
ctx064k_req008,64k,65536,1000,53,65536,1000,22094,0.33712769,0.02567696,65536,66535
ctx064k_req008,64k,65536,1000,54,65536,1000,16810,0.25650024,0.02608659,65536,66535
ctx064k_req008,64k,65536,1000,55,65536,1000,34795,0.53092957,0.02625194,65536,66535
ctx064k_req008,64k,65536,1000,56,65536,1000,20727,0.31626892,0.02559923,65536,66535
ctx064k_req008,64k,65536,1000,57,65536,1000,22772,0.34747314,0.02643814,65536,66535
ctx064k_req008,64k,65536,1000,58,65536,1000,15892,0.24249268,0.02562386,65536,66535
ctx064k_req008,64k,65536,1000,59,65536,1000,23777,0.36280823,0.02618822,65536,66535
ctx064k_req008,64k,65536,1000,60,65536,1000,18406,0.28085327,0.02540718,65536,66535
ctx064k_req009,64k,65536,1000,0,65536,1000,11405,0.17402649,0.03109932,65536,66535
ctx064k_req009,64k,65536,1000,1,65536,1000,3352,0.05114746,0.03029755,65536,66535
ctx064k_req009,64k,65536,1000,2,65536,1000,13486,0.20578003,0.02530356,65536,66535
ctx064k_req009,64k,65536,1000,3,65536,1000,7494,0.11434937,0.02763783,65536,66535
ctx064k_req009,64k,65536,1000,4,65536,1000,24289,0.37062073,0.02772612,65536,66535
ctx064k_req009,64k,65536,1000,5,65536,1000,7396,0.11285400,0.02542624,65536,66535
ctx064k_req009,64k,65536,1000,6,65536,1000,19550,0.29830933,0.02510332,65536,66535
ctx064k_req009,64k,65536,1000,7,65536,1000,16160,0.24658203,0.02509778,65536,66535
ctx064k_req009,64k,65536,1000,8,65536,1000,15011,0.22904968,0.02433919,65536,66535
ctx064k_req009,64k,65536,1000,9,65536,1000,15085,0.23017883,0.02641194,65536,66535
ctx064k_req009,64k,65536,1000,10,65536,1000,15508,0.23663330,0.02636494,65536,66535
ctx064k_req009,64k,65536,1000,11,65536,1000,29827,0.45512390,0.02646252,65536,66535
ctx064k_req009,64k,65536,1000,12,65536,1000,20062,0.30612183,0.02578627,65536,66535
ctx064k_req009,64k,65536,1000,13,65536,1000,14049,0.21437073,0.02545593,65536,66535
ctx064k_req009,64k,65536,1000,14,65536,1000,11489,0.17530823,0.02675316,65536,66535
ctx064k_req009,64k,65536,1000,15,65536,1000,19595,0.29899597,0.02725209,65536,66535
ctx064k_req009,64k,65536,1000,16,65536,1000,19368,0.29553223,0.02627579,65536,66535
ctx064k_req009,64k,65536,1000,17,65536,1000,51377,0.78395081,0.02771539,65536,66535
ctx064k_req009,64k,65536,1000,18,65536,1000,12813,0.19551086,0.02610741,65536,66535
ctx064k_req009,64k,65536,1000,19,65536,1000,24021,0.36653137,0.02702904,65536,66535
ctx064k_req009,64k,65536,1000,20,65536,1000,30800,0.46997070,0.02738306,65536,66535
ctx064k_req009,64k,65536,1000,21,65536,1000,27582,0.42086792,0.02787000,65536,66535
ctx064k_req009,64k,65536,1000,22,65536,1000,12689,0.19361877,0.02679613,65536,66535
ctx064k_req009,64k,65536,1000,23,65536,1000,17900,0.27313232,0.02709647,65536,66535
ctx064k_req009,64k,65536,1000,24,65536,1000,29137,0.44459534,0.02800861,65536,66535
ctx064k_req009,64k,65536,1000,25,65536,1000,16265,0.24818420,0.02703941,65536,66535
ctx064k_req009,64k,65536,1000,26,65536,1000,31713,0.48390198,0.02770717,65536,66535
ctx064k_req009,64k,65536,1000,27,65536,1000,28339,0.43241882,0.02811195,65536,66535
ctx064k_req009,64k,65536,1000,28,65536,1000,29013,0.44270325,0.02757365,65536,66535
ctx064k_req009,64k,65536,1000,29,65536,1000,35585,0.54298401,0.02776443,65536,66535
ctx064k_req009,64k,65536,1000,30,65536,1000,26327,0.40171814,0.02748328,65536,66535
ctx064k_req009,64k,65536,1000,31,65536,1000,25029,0.38191223,0.02750043,65536,66535
ctx064k_req009,64k,65536,1000,32,65536,1000,21886,0.33395386,0.02744768,65536,66535
ctx064k_req009,64k,65536,1000,33,65536,1000,30215,0.46104431,0.02766470,65536,66535
ctx064k_req009,64k,65536,1000,34,65536,1000,16215,0.24742126,0.02725813,65536,66535
ctx064k_req009,64k,65536,1000,35,65536,1000,24599,0.37535095,0.02773077,65536,66535
ctx064k_req009,64k,65536,1000,36,65536,1000,22180,0.33843994,0.02715326,65536,66535
ctx064k_req009,64k,65536,1000,37,65536,1000,18029,0.27510071,0.02728169,65536,66535
ctx064k_req009,64k,65536,1000,38,65536,1000,35233,0.53761292,0.02791412,65536,66535
ctx064k_req009,64k,65536,1000,39,65536,1000,36841,0.56214905,0.02767764,65536,66535
ctx064k_req009,64k,65536,1000,40,65536,1000,24745,0.37757874,0.02773225,65536,66535
ctx064k_req009,64k,65536,1000,41,65536,1000,22127,0.33763123,0.02753676,65536,66535
ctx064k_req009,64k,65536,1000,42,65536,1000,19554,0.29837036,0.02712912,65536,66535
ctx064k_req009,64k,65536,1000,43,65536,1000,36224,0.55273438,0.02825006,65536,66535
ctx064k_req009,64k,65536,1000,44,65536,1000,16043,0.24479675,0.02626740,65536,66535
ctx064k_req009,64k,65536,1000,45,65536,1000,28237,0.43086243,0.02737329,65536,66535
ctx064k_req009,64k,65536,1000,46,65536,1000,34067,0.51982117,0.02812569,65536,66535
ctx064k_req009,64k,65536,1000,47,65536,1000,16281,0.24842834,0.02709952,65536,66535
ctx064k_req009,64k,65536,1000,48,65536,1000,20743,0.31651306,0.02761633,65536,66535
ctx064k_req009,64k,65536,1000,49,65536,1000,27254,0.41586304,0.02703880,65536,66535
ctx064k_req009,64k,65536,1000,50,65536,1000,23883,0.36442566,0.02762418,65536,66535
ctx064k_req009,64k,65536,1000,51,65536,1000,23808,0.36328125,0.02755351,65536,66535
ctx064k_req009,64k,65536,1000,52,65536,1000,23622,0.36044312,0.02732143,65536,66535
ctx064k_req009,64k,65536,1000,53,65536,1000,20211,0.30839539,0.02663702,65536,66535
ctx064k_req009,64k,65536,1000,54,65536,1000,16161,0.24659729,0.02689972,65536,66535
ctx064k_req009,64k,65536,1000,55,65536,1000,34318,0.52365112,0.02751990,65536,66535
ctx064k_req009,64k,65536,1000,56,65536,1000,20920,0.31921387,0.02646397,65536,66535
ctx064k_req009,64k,65536,1000,57,65536,1000,23179,0.35368347,0.02723592,65536,66535
ctx064k_req009,64k,65536,1000,58,65536,1000,14799,0.22581482,0.02608003,65536,66535
ctx064k_req009,64k,65536,1000,59,65536,1000,23499,0.35856628,0.02684882,65536,66535
ctx064k_req009,64k,65536,1000,60,65536,1000,17291,0.26383972,0.02587552,65536,66535
ctx064k_req010,64k,65536,1000,0,65536,1000,11221,0.17121887,0.03102763,65536,66535
ctx064k_req010,64k,65536,1000,1,65536,1000,3618,0.05520630,0.03015129,65536,66535
ctx064k_req010,64k,65536,1000,2,65536,1000,13527,0.20640564,0.02545715,65536,66535
ctx064k_req010,64k,65536,1000,3,65536,1000,7600,0.11596680,0.02791739,65536,66535
ctx064k_req010,64k,65536,1000,4,65536,1000,21447,0.32725525,0.02800861,65536,66535
ctx064k_req010,64k,65536,1000,5,65536,1000,7608,0.11608887,0.02617421,65536,66535
ctx064k_req010,64k,65536,1000,6,65536,1000,20090,0.30654907,0.02544620,65536,66535
ctx064k_req010,64k,65536,1000,7,65536,1000,16095,0.24559021,0.02516588,65536,66535
ctx064k_req010,64k,65536,1000,8,65536,1000,14810,0.22598267,0.02463374,65536,66535
ctx064k_req010,64k,65536,1000,9,65536,1000,13452,0.20526123,0.02586815,65536,66535
ctx064k_req010,64k,65536,1000,10,65536,1000,14832,0.22631836,0.02586226,65536,66535
ctx064k_req010,64k,65536,1000,11,65536,1000,28554,0.43569946,0.02647266,65536,66535
ctx064k_req010,64k,65536,1000,12,65536,1000,20252,0.30902100,0.02582532,65536,66535
ctx064k_req010,64k,65536,1000,13,65536,1000,13171,0.20097351,0.02543333,65536,66535
ctx064k_req010,64k,65536,1000,14,65536,1000,10493,0.16011047,0.02655260,65536,66535
ctx064k_req010,64k,65536,1000,15,65536,1000,18940,0.28900146,0.02687398,65536,66535
ctx064k_req010,64k,65536,1000,16,65536,1000,17127,0.26133728,0.02572476,65536,66535
ctx064k_req010,64k,65536,1000,17,65536,1000,51577,0.78700256,0.02745799,65536,66535
ctx064k_req010,64k,65536,1000,18,65536,1000,12568,0.19177246,0.02566821,65536,66535
ctx064k_req010,64k,65536,1000,19,65536,1000,22740,0.34698486,0.02597754,65536,66535
ctx064k_req010,64k,65536,1000,20,65536,1000,31968,0.48779297,0.02672040,65536,66535
ctx064k_req010,64k,65536,1000,21,65536,1000,29223,0.44590759,0.02717061,65536,66535
ctx064k_req010,64k,65536,1000,22,65536,1000,12197,0.18611145,0.02608551,65536,66535
ctx064k_req010,64k,65536,1000,23,65536,1000,17975,0.27427673,0.02607628,65536,66535
ctx064k_req010,64k,65536,1000,24,65536,1000,29059,0.44340515,0.02733751,65536,66535
ctx064k_req010,64k,65536,1000,25,65536,1000,16577,0.25294495,0.02633578,65536,66535
ctx064k_req010,64k,65536,1000,26,65536,1000,31948,0.48748779,0.02729753,65536,66535
ctx064k_req010,64k,65536,1000,27,65536,1000,29246,0.44625854,0.02758803,65536,66535
ctx064k_req010,64k,65536,1000,28,65536,1000,30056,0.45861816,0.02705009,65536,66535
ctx064k_req010,64k,65536,1000,29,65536,1000,35583,0.54295349,0.02747504,65536,66535
ctx064k_req010,64k,65536,1000,30,65536,1000,27028,0.41241455,0.02700789,65536,66535
ctx064k_req010,64k,65536,1000,31,65536,1000,25806,0.39376831,0.02712131,65536,66535
ctx064k_req010,64k,65536,1000,32,65536,1000,26170,0.39932251,0.02701018,65536,66535
ctx064k_req010,64k,65536,1000,33,65536,1000,35187,0.53691101,0.02736696,65536,66535
ctx064k_req010,64k,65536,1000,34,65536,1000,18420,0.28106689,0.02694943,65536,66535
ctx064k_req010,64k,65536,1000,35,65536,1000,27226,0.41543579,0.02731607,65536,66535
ctx064k_req010,64k,65536,1000,36,65536,1000,24612,0.37554932,0.02678162,65536,66535
ctx064k_req010,64k,65536,1000,37,65536,1000,19048,0.29064941,0.02658394,65536,66535
ctx064k_req010,64k,65536,1000,38,65536,1000,37979,0.57951355,0.02748997,65536,66535
ctx064k_req010,64k,65536,1000,39,65536,1000,39607,0.60435486,0.02723610,65536,66535
ctx064k_req010,64k,65536,1000,40,65536,1000,26748,0.40814209,0.02724174,65536,66535
ctx064k_req010,64k,65536,1000,41,65536,1000,23460,0.35797119,0.02700760,65536,66535
ctx064k_req010,64k,65536,1000,42,65536,1000,21495,0.32798767,0.02685887,65536,66535
ctx064k_req010,64k,65536,1000,43,65536,1000,38587,0.58879089,0.02797269,65536,66535
ctx064k_req010,64k,65536,1000,44,65536,1000,15803,0.24113464,0.02593661,65536,66535
ctx064k_req010,64k,65536,1000,45,65536,1000,29422,0.44894409,0.02697153,65536,66535
ctx064k_req010,64k,65536,1000,46,65536,1000,37164,0.56707764,0.02767564,65536,66535
ctx064k_req010,64k,65536,1000,47,65536,1000,16992,0.25927734,0.02676138,65536,66535
ctx064k_req010,64k,65536,1000,48,65536,1000,21954,0.33499146,0.02722499,65536,66535
ctx064k_req010,64k,65536,1000,49,65536,1000,29413,0.44880676,0.02678638,65536,66535
ctx064k_req010,64k,65536,1000,50,65536,1000,26237,0.40034485,0.02733545,65536,66535
ctx064k_req010,64k,65536,1000,51,65536,1000,25172,0.38409424,0.02705890,65536,66535
ctx064k_req010,64k,65536,1000,52,65536,1000,25354,0.38687134,0.02674719,65536,66535
ctx064k_req010,64k,65536,1000,53,65536,1000,21413,0.32673645,0.02638310,65536,66535
ctx064k_req010,64k,65536,1000,54,65536,1000,16012,0.24432373,0.02658310,65536,66535
ctx064k_req010,64k,65536,1000,55,65536,1000,35433,0.54066467,0.02710587,65536,66535
ctx064k_req010,64k,65536,1000,56,65536,1000,21365,0.32600403,0.02626575,65536,66535
ctx064k_req010,64k,65536,1000,57,65536,1000,24986,0.38125610,0.02694522,65536,66535
ctx064k_req010,64k,65536,1000,58,65536,1000,16084,0.24542236,0.02601068,65536,66535
ctx064k_req010,64k,65536,1000,59,65536,1000,24717,0.37715149,0.02714119,65536,66535
ctx064k_req010,64k,65536,1000,60,65536,1000,19607,0.29917908,0.02545331,65536,66535
ctx064k_req011,64k,65536,1000,0,65536,1000,11465,0.17494202,0.03109047,65536,66535
ctx064k_req011,64k,65536,1000,1,65536,1000,4353,0.06642151,0.02993069,65536,66535
ctx064k_req011,64k,65536,1000,2,65536,1000,12619,0.19255066,0.02505688,65536,66535
ctx064k_req011,64k,65536,1000,3,65536,1000,7636,0.11651611,0.02777533,65536,66535
ctx064k_req011,64k,65536,1000,4,65536,1000,20973,0.32002258,0.02811862,65536,66535
ctx064k_req011,64k,65536,1000,5,65536,1000,7134,0.10885620,0.02565012,65536,66535
ctx064k_req011,64k,65536,1000,6,65536,1000,19084,0.29119873,0.02513359,65536,66535
ctx064k_req011,64k,65536,1000,7,65536,1000,15637,0.23860168,0.02464180,65536,66535
ctx064k_req011,64k,65536,1000,8,65536,1000,14400,0.21972656,0.02443393,65536,66535
ctx064k_req011,64k,65536,1000,9,65536,1000,12960,0.19775391,0.02492104,65536,66535
ctx064k_req011,64k,65536,1000,10,65536,1000,14925,0.22773743,0.02533012,65536,66535
ctx064k_req011,64k,65536,1000,11,65536,1000,24828,0.37884521,0.02566904,65536,66535
ctx064k_req011,64k,65536,1000,12,65536,1000,19718,0.30087280,0.02562773,65536,66535
ctx064k_req011,64k,65536,1000,13,65536,1000,12784,0.19506836,0.02504536,65536,66535
ctx064k_req011,64k,65536,1000,14,65536,1000,10715,0.16349792,0.02581976,65536,66535
ctx064k_req011,64k,65536,1000,15,65536,1000,16610,0.25344849,0.02616069,65536,66535
ctx064k_req011,64k,65536,1000,16,65536,1000,15821,0.24140930,0.02552400,65536,66535
ctx064k_req011,64k,65536,1000,17,65536,1000,53591,0.81773376,0.02689510,65536,66535
ctx064k_req011,64k,65536,1000,18,65536,1000,11724,0.17889404,0.02531740,65536,66535
ctx064k_req011,64k,65536,1000,19,65536,1000,18684,0.28509521,0.02588464,65536,66535
ctx064k_req011,64k,65536,1000,20,65536,1000,28527,0.43528748,0.02657692,65536,66535
ctx064k_req011,64k,65536,1000,21,65536,1000,24167,0.36875916,0.02666948,65536,66535
ctx064k_req011,64k,65536,1000,22,65536,1000,12044,0.18377686,0.02586526,65536,66535
ctx064k_req011,64k,65536,1000,23,65536,1000,16435,0.25077820,0.02572514,65536,66535
ctx064k_req011,64k,65536,1000,24,65536,1000,27379,0.41777039,0.02673703,65536,66535
ctx064k_req011,64k,65536,1000,25,65536,1000,13582,0.20724487,0.02554054,65536,66535
ctx064k_req011,64k,65536,1000,26,65536,1000,26834,0.40945435,0.02646536,65536,66535
ctx064k_req011,64k,65536,1000,27,65536,1000,24973,0.38105774,0.02684380,65536,66535
ctx064k_req011,64k,65536,1000,28,65536,1000,24946,0.38064575,0.02611186,65536,66535
ctx064k_req011,64k,65536,1000,29,65536,1000,29934,0.45675659,0.02637868,65536,66535
ctx064k_req011,64k,65536,1000,30,65536,1000,20952,0.31970215,0.02588628,65536,66535
ctx064k_req011,64k,65536,1000,31,65536,1000,21018,0.32070923,0.02632974,65536,66535
ctx064k_req011,64k,65536,1000,32,65536,1000,18464,0.28173828,0.02602141,65536,66535
ctx064k_req011,64k,65536,1000,33,65536,1000,26948,0.41119385,0.02619136,65536,66535
ctx064k_req011,64k,65536,1000,34,65536,1000,14244,0.21734619,0.02602478,65536,66535
ctx064k_req011,64k,65536,1000,35,65536,1000,20196,0.30816650,0.02613243,65536,66535
ctx064k_req011,64k,65536,1000,36,65536,1000,18973,0.28950500,0.02598209,65536,66535
ctx064k_req011,64k,65536,1000,37,65536,1000,16093,0.24555969,0.02568929,65536,66535
ctx064k_req011,64k,65536,1000,38,65536,1000,30904,0.47155762,0.02648213,65536,66535
ctx064k_req011,64k,65536,1000,39,65536,1000,33218,0.50686646,0.02609261,65536,66535
ctx064k_req011,64k,65536,1000,40,65536,1000,22552,0.34411621,0.02626967,65536,66535
ctx064k_req011,64k,65536,1000,41,65536,1000,20020,0.30548096,0.02619629,65536,66535
ctx064k_req011,64k,65536,1000,42,65536,1000,17482,0.26675415,0.02599260,65536,66535
ctx064k_req011,64k,65536,1000,43,65536,1000,31529,0.48109436,0.02685901,65536,66535
ctx064k_req011,64k,65536,1000,44,65536,1000,15959,0.24351501,0.02550504,65536,66535
ctx064k_req011,64k,65536,1000,45,65536,1000,25594,0.39053345,0.02600348,65536,66535
ctx064k_req011,64k,65536,1000,46,65536,1000,30111,0.45945740,0.02645357,65536,66535
ctx064k_req011,64k,65536,1000,47,65536,1000,14755,0.22514343,0.02559065,65536,66535
ctx064k_req011,64k,65536,1000,48,65536,1000,17818,0.27188110,0.02634663,65536,66535
ctx064k_req011,64k,65536,1000,49,65536,1000,24077,0.36738586,0.02565508,65536,66535
ctx064k_req011,64k,65536,1000,50,65536,1000,21048,0.32116699,0.02614751,65536,66535
ctx064k_req011,64k,65536,1000,51,65536,1000,21546,0.32876587,0.02605878,65536,66535
ctx064k_req011,64k,65536,1000,52,65536,1000,23899,0.36466980,0.02612671,65536,66535
ctx064k_req011,64k,65536,1000,53,65536,1000,20319,0.31004333,0.02568750,65536,66535
ctx064k_req011,64k,65536,1000,54,65536,1000,14189,0.21650696,0.02549706,65536,66535
ctx064k_req011,64k,65536,1000,55,65536,1000,30278,0.46200562,0.02606352,65536,66535
ctx064k_req011,64k,65536,1000,56,65536,1000,18139,0.27677917,0.02518411,65536,66535
ctx064k_req011,64k,65536,1000,57,65536,1000,20359,0.31065369,0.02588184,65536,66535
ctx064k_req011,64k,65536,1000,58,65536,1000,13880,0.21179199,0.02557675,65536,66535
ctx064k_req011,64k,65536,1000,59,65536,1000,19735,0.30113220,0.02597940,65536,66535
ctx064k_req011,64k,65536,1000,60,65536,1000,16202,0.24722290,0.02480304,65536,66535
ctx064k_req012,64k,65536,1000,0,65536,1000,11124,0.16973877,0.03103558,65536,66535
ctx064k_req012,64k,65536,1000,1,65536,1000,3719,0.05674744,0.03009346,65536,66535
ctx064k_req012,64k,65536,1000,2,65536,1000,13251,0.20219421,0.02465236,65536,66535
ctx064k_req012,64k,65536,1000,3,65536,1000,7554,0.11526489,0.02766759,65536,66535
ctx064k_req012,64k,65536,1000,4,65536,1000,25851,0.39445496,0.02835974,65536,66535
ctx064k_req012,64k,65536,1000,5,65536,1000,7968,0.12158203,0.02612639,65536,66535
ctx064k_req012,64k,65536,1000,6,65536,1000,19316,0.29473877,0.02520953,65536,66535
ctx064k_req012,64k,65536,1000,7,65536,1000,15822,0.24142456,0.02534395,65536,66535
ctx064k_req012,64k,65536,1000,8,65536,1000,14846,0.22653198,0.02447121,65536,66535
ctx064k_req012,64k,65536,1000,9,65536,1000,17172,0.26202393,0.02677289,65536,66535
ctx064k_req012,64k,65536,1000,10,65536,1000,15704,0.23962402,0.02668788,65536,66535
ctx064k_req012,64k,65536,1000,11,65536,1000,33232,0.50708008,0.02673749,65536,66535
ctx064k_req012,64k,65536,1000,12,65536,1000,20134,0.30722046,0.02578975,65536,66535
ctx064k_req012,64k,65536,1000,13,65536,1000,13682,0.20877075,0.02553162,65536,66535
ctx064k_req012,64k,65536,1000,14,65536,1000,11999,0.18309021,0.02697565,65536,66535
ctx064k_req012,64k,65536,1000,15,65536,1000,19631,0.29954529,0.02735226,65536,66535
ctx064k_req012,64k,65536,1000,16,65536,1000,21301,0.32502747,0.02649022,65536,66535
ctx064k_req012,64k,65536,1000,17,65536,1000,52933,0.80769348,0.02792957,65536,66535
ctx064k_req012,64k,65536,1000,18,65536,1000,14242,0.21731567,0.02579031,65536,66535
ctx064k_req012,64k,65536,1000,19,65536,1000,26677,0.40705872,0.02635939,65536,66535
ctx064k_req012,64k,65536,1000,20,65536,1000,37165,0.56709290,0.02743208,65536,66535
ctx064k_req012,64k,65536,1000,21,65536,1000,32700,0.49896240,0.02767888,65536,66535
ctx064k_req012,64k,65536,1000,22,65536,1000,15533,0.23701477,0.02649040,65536,66535
ctx064k_req012,64k,65536,1000,23,65536,1000,21991,0.33555603,0.02714093,65536,66535
ctx064k_req012,64k,65536,1000,24,65536,1000,33557,0.51203918,0.02806419,65536,66535
ctx064k_req012,64k,65536,1000,25,65536,1000,19634,0.29959106,0.02685551,65536,66535
ctx064k_req012,64k,65536,1000,26,65536,1000,36724,0.56036377,0.02802972,65536,66535
ctx064k_req012,64k,65536,1000,27,65536,1000,34397,0.52485657,0.02839650,65536,66535
ctx064k_req012,64k,65536,1000,28,65536,1000,33538,0.51174927,0.02775267,65536,66535
ctx064k_req012,64k,65536,1000,29,65536,1000,39142,0.59725952,0.02792514,65536,66535
ctx064k_req012,64k,65536,1000,30,65536,1000,30538,0.46597290,0.02771741,65536,66535
ctx064k_req012,64k,65536,1000,31,65536,1000,30508,0.46551514,0.02786246,65536,66535
ctx064k_req012,64k,65536,1000,32,65536,1000,27444,0.41876221,0.02775298,65536,66535
ctx064k_req012,64k,65536,1000,33,65536,1000,34966,0.53353882,0.02794330,65536,66535
ctx064k_req012,64k,65536,1000,34,65536,1000,19918,0.30392456,0.02757297,65536,66535
ctx064k_req012,64k,65536,1000,35,65536,1000,29890,0.45608521,0.02787300,65536,66535
ctx064k_req012,64k,65536,1000,36,65536,1000,27147,0.41423035,0.02724840,65536,66535
ctx064k_req012,64k,65536,1000,37,65536,1000,20268,0.30926514,0.02727693,65536,66535
ctx064k_req012,64k,65536,1000,38,65536,1000,35388,0.53997803,0.02776125,65536,66535
ctx064k_req012,64k,65536,1000,39,65536,1000,39386,0.60098267,0.02751242,65536,66535
ctx064k_req012,64k,65536,1000,40,65536,1000,28451,0.43412781,0.02783377,65536,66535
ctx064k_req012,64k,65536,1000,41,65536,1000,24815,0.37864685,0.02742935,65536,66535
ctx064k_req012,64k,65536,1000,42,65536,1000,23106,0.35256958,0.02716721,65536,66535
ctx064k_req012,64k,65536,1000,43,65536,1000,38614,0.58920288,0.02832626,65536,66535
ctx064k_req012,64k,65536,1000,44,65536,1000,17541,0.26765442,0.02609372,65536,66535
ctx064k_req012,64k,65536,1000,45,65536,1000,30917,0.47175598,0.02733484,65536,66535
ctx064k_req012,64k,65536,1000,46,65536,1000,37219,0.56791687,0.02819452,65536,66535
ctx064k_req012,64k,65536,1000,47,65536,1000,19451,0.29679871,0.02712883,65536,66535
ctx064k_req012,64k,65536,1000,48,65536,1000,23979,0.36589050,0.02763756,65536,66535
ctx064k_req012,64k,65536,1000,49,65536,1000,32935,0.50254822,0.02720319,65536,66535
ctx064k_req012,64k,65536,1000,50,65536,1000,28482,0.43460083,0.02777394,65536,66535
ctx064k_req012,64k,65536,1000,51,65536,1000,27191,0.41490173,0.02760242,65536,66535
ctx064k_req012,64k,65536,1000,52,65536,1000,25751,0.39292908,0.02714722,65536,66535
ctx064k_req012,64k,65536,1000,53,65536,1000,23500,0.35858154,0.02676324,65536,66535
ctx064k_req012,64k,65536,1000,54,65536,1000,19292,0.29437256,0.02718733,65536,66535
ctx064k_req012,64k,65536,1000,55,65536,1000,37110,0.56625366,0.02751468,65536,66535
ctx064k_req012,64k,65536,1000,56,65536,1000,24023,0.36656189,0.02652548,65536,66535
ctx064k_req012,64k,65536,1000,57,65536,1000,25302,0.38607788,0.02723048,65536,66535
ctx064k_req012,64k,65536,1000,58,65536,1000,18712,0.28552246,0.02633176,65536,66535
ctx064k_req012,64k,65536,1000,59,65536,1000,28074,0.42837524,0.02698251,65536,66535
ctx064k_req012,64k,65536,1000,60,65536,1000,19964,0.30462646,0.02578506,65536,66535
ctx064k_req013,64k,65536,1000,0,65536,1000,11262,0.17184448,0.03102448,65536,66535
ctx064k_req013,64k,65536,1000,1,65536,1000,4609,0.07032776,0.02982285,65536,66535
ctx064k_req013,64k,65536,1000,2,65536,1000,12695,0.19371033,0.02523947,65536,66535
ctx064k_req013,64k,65536,1000,3,65536,1000,7593,0.11585999,0.02803197,65536,66535
ctx064k_req013,64k,65536,1000,4,65536,1000,22611,0.34501648,0.02819276,65536,66535
ctx064k_req013,64k,65536,1000,5,65536,1000,7914,0.12075806,0.02581693,65536,66535
ctx064k_req013,64k,65536,1000,6,65536,1000,19893,0.30354309,0.02503300,65536,66535
ctx064k_req013,64k,65536,1000,7,65536,1000,16550,0.25253296,0.02489241,65536,66535
ctx064k_req013,64k,65536,1000,8,65536,1000,14750,0.22506714,0.02458589,65536,66535
ctx064k_req013,64k,65536,1000,9,65536,1000,14129,0.21559143,0.02517918,65536,66535
ctx064k_req013,64k,65536,1000,10,65536,1000,15444,0.23565674,0.02543959,65536,66535
ctx064k_req013,64k,65536,1000,11,65536,1000,29320,0.44738770,0.02621558,65536,66535
ctx064k_req013,64k,65536,1000,12,65536,1000,20044,0.30584717,0.02566190,65536,66535
ctx064k_req013,64k,65536,1000,13,65536,1000,12934,0.19735718,0.02530153,65536,66535
ctx064k_req013,64k,65536,1000,14,65536,1000,11013,0.16804504,0.02624138,65536,66535
ctx064k_req013,64k,65536,1000,15,65536,1000,18640,0.28442383,0.02638466,65536,66535
ctx064k_req013,64k,65536,1000,16,65536,1000,17979,0.27433777,0.02560591,65536,66535
ctx064k_req013,64k,65536,1000,17,65536,1000,52115,0.79521179,0.02710156,65536,66535
ctx064k_req013,64k,65536,1000,18,65536,1000,12582,0.19198608,0.02552803,65536,66535
ctx064k_req013,64k,65536,1000,19,65536,1000,21264,0.32446289,0.02580089,65536,66535
ctx064k_req013,64k,65536,1000,20,65536,1000,28456,0.43420410,0.02655583,65536,66535
ctx064k_req013,64k,65536,1000,21,65536,1000,24947,0.38066101,0.02673239,65536,66535
ctx064k_req013,64k,65536,1000,22,65536,1000,11820,0.18035889,0.02587039,65536,66535
ctx064k_req013,64k,65536,1000,23,65536,1000,16364,0.24969482,0.02616721,65536,66535
ctx064k_req013,64k,65536,1000,24,65536,1000,29418,0.44888306,0.02723303,65536,66535
ctx064k_req013,64k,65536,1000,25,65536,1000,14807,0.22593689,0.02628291,65536,66535
ctx064k_req013,64k,65536,1000,26,65536,1000,31818,0.48550415,0.02708218,65536,66535
ctx064k_req013,64k,65536,1000,27,65536,1000,28330,0.43228149,0.02760941,65536,66535
ctx064k_req013,64k,65536,1000,28,65536,1000,29026,0.44290161,0.02685701,65536,66535
ctx064k_req013,64k,65536,1000,29,65536,1000,33338,0.50869751,0.02716470,65536,66535
ctx064k_req013,64k,65536,1000,30,65536,1000,23033,0.35145569,0.02706526,65536,66535
ctx064k_req013,64k,65536,1000,31,65536,1000,23104,0.35253906,0.02696306,65536,66535
ctx064k_req013,64k,65536,1000,32,65536,1000,20588,0.31414795,0.02682253,65536,66535
ctx064k_req013,64k,65536,1000,33,65536,1000,28345,0.43251038,0.02681937,65536,66535
ctx064k_req013,64k,65536,1000,34,65536,1000,15190,0.23178101,0.02672299,65536,66535
ctx064k_req013,64k,65536,1000,35,65536,1000,22628,0.34527588,0.02702110,65536,66535
ctx064k_req013,64k,65536,1000,36,65536,1000,20676,0.31549072,0.02676218,65536,66535
ctx064k_req013,64k,65536,1000,37,65536,1000,17162,0.26187134,0.02678806,65536,66535
ctx064k_req013,64k,65536,1000,38,65536,1000,33484,0.51092529,0.02738820,65536,66535
ctx064k_req013,64k,65536,1000,39,65536,1000,33703,0.51426697,0.02684961,65536,66535
ctx064k_req013,64k,65536,1000,40,65536,1000,24285,0.37055969,0.02711296,65536,66535
ctx064k_req013,64k,65536,1000,41,65536,1000,21319,0.32530212,0.02686082,65536,66535
ctx064k_req013,64k,65536,1000,42,65536,1000,19092,0.29132080,0.02652632,65536,66535
ctx064k_req013,64k,65536,1000,43,65536,1000,34261,0.52278137,0.02743497,65536,66535
ctx064k_req013,64k,65536,1000,44,65536,1000,16429,0.25068665,0.02585294,65536,66535
ctx064k_req013,64k,65536,1000,45,65536,1000,28042,0.42788696,0.02695912,65536,66535
ctx064k_req013,64k,65536,1000,46,65536,1000,33517,0.51142883,0.02748676,65536,66535
ctx064k_req013,64k,65536,1000,47,65536,1000,16367,0.24974060,0.02684566,65536,66535
ctx064k_req013,64k,65536,1000,48,65536,1000,20138,0.30728149,0.02703000,65536,66535
ctx064k_req013,64k,65536,1000,49,65536,1000,27307,0.41667175,0.02646907,65536,66535
ctx064k_req013,64k,65536,1000,50,65536,1000,23085,0.35224915,0.02690677,65536,66535
ctx064k_req013,64k,65536,1000,51,65536,1000,23974,0.36581421,0.02709633,65536,66535
ctx064k_req013,64k,65536,1000,52,65536,1000,24023,0.36656189,0.02657254,65536,66535
ctx064k_req013,64k,65536,1000,53,65536,1000,20642,0.31497192,0.02623178,65536,66535
ctx064k_req013,64k,65536,1000,54,65536,1000,15491,0.23637390,0.02609473,65536,66535
ctx064k_req013,64k,65536,1000,55,65536,1000,32814,0.50070190,0.02668024,65536,66535
ctx064k_req013,64k,65536,1000,56,65536,1000,20618,0.31460571,0.02600597,65536,66535
ctx064k_req013,64k,65536,1000,57,65536,1000,23429,0.35749817,0.02679659,65536,66535
ctx064k_req013,64k,65536,1000,58,65536,1000,15886,0.24240112,0.02612471,65536,66535
ctx064k_req013,64k,65536,1000,59,65536,1000,22282,0.33999634,0.02659573,65536,66535
ctx064k_req013,64k,65536,1000,60,65536,1000,17574,0.26815796,0.02547414,65536,66535
ctx064k_req014,64k,65536,1000,0,65536,1000,11835,0.18058777,0.03106625,65536,66535
ctx064k_req014,64k,65536,1000,1,65536,1000,4468,0.06817627,0.02994606,65536,66535
ctx064k_req014,64k,65536,1000,2,65536,1000,13153,0.20069885,0.02478317,65536,66535
ctx064k_req014,64k,65536,1000,3,65536,1000,7547,0.11515808,0.02784392,65536,66535
ctx064k_req014,64k,65536,1000,4,65536,1000,25463,0.38853455,0.02823973,65536,66535
ctx064k_req014,64k,65536,1000,5,65536,1000,6987,0.10661316,0.02541972,65536,66535
ctx064k_req014,64k,65536,1000,6,65536,1000,19476,0.29718018,0.02499893,65536,66535
ctx064k_req014,64k,65536,1000,7,65536,1000,14857,0.22669983,0.02473727,65536,66535
ctx064k_req014,64k,65536,1000,8,65536,1000,14448,0.22045898,0.02448177,65536,66535
ctx064k_req014,64k,65536,1000,9,65536,1000,14483,0.22099304,0.02575693,65536,66535
ctx064k_req014,64k,65536,1000,10,65536,1000,15479,0.23619080,0.02623117,65536,66535
ctx064k_req014,64k,65536,1000,11,65536,1000,29663,0.45262146,0.02607146,65536,66535
ctx064k_req014,64k,65536,1000,12,65536,1000,20279,0.30943298,0.02564639,65536,66535
ctx064k_req014,64k,65536,1000,13,65536,1000,13809,0.21070862,0.02532730,65536,66535
ctx064k_req014,64k,65536,1000,14,65536,1000,11116,0.16961670,0.02652625,65536,66535
ctx064k_req014,64k,65536,1000,15,65536,1000,18611,0.28398132,0.02638811,65536,66535
ctx064k_req014,64k,65536,1000,16,65536,1000,18969,0.28944397,0.02563620,65536,66535
ctx064k_req014,64k,65536,1000,17,65536,1000,53308,0.81341553,0.02698653,65536,66535
ctx064k_req014,64k,65536,1000,18,65536,1000,13058,0.19924927,0.02499712,65536,66535
ctx064k_req014,64k,65536,1000,19,65536,1000,23219,0.35429382,0.02538597,65536,66535
ctx064k_req014,64k,65536,1000,20,65536,1000,31887,0.48655701,0.02621930,65536,66535
ctx064k_req014,64k,65536,1000,21,65536,1000,27229,0.41548157,0.02649966,65536,66535
ctx064k_req014,64k,65536,1000,22,65536,1000,12372,0.18878174,0.02559856,65536,66535
ctx064k_req014,64k,65536,1000,23,65536,1000,17093,0.26081848,0.02589821,65536,66535
ctx064k_req014,64k,65536,1000,24,65536,1000,27860,0.42510986,0.02685849,65536,66535
ctx064k_req014,64k,65536,1000,25,65536,1000,15358,0.23434448,0.02598668,65536,66535
ctx064k_req014,64k,65536,1000,26,65536,1000,29215,0.44578552,0.02665308,65536,66535
ctx064k_req014,64k,65536,1000,27,65536,1000,26293,0.40119934,0.02718848,65536,66535
ctx064k_req014,64k,65536,1000,28,65536,1000,26632,0.40637207,0.02628853,65536,66535
ctx064k_req014,64k,65536,1000,29,65536,1000,33748,0.51495361,0.02678091,65536,66535
ctx064k_req014,64k,65536,1000,30,65536,1000,25305,0.38612366,0.02656664,65536,66535
ctx064k_req014,64k,65536,1000,31,65536,1000,24441,0.37294006,0.02674059,65536,66535
ctx064k_req014,64k,65536,1000,32,65536,1000,21765,0.33210754,0.02646451,65536,66535
ctx064k_req014,64k,65536,1000,33,65536,1000,29936,0.45678711,0.02657001,65536,66535
ctx064k_req014,64k,65536,1000,34,65536,1000,13956,0.21295166,0.02637726,65536,66535
ctx064k_req014,64k,65536,1000,35,65536,1000,23739,0.36222839,0.02641443,65536,66535
ctx064k_req014,64k,65536,1000,36,65536,1000,20680,0.31555176,0.02605075,65536,66535
ctx064k_req014,64k,65536,1000,37,65536,1000,16109,0.24580383,0.02585957,65536,66535
ctx064k_req014,64k,65536,1000,38,65536,1000,33484,0.51092529,0.02642319,65536,66535
ctx064k_req014,64k,65536,1000,39,65536,1000,36312,0.55407715,0.02603729,65536,66535
ctx064k_req014,64k,65536,1000,40,65536,1000,23815,0.36338806,0.02666321,65536,66535
ctx064k_req014,64k,65536,1000,41,65536,1000,19850,0.30288696,0.02565176,65536,66535
ctx064k_req014,64k,65536,1000,42,65536,1000,18381,0.28047180,0.02582719,65536,66535
ctx064k_req014,64k,65536,1000,43,65536,1000,33887,0.51707458,0.02664827,65536,66535
ctx064k_req014,64k,65536,1000,44,65536,1000,15436,0.23553467,0.02519655,65536,66535
ctx064k_req014,64k,65536,1000,45,65536,1000,25299,0.38603210,0.02588556,65536,66535
ctx064k_req014,64k,65536,1000,46,65536,1000,34386,0.52468872,0.02617488,65536,66535
ctx064k_req014,64k,65536,1000,47,65536,1000,14096,0.21508789,0.02546060,65536,66535
ctx064k_req014,64k,65536,1000,48,65536,1000,18432,0.28125000,0.02579871,65536,66535
ctx064k_req014,64k,65536,1000,49,65536,1000,26643,0.40653992,0.02546529,65536,66535
ctx064k_req014,64k,65536,1000,50,65536,1000,23157,0.35334778,0.02589368,65536,66535
ctx064k_req014,64k,65536,1000,51,65536,1000,21903,0.33421326,0.02586617,65536,66535
ctx064k_req014,64k,65536,1000,52,65536,1000,22746,0.34707642,0.02533441,65536,66535
ctx064k_req014,64k,65536,1000,53,65536,1000,19533,0.29804993,0.02549184,65536,66535
ctx064k_req014,64k,65536,1000,54,65536,1000,15313,0.23365784,0.02521922,65536,66535
ctx064k_req014,64k,65536,1000,55,65536,1000,33391,0.50950623,0.02570964,65536,66535
ctx064k_req014,64k,65536,1000,56,65536,1000,18930,0.28884888,0.02515346,65536,66535
ctx064k_req014,64k,65536,1000,57,65536,1000,21092,0.32183838,0.02581609,65536,66535
ctx064k_req014,64k,65536,1000,58,65536,1000,14427,0.22013855,0.02559547,65536,66535
ctx064k_req014,64k,65536,1000,59,65536,1000,23111,0.35264587,0.02571434,65536,66535
ctx064k_req014,64k,65536,1000,60,65536,1000,16372,0.24981689,0.02464290,65536,66535
ctx064k_req015,64k,65536,1000,0,65536,1000,10908,0.16644287,0.03106120,65536,66535
ctx064k_req015,64k,65536,1000,1,65536,1000,3538,0.05398560,0.03009798,65536,66535
ctx064k_req015,64k,65536,1000,2,65536,1000,13913,0.21229553,0.02488995,65536,66535
ctx064k_req015,64k,65536,1000,3,65536,1000,7843,0.11967468,0.02763101,65536,66535
ctx064k_req015,64k,65536,1000,4,65536,1000,24345,0.37147522,0.02796298,65536,66535
ctx064k_req015,64k,65536,1000,5,65536,1000,7045,0.10749817,0.02524109,65536,66535
ctx064k_req015,64k,65536,1000,6,65536,1000,19556,0.29840088,0.02479298,65536,66535
ctx064k_req015,64k,65536,1000,7,65536,1000,15348,0.23419189,0.02436165,65536,66535
ctx064k_req015,64k,65536,1000,8,65536,1000,14946,0.22805786,0.02421590,65536,66535
ctx064k_req015,64k,65536,1000,9,65536,1000,15392,0.23486328,0.02602083,65536,66535
ctx064k_req015,64k,65536,1000,10,65536,1000,15698,0.23953247,0.02624437,65536,66535
ctx064k_req015,64k,65536,1000,11,65536,1000,30121,0.45960999,0.02590596,65536,66535
ctx064k_req015,64k,65536,1000,12,65536,1000,20361,0.31068420,0.02562756,65536,66535
ctx064k_req015,64k,65536,1000,13,65536,1000,14481,0.22096252,0.02535733,65536,66535
ctx064k_req015,64k,65536,1000,14,65536,1000,11422,0.17428589,0.02638264,65536,66535
ctx064k_req015,64k,65536,1000,15,65536,1000,17960,0.27404785,0.02636728,65536,66535
ctx064k_req015,64k,65536,1000,16,65536,1000,19330,0.29495239,0.02551711,65536,66535
ctx064k_req015,64k,65536,1000,17,65536,1000,51671,0.78843689,0.02722539,65536,66535
ctx064k_req015,64k,65536,1000,18,65536,1000,13077,0.19953918,0.02536276,65536,66535
ctx064k_req015,64k,65536,1000,19,65536,1000,21880,0.33386230,0.02576678,65536,66535
ctx064k_req015,64k,65536,1000,20,65536,1000,30277,0.46199036,0.02660986,65536,66535
ctx064k_req015,64k,65536,1000,21,65536,1000,25128,0.38342285,0.02659377,65536,66535
ctx064k_req015,64k,65536,1000,22,65536,1000,12647,0.19297791,0.02566864,65536,66535
ctx064k_req015,64k,65536,1000,23,65536,1000,16875,0.25749207,0.02579681,65536,66535
ctx064k_req015,64k,65536,1000,24,65536,1000,28074,0.42837524,0.02702435,65536,66535
ctx064k_req015,64k,65536,1000,25,65536,1000,15019,0.22917175,0.02598399,65536,66535
ctx064k_req015,64k,65536,1000,26,65536,1000,29856,0.45556641,0.02667200,65536,66535
ctx064k_req015,64k,65536,1000,27,65536,1000,27215,0.41526794,0.02729643,65536,66535
ctx064k_req015,64k,65536,1000,28,65536,1000,27200,0.41503906,0.02653915,65536,66535
ctx064k_req015,64k,65536,1000,29,65536,1000,32283,0.49259949,0.02684993,65536,66535
ctx064k_req015,64k,65536,1000,30,65536,1000,23488,0.35839844,0.02636388,65536,66535
ctx064k_req015,64k,65536,1000,31,65536,1000,23967,0.36570740,0.02673941,65536,66535
ctx064k_req015,64k,65536,1000,32,65536,1000,20892,0.31878662,0.02657715,65536,66535
ctx064k_req015,64k,65536,1000,33,65536,1000,28567,0.43589783,0.02666959,65536,66535
ctx064k_req015,64k,65536,1000,34,65536,1000,14377,0.21937561,0.02640596,65536,66535
ctx064k_req015,64k,65536,1000,35,65536,1000,23225,0.35438538,0.02640384,65536,66535
ctx064k_req015,64k,65536,1000,36,65536,1000,19816,0.30236816,0.02605110,65536,66535
ctx064k_req015,64k,65536,1000,37,65536,1000,16233,0.24769592,0.02556583,65536,66535
ctx064k_req015,64k,65536,1000,38,65536,1000,29823,0.45506287,0.02618565,65536,66535
ctx064k_req015,64k,65536,1000,39,65536,1000,32048,0.48901367,0.02586436,65536,66535
ctx064k_req015,64k,65536,1000,40,65536,1000,23243,0.35466003,0.02652121,65536,66535
ctx064k_req015,64k,65536,1000,41,65536,1000,19092,0.29132080,0.02567413,65536,66535
ctx064k_req015,64k,65536,1000,42,65536,1000,18049,0.27540588,0.02572775,65536,66535
ctx064k_req015,64k,65536,1000,43,65536,1000,32557,0.49678040,0.02663222,65536,66535
ctx064k_req015,64k,65536,1000,44,65536,1000,15353,0.23426819,0.02513499,65536,66535
ctx064k_req015,64k,65536,1000,45,65536,1000,24790,0.37826538,0.02572481,65536,66535
ctx064k_req015,64k,65536,1000,46,65536,1000,31283,0.47734070,0.02625259,65536,66535
ctx064k_req015,64k,65536,1000,47,65536,1000,14417,0.21998596,0.02521535,65536,66535
ctx064k_req015,64k,65536,1000,48,65536,1000,17090,0.26077271,0.02583243,65536,66535
ctx064k_req015,64k,65536,1000,49,65536,1000,24126,0.36813354,0.02538588,65536,66535
ctx064k_req015,64k,65536,1000,50,65536,1000,21237,0.32405090,0.02592047,65536,66535
ctx064k_req015,64k,65536,1000,51,65536,1000,20438,0.31185913,0.02560350,65536,66535
ctx064k_req015,64k,65536,1000,52,65536,1000,22512,0.34350586,0.02507161,65536,66535
ctx064k_req015,64k,65536,1000,53,65536,1000,19406,0.29611206,0.02516022,65536,66535
ctx064k_req015,64k,65536,1000,54,65536,1000,14444,0.22039795,0.02500156,65536,66535
ctx064k_req015,64k,65536,1000,55,65536,1000,30486,0.46517944,0.02533614,65536,66535
ctx064k_req015,64k,65536,1000,56,65536,1000,18403,0.28080750,0.02495558,65536,66535
ctx064k_req015,64k,65536,1000,57,65536,1000,20643,0.31498718,0.02587582,65536,66535
ctx064k_req015,64k,65536,1000,58,65536,1000,14373,0.21931458,0.02542519,65536,66535
ctx064k_req015,64k,65536,1000,59,65536,1000,20975,0.32005310,0.02562669,65536,66535
ctx064k_req015,64k,65536,1000,60,65536,1000,15827,0.24150085,0.02459961,65536,66535
ctx128k_req000,128k,131072,1000,0,131072,1000,13590,0.10368347,0.01553527,131072,132071
ctx128k_req000,128k,131072,1000,1,131072,1000,4988,0.03805542,0.01520605,131072,132071
ctx128k_req000,128k,131072,1000,2,131072,1000,14791,0.11284637,0.01232993,131072,132071
ctx128k_req000,128k,131072,1000,3,131072,1000,10263,0.07830048,0.01416120,131072,132071
ctx128k_req000,128k,131072,1000,4,131072,1000,25862,0.19731140,0.01456438,131072,132071
ctx128k_req000,128k,131072,1000,5,131072,1000,6817,0.05200958,0.01281374,131072,132071
ctx128k_req000,128k,131072,1000,6,131072,1000,24106,0.18391418,0.01248787,131072,132071
ctx128k_req000,128k,131072,1000,7,131072,1000,16422,0.12528992,0.01215747,131072,132071
ctx128k_req000,128k,131072,1000,8,131072,1000,14614,0.11149597,0.01209801,131072,132071
ctx128k_req000,128k,131072,1000,9,131072,1000,14431,0.11009979,0.01232555,131072,132071
ctx128k_req000,128k,131072,1000,10,131072,1000,15918,0.12144470,0.01257724,131072,132071
ctx128k_req000,128k,131072,1000,11,131072,1000,33109,0.25260162,0.01264139,131072,132071
ctx128k_req000,128k,131072,1000,12,131072,1000,19867,0.15157318,0.01271532,131072,132071
ctx128k_req000,128k,131072,1000,13,131072,1000,13668,0.10427856,0.01245945,131072,132071
ctx128k_req000,128k,131072,1000,14,131072,1000,10491,0.08003998,0.01276527,131072,132071
ctx128k_req000,128k,131072,1000,15,131072,1000,18826,0.14363098,0.01270690,131072,132071
ctx128k_req000,128k,131072,1000,16,131072,1000,17059,0.13014984,0.01256786,131072,132071
ctx128k_req000,128k,131072,1000,17,131072,1000,89428,0.68228149,0.01332141,131072,132071
ctx128k_req000,128k,131072,1000,18,131072,1000,12032,0.09179688,0.01254373,131072,132071
ctx128k_req000,128k,131072,1000,19,131072,1000,28003,0.21364594,0.01268707,131072,132071
ctx128k_req000,128k,131072,1000,20,131072,1000,37090,0.28297424,0.01281169,131072,132071
ctx128k_req000,128k,131072,1000,21,131072,1000,33433,0.25507355,0.01296700,131072,132071
ctx128k_req000,128k,131072,1000,22,131072,1000,12674,0.09669495,0.01260860,131072,132071
ctx128k_req000,128k,131072,1000,23,131072,1000,14912,0.11376953,0.01250148,131072,132071
ctx128k_req000,128k,131072,1000,24,131072,1000,26696,0.20367432,0.01292915,131072,132071
ctx128k_req000,128k,131072,1000,25,131072,1000,14284,0.10897827,0.01255937,131072,132071
ctx128k_req000,128k,131072,1000,26,131072,1000,33757,0.25754547,0.01274476,131072,132071
ctx128k_req000,128k,131072,1000,27,131072,1000,26946,0.20558167,0.01291367,131072,132071
ctx128k_req000,128k,131072,1000,28,131072,1000,29585,0.22571564,0.01262481,131072,132071
ctx128k_req000,128k,131072,1000,29,131072,1000,35838,0.27342224,0.01270441,131072,132071
ctx128k_req000,128k,131072,1000,30,131072,1000,25213,0.19235992,0.01265312,131072,132071
ctx128k_req000,128k,131072,1000,31,131072,1000,23246,0.17735291,0.01268411,131072,132071
ctx128k_req000,128k,131072,1000,32,131072,1000,21089,0.16089630,0.01261185,131072,132071
ctx128k_req000,128k,131072,1000,33,131072,1000,36177,0.27600861,0.01272082,131072,132071
ctx128k_req000,128k,131072,1000,34,131072,1000,15265,0.11646271,0.01255787,131072,132071
ctx128k_req000,128k,131072,1000,35,131072,1000,25852,0.19723511,0.01288964,131072,132071
ctx128k_req000,128k,131072,1000,36,131072,1000,20476,0.15621948,0.01263116,131072,132071
ctx128k_req000,128k,131072,1000,37,131072,1000,18370,0.14015198,0.01243156,131072,132071
ctx128k_req000,128k,131072,1000,38,131072,1000,46506,0.35481262,0.01294032,131072,132071
ctx128k_req000,128k,131072,1000,39,131072,1000,50460,0.38497925,0.01267821,131072,132071
ctx128k_req000,128k,131072,1000,40,131072,1000,24770,0.18898010,0.01280909,131072,132071
ctx128k_req000,128k,131072,1000,41,131072,1000,20512,0.15649414,0.01269221,131072,132071
ctx128k_req000,128k,131072,1000,42,131072,1000,21840,0.16662598,0.01284531,131072,132071
ctx128k_req000,128k,131072,1000,43,131072,1000,43453,0.33152008,0.01302991,131072,132071
ctx128k_req000,128k,131072,1000,44,131072,1000,16096,0.12280273,0.01239511,131072,132071
ctx128k_req000,128k,131072,1000,45,131072,1000,32569,0.24848175,0.01266645,131072,132071
ctx128k_req000,128k,131072,1000,46,131072,1000,48267,0.36824799,0.01307849,131072,132071
ctx128k_req000,128k,131072,1000,47,131072,1000,17634,0.13453674,0.01254000,131072,132071
ctx128k_req000,128k,131072,1000,48,131072,1000,25539,0.19484711,0.01275665,131072,132071
ctx128k_req000,128k,131072,1000,49,131072,1000,27200,0.20751953,0.01243551,131072,132071
ctx128k_req000,128k,131072,1000,50,131072,1000,28406,0.21672058,0.01282584,131072,132071
ctx128k_req000,128k,131072,1000,51,131072,1000,25845,0.19718170,0.01265833,131072,132071
ctx128k_req000,128k,131072,1000,52,131072,1000,26522,0.20234680,0.01241588,131072,132071
ctx128k_req000,128k,131072,1000,53,131072,1000,22052,0.16824341,0.01242815,131072,132071
ctx128k_req000,128k,131072,1000,54,131072,1000,16687,0.12731171,0.01233819,131072,132071
ctx128k_req000,128k,131072,1000,55,131072,1000,45375,0.34618378,0.01251930,131072,132071
ctx128k_req000,128k,131072,1000,56,131072,1000,20453,0.15604401,0.01224255,131072,132071
ctx128k_req000,128k,131072,1000,57,131072,1000,26665,0.20343781,0.01263271,131072,132071
ctx128k_req000,128k,131072,1000,58,131072,1000,14137,0.10785675,0.01265575,131072,132071
ctx128k_req000,128k,131072,1000,59,131072,1000,20875,0.15926361,0.01250727,131072,132071
ctx128k_req000,128k,131072,1000,60,131072,1000,16087,0.12273407,0.01224274,131072,132071
ctx128k_req001,128k,131072,1000,0,131072,1000,13383,0.10210419,0.01553358,131072,132071
ctx128k_req001,128k,131072,1000,1,131072,1000,4642,0.03541565,0.01525504,131072,132071
ctx128k_req001,128k,131072,1000,2,131072,1000,13852,0.10568237,0.01233823,131072,132071
ctx128k_req001,128k,131072,1000,3,131072,1000,10330,0.07881165,0.01397099,131072,132071
ctx128k_req001,128k,131072,1000,4,131072,1000,28051,0.21401215,0.01440575,131072,132071
ctx128k_req001,128k,131072,1000,5,131072,1000,7023,0.05358124,0.01258057,131072,132071
ctx128k_req001,128k,131072,1000,6,131072,1000,24235,0.18489838,0.01249626,131072,132071
ctx128k_req001,128k,131072,1000,7,131072,1000,16986,0.12959290,0.01223261,131072,132071
ctx128k_req001,128k,131072,1000,8,131072,1000,14970,0.11421204,0.01213474,131072,132071
ctx128k_req001,128k,131072,1000,9,131072,1000,15517,0.11838531,0.01247417,131072,132071
ctx128k_req001,128k,131072,1000,10,131072,1000,16221,0.12375641,0.01264290,131072,132071
ctx128k_req001,128k,131072,1000,11,131072,1000,38910,0.29685974,0.01271593,131072,132071
ctx128k_req001,128k,131072,1000,12,131072,1000,19941,0.15213776,0.01264602,131072,132071
ctx128k_req001,128k,131072,1000,13,131072,1000,13631,0.10399628,0.01242597,131072,132071
ctx128k_req001,128k,131072,1000,14,131072,1000,10991,0.08385468,0.01275557,131072,132071
ctx128k_req001,128k,131072,1000,15,131072,1000,21291,0.16243744,0.01280502,131072,132071
ctx128k_req001,128k,131072,1000,16,131072,1000,20486,0.15629578,0.01247473,131072,132071
ctx128k_req001,128k,131072,1000,17,131072,1000,91005,0.69431305,0.01338900,131072,132071
ctx128k_req001,128k,131072,1000,18,131072,1000,12335,0.09410858,0.01249374,131072,132071
ctx128k_req001,128k,131072,1000,19,131072,1000,32271,0.24620819,0.01256381,131072,132071
ctx128k_req001,128k,131072,1000,20,131072,1000,38638,0.29478455,0.01282741,131072,132071
ctx128k_req001,128k,131072,1000,21,131072,1000,36746,0.28034973,0.01295289,131072,132071
ctx128k_req001,128k,131072,1000,22,131072,1000,14530,0.11085510,0.01260358,131072,132071
ctx128k_req001,128k,131072,1000,23,131072,1000,17563,0.13399506,0.01257745,131072,132071
ctx128k_req001,128k,131072,1000,24,131072,1000,32097,0.24488068,0.01316414,131072,132071
ctx128k_req001,128k,131072,1000,25,131072,1000,15326,0.11692810,0.01276816,131072,132071
ctx128k_req001,128k,131072,1000,26,131072,1000,39940,0.30471802,0.01303078,131072,132071
ctx128k_req001,128k,131072,1000,27,131072,1000,32710,0.24955750,0.01323337,131072,132071
ctx128k_req001,128k,131072,1000,28,131072,1000,34641,0.26428986,0.01289315,131072,132071
ctx128k_req001,128k,131072,1000,29,131072,1000,44505,0.33954620,0.01301239,131072,132071
ctx128k_req001,128k,131072,1000,30,131072,1000,30654,0.23387146,0.01300695,131072,132071
ctx128k_req001,128k,131072,1000,31,131072,1000,28622,0.21836853,0.01309622,131072,132071
ctx128k_req001,128k,131072,1000,32,131072,1000,25651,0.19570160,0.01297411,131072,132071
ctx128k_req001,128k,131072,1000,33,131072,1000,42170,0.32173157,0.01317139,131072,132071
ctx128k_req001,128k,131072,1000,34,131072,1000,17391,0.13268280,0.01299483,131072,132071
ctx128k_req001,128k,131072,1000,35,131072,1000,31016,0.23663330,0.01321262,131072,132071
ctx128k_req001,128k,131072,1000,36,131072,1000,24411,0.18624115,0.01283134,131072,132071
ctx128k_req001,128k,131072,1000,37,131072,1000,20958,0.15989685,0.01262877,131072,132071
ctx128k_req001,128k,131072,1000,38,131072,1000,49436,0.37716675,0.01311747,131072,132071
ctx128k_req001,128k,131072,1000,39,131072,1000,52492,0.40048218,0.01282617,131072,132071
ctx128k_req001,128k,131072,1000,40,131072,1000,27481,0.20966339,0.01311828,131072,132071
ctx128k_req001,128k,131072,1000,41,131072,1000,24670,0.18821716,0.01275156,131072,132071
ctx128k_req001,128k,131072,1000,42,131072,1000,26956,0.20565796,0.01293899,131072,132071
ctx128k_req001,128k,131072,1000,43,131072,1000,51992,0.39666748,0.01330247,131072,132071
ctx128k_req001,128k,131072,1000,44,131072,1000,16986,0.12959290,0.01240226,131072,132071
ctx128k_req001,128k,131072,1000,45,131072,1000,37600,0.28686523,0.01278708,131072,132071
ctx128k_req001,128k,131072,1000,46,131072,1000,51076,0.38967896,0.01316338,131072,132071
ctx128k_req001,128k,131072,1000,47,131072,1000,21274,0.16230774,0.01262384,131072,132071
ctx128k_req001,128k,131072,1000,48,131072,1000,26588,0.20285034,0.01282118,131072,132071
ctx128k_req001,128k,131072,1000,49,131072,1000,32545,0.24829865,0.01250163,131072,132071
ctx128k_req001,128k,131072,1000,50,131072,1000,31502,0.24034119,0.01297623,131072,132071
ctx128k_req001,128k,131072,1000,51,131072,1000,30610,0.23353577,0.01277335,131072,132071
ctx128k_req001,128k,131072,1000,52,131072,1000,27008,0.20605469,0.01255501,131072,132071
ctx128k_req001,128k,131072,1000,53,131072,1000,23431,0.17876434,0.01256552,131072,132071
ctx128k_req001,128k,131072,1000,54,131072,1000,19327,0.14745331,0.01241400,131072,132071
ctx128k_req001,128k,131072,1000,55,131072,1000,49556,0.37808228,0.01265089,131072,132071
ctx128k_req001,128k,131072,1000,56,131072,1000,24873,0.18976593,0.01228489,131072,132071
ctx128k_req001,128k,131072,1000,57,131072,1000,30745,0.23456573,0.01285162,131072,132071
ctx128k_req001,128k,131072,1000,58,131072,1000,16468,0.12564087,0.01260681,131072,132071
ctx128k_req001,128k,131072,1000,59,131072,1000,26523,0.20235443,0.01256696,131072,132071
ctx128k_req001,128k,131072,1000,60,131072,1000,18375,0.14019012,0.01221351,131072,132071
ctx128k_req002,128k,131072,1000,0,131072,1000,12622,0.09629822,0.01556139,131072,132071
ctx128k_req002,128k,131072,1000,1,131072,1000,5425,0.04138947,0.01522249,131072,132071
ctx128k_req002,128k,131072,1000,2,131072,1000,15157,0.11563873,0.01298502,131072,132071
ctx128k_req002,128k,131072,1000,3,131072,1000,10282,0.07844543,0.01424854,131072,132071
ctx128k_req002,128k,131072,1000,4,131072,1000,24300,0.18539429,0.01430200,131072,132071
ctx128k_req002,128k,131072,1000,5,131072,1000,8473,0.06464386,0.01291306,131072,132071
ctx128k_req002,128k,131072,1000,6,131072,1000,27575,0.21038055,0.01255260,131072,132071
ctx128k_req002,128k,131072,1000,7,131072,1000,19456,0.14843750,0.01267713,131072,132071
ctx128k_req002,128k,131072,1000,8,131072,1000,15126,0.11540222,0.01222810,131072,132071
ctx128k_req002,128k,131072,1000,9,131072,1000,13634,0.10401917,0.01296697,131072,132071
ctx128k_req002,128k,131072,1000,10,131072,1000,16137,0.12311554,0.01295879,131072,132071
ctx128k_req002,128k,131072,1000,11,131072,1000,35619,0.27175140,0.01318476,131072,132071
ctx128k_req002,128k,131072,1000,12,131072,1000,19937,0.15210724,0.01294045,131072,132071
ctx128k_req002,128k,131072,1000,13,131072,1000,12943,0.09874725,0.01266829,131072,132071
ctx128k_req002,128k,131072,1000,14,131072,1000,10891,0.08309174,0.01318311,131072,132071
ctx128k_req002,128k,131072,1000,15,131072,1000,21210,0.16181946,0.01341542,131072,132071
ctx128k_req002,128k,131072,1000,16,131072,1000,18716,0.14279175,0.01299715,131072,132071
ctx128k_req002,128k,131072,1000,17,131072,1000,84122,0.64179993,0.01360059,131072,132071
ctx128k_req002,128k,131072,1000,18,131072,1000,12365,0.09433746,0.01304809,131072,132071
ctx128k_req002,128k,131072,1000,19,131072,1000,29544,0.22540283,0.01313960,131072,132071
ctx128k_req002,128k,131072,1000,20,131072,1000,37419,0.28548431,0.01319608,131072,132071
ctx128k_req002,128k,131072,1000,21,131072,1000,35877,0.27371979,0.01338545,131072,132071
ctx128k_req002,128k,131072,1000,22,131072,1000,14119,0.10771942,0.01297366,131072,132071
ctx128k_req002,128k,131072,1000,23,131072,1000,16761,0.12787628,0.01309738,131072,132071
ctx128k_req002,128k,131072,1000,24,131072,1000,29438,0.22459412,0.01331299,131072,132071
ctx128k_req002,128k,131072,1000,25,131072,1000,14176,0.10815430,0.01305696,131072,132071
ctx128k_req002,128k,131072,1000,26,131072,1000,33746,0.25746155,0.01325018,131072,132071
ctx128k_req002,128k,131072,1000,27,131072,1000,28713,0.21906281,0.01343528,131072,132071
ctx128k_req002,128k,131072,1000,28,131072,1000,30894,0.23570251,0.01327319,131072,132071
ctx128k_req002,128k,131072,1000,29,131072,1000,40316,0.30758667,0.01332258,131072,132071
ctx128k_req002,128k,131072,1000,30,131072,1000,31769,0.24237823,0.01328783,131072,132071
ctx128k_req002,128k,131072,1000,31,131072,1000,28680,0.21881104,0.01327361,131072,132071
ctx128k_req002,128k,131072,1000,32,131072,1000,23022,0.17564392,0.01322062,131072,132071
ctx128k_req002,128k,131072,1000,33,131072,1000,37472,0.28588867,0.01323015,131072,132071
ctx128k_req002,128k,131072,1000,34,131072,1000,19206,0.14653015,0.01316421,131072,132071
ctx128k_req002,128k,131072,1000,35,131072,1000,31973,0.24393463,0.01335399,131072,132071
ctx128k_req002,128k,131072,1000,36,131072,1000,25311,0.19310760,0.01314620,131072,132071
ctx128k_req002,128k,131072,1000,37,131072,1000,21621,0.16495514,0.01317072,131072,132071
ctx128k_req002,128k,131072,1000,38,131072,1000,52650,0.40168762,0.01361839,131072,132071
ctx128k_req002,128k,131072,1000,39,131072,1000,51039,0.38939667,0.01324311,131072,132071
ctx128k_req002,128k,131072,1000,40,131072,1000,29096,0.22198486,0.01334877,131072,132071
ctx128k_req002,128k,131072,1000,41,131072,1000,25104,0.19152832,0.01320642,131072,132071
ctx128k_req002,128k,131072,1000,42,131072,1000,25163,0.19197845,0.01318489,131072,132071
ctx128k_req002,128k,131072,1000,43,131072,1000,50061,0.38193512,0.01352283,131072,132071
ctx128k_req002,128k,131072,1000,44,131072,1000,18409,0.14044952,0.01277108,131072,132071
ctx128k_req002,128k,131072,1000,45,131072,1000,41279,0.31493378,0.01318171,131072,132071
ctx128k_req002,128k,131072,1000,46,131072,1000,49328,0.37634277,0.01349087,131072,132071
ctx128k_req002,128k,131072,1000,47,131072,1000,20935,0.15972137,0.01313779,131072,132071
ctx128k_req002,128k,131072,1000,48,131072,1000,27964,0.21334839,0.01334259,131072,132071
ctx128k_req002,128k,131072,1000,49,131072,1000,34136,0.26043701,0.01301422,131072,132071
ctx128k_req002,128k,131072,1000,50,131072,1000,29972,0.22866821,0.01333058,131072,132071
ctx128k_req002,128k,131072,1000,51,131072,1000,31675,0.24166107,0.01322560,131072,132071
ctx128k_req002,128k,131072,1000,52,131072,1000,26976,0.20581055,0.01307642,131072,132071
ctx128k_req002,128k,131072,1000,53,131072,1000,19657,0.14997101,0.01301537,131072,132071
ctx128k_req002,128k,131072,1000,54,131072,1000,17232,0.13146973,0.01293459,131072,132071
ctx128k_req002,128k,131072,1000,55,131072,1000,48645,0.37113190,0.01315183,131072,132071
ctx128k_req002,128k,131072,1000,56,131072,1000,24516,0.18704224,0.01276868,131072,132071
ctx128k_req002,128k,131072,1000,57,131072,1000,33397,0.25479889,0.01321288,131072,132071
ctx128k_req002,128k,131072,1000,58,131072,1000,15717,0.11991119,0.01291587,131072,132071
ctx128k_req002,128k,131072,1000,59,131072,1000,24423,0.18633270,0.01307870,131072,132071
ctx128k_req002,128k,131072,1000,60,131072,1000,18529,0.14136505,0.01276486,131072,132071
ctx128k_req003,128k,131072,1000,0,131072,1000,13147,0.10030365,0.01551072,131072,132071
ctx128k_req003,128k,131072,1000,1,131072,1000,4737,0.03614044,0.01518024,131072,132071
ctx128k_req003,128k,131072,1000,2,131072,1000,13955,0.10646820,0.01251550,131072,132071
ctx128k_req003,128k,131072,1000,3,131072,1000,10402,0.07936096,0.01392920,131072,132071
ctx128k_req003,128k,131072,1000,4,131072,1000,24371,0.18593597,0.01432070,131072,132071
ctx128k_req003,128k,131072,1000,5,131072,1000,7496,0.05718994,0.01263546,131072,132071
ctx128k_req003,128k,131072,1000,6,131072,1000,25635,0.19557953,0.01264265,131072,132071
ctx128k_req003,128k,131072,1000,7,131072,1000,17880,0.13641357,0.01236389,131072,132071
ctx128k_req003,128k,131072,1000,8,131072,1000,14864,0.11340332,0.01221372,131072,132071
ctx128k_req003,128k,131072,1000,9,131072,1000,14849,0.11328888,0.01266849,131072,132071
ctx128k_req003,128k,131072,1000,10,131072,1000,16348,0.12472534,0.01280621,131072,132071
ctx128k_req003,128k,131072,1000,11,131072,1000,33489,0.25550079,0.01297991,131072,132071
ctx128k_req003,128k,131072,1000,12,131072,1000,19581,0.14939117,0.01282594,131072,132071
ctx128k_req003,128k,131072,1000,13,131072,1000,13570,0.10353088,0.01264478,131072,132071
ctx128k_req003,128k,131072,1000,14,131072,1000,10875,0.08296967,0.01303815,131072,132071
ctx128k_req003,128k,131072,1000,15,131072,1000,21008,0.16027832,0.01312045,131072,132071
ctx128k_req003,128k,131072,1000,16,131072,1000,18625,0.14209747,0.01291898,131072,132071
ctx128k_req003,128k,131072,1000,17,131072,1000,90227,0.68837738,0.01365985,131072,132071
ctx128k_req003,128k,131072,1000,18,131072,1000,12416,0.09472656,0.01282510,131072,132071
ctx128k_req003,128k,131072,1000,19,131072,1000,26073,0.19892120,0.01291135,131072,132071
ctx128k_req003,128k,131072,1000,20,131072,1000,33850,0.25825500,0.01320227,131072,132071
ctx128k_req003,128k,131072,1000,21,131072,1000,32758,0.24992371,0.01327763,131072,132071
ctx128k_req003,128k,131072,1000,22,131072,1000,13615,0.10387421,0.01292064,131072,132071
ctx128k_req003,128k,131072,1000,23,131072,1000,16917,0.12906647,0.01279769,131072,132071
ctx128k_req003,128k,131072,1000,24,131072,1000,30667,0.23397064,0.01341128,131072,132071
ctx128k_req003,128k,131072,1000,25,131072,1000,14824,0.11309814,0.01285448,131072,132071
ctx128k_req003,128k,131072,1000,26,131072,1000,35638,0.27189636,0.01327327,131072,132071
ctx128k_req003,128k,131072,1000,27,131072,1000,29603,0.22585297,0.01334167,131072,132071
ctx128k_req003,128k,131072,1000,28,131072,1000,31831,0.24285126,0.01300042,131072,132071
ctx128k_req003,128k,131072,1000,29,131072,1000,40440,0.30853271,0.01322919,131072,132071
ctx128k_req003,128k,131072,1000,30,131072,1000,28162,0.21485901,0.01305928,131072,132071
ctx128k_req003,128k,131072,1000,31,131072,1000,27890,0.21278381,0.01314404,131072,132071
ctx128k_req003,128k,131072,1000,32,131072,1000,24435,0.18642426,0.01307158,131072,132071
ctx128k_req003,128k,131072,1000,33,131072,1000,41748,0.31851196,0.01320541,131072,132071
ctx128k_req003,128k,131072,1000,34,131072,1000,17242,0.13154602,0.01308124,131072,132071
ctx128k_req003,128k,131072,1000,35,131072,1000,30577,0.23328400,0.01328265,131072,132071
ctx128k_req003,128k,131072,1000,36,131072,1000,23902,0.18235779,0.01307837,131072,132071
ctx128k_req003,128k,131072,1000,37,131072,1000,19460,0.14846802,0.01277988,131072,132071
ctx128k_req003,128k,131072,1000,38,131072,1000,48682,0.37141418,0.01321159,131072,132071
ctx128k_req003,128k,131072,1000,39,131072,1000,51905,0.39600372,0.01294697,131072,132071
ctx128k_req003,128k,131072,1000,40,131072,1000,27902,0.21287537,0.01316278,131072,132071
ctx128k_req003,128k,131072,1000,41,131072,1000,23264,0.17749023,0.01301552,131072,132071
ctx128k_req003,128k,131072,1000,42,131072,1000,25948,0.19796753,0.01325056,131072,132071
ctx128k_req003,128k,131072,1000,43,131072,1000,50742,0.38713074,0.01342317,131072,132071
ctx128k_req003,128k,131072,1000,44,131072,1000,17514,0.13362122,0.01255354,131072,132071
ctx128k_req003,128k,131072,1000,45,131072,1000,39630,0.30235291,0.01297746,131072,132071
ctx128k_req003,128k,131072,1000,46,131072,1000,52388,0.39968872,0.01341621,131072,132071
ctx128k_req003,128k,131072,1000,47,131072,1000,19358,0.14768982,0.01264777,131072,132071
ctx128k_req003,128k,131072,1000,48,131072,1000,27549,0.21018219,0.01293382,131072,132071
ctx128k_req003,128k,131072,1000,49,131072,1000,32762,0.24995422,0.01258176,131072,132071
ctx128k_req003,128k,131072,1000,50,131072,1000,30763,0.23470306,0.01303300,131072,132071
ctx128k_req003,128k,131072,1000,51,131072,1000,30477,0.23252106,0.01277414,131072,132071
ctx128k_req003,128k,131072,1000,52,131072,1000,26309,0.20072174,0.01268327,131072,132071
ctx128k_req003,128k,131072,1000,53,131072,1000,22488,0.17156982,0.01260629,131072,132071
ctx128k_req003,128k,131072,1000,54,131072,1000,17539,0.13381195,0.01234789,131072,132071
ctx128k_req003,128k,131072,1000,55,131072,1000,48728,0.37176514,0.01263706,131072,132071
ctx128k_req003,128k,131072,1000,56,131072,1000,22169,0.16913605,0.01246013,131072,132071
ctx128k_req003,128k,131072,1000,57,131072,1000,29609,0.22589874,0.01283921,131072,132071
ctx128k_req003,128k,131072,1000,58,131072,1000,15513,0.11835480,0.01283175,131072,132071
ctx128k_req003,128k,131072,1000,59,131072,1000,24049,0.18347931,0.01287108,131072,132071
ctx128k_req003,128k,131072,1000,60,131072,1000,18199,0.13884735,0.01232860,131072,132071
ctx128k_req004,128k,131072,1000,0,131072,1000,12986,0.09907532,0.01552096,131072,132071
ctx128k_req004,128k,131072,1000,1,131072,1000,4754,0.03627014,0.01525274,131072,132071
ctx128k_req004,128k,131072,1000,2,131072,1000,14913,0.11377716,0.01248928,131072,132071
ctx128k_req004,128k,131072,1000,3,131072,1000,9751,0.07439423,0.01400214,131072,132071
ctx128k_req004,128k,131072,1000,4,131072,1000,29851,0.22774506,0.01435164,131072,132071
ctx128k_req004,128k,131072,1000,5,131072,1000,7166,0.05467224,0.01271117,131072,132071
ctx128k_req004,128k,131072,1000,6,131072,1000,26039,0.19866180,0.01247063,131072,132071
ctx128k_req004,128k,131072,1000,7,131072,1000,17718,0.13517761,0.01239478,131072,132071
ctx128k_req004,128k,131072,1000,8,131072,1000,15161,0.11566925,0.01217925,131072,132071
ctx128k_req004,128k,131072,1000,9,131072,1000,17911,0.13665009,0.01296265,131072,132071
ctx128k_req004,128k,131072,1000,10,131072,1000,16571,0.12642670,0.01306261,131072,132071
ctx128k_req004,128k,131072,1000,11,131072,1000,48846,0.37266541,0.01331680,131072,132071
ctx128k_req004,128k,131072,1000,12,131072,1000,20341,0.15518951,0.01279893,131072,132071
ctx128k_req004,128k,131072,1000,13,131072,1000,14460,0.11032104,0.01266160,131072,132071
ctx128k_req004,128k,131072,1000,14,131072,1000,11883,0.09066010,0.01335789,131072,132071
ctx128k_req004,128k,131072,1000,15,131072,1000,25543,0.19487762,0.01357456,131072,132071
ctx128k_req004,128k,131072,1000,16,131072,1000,23927,0.18254852,0.01309888,131072,132071
ctx128k_req004,128k,131072,1000,17,131072,1000,97176,0.74139404,0.01386710,131072,132071
ctx128k_req004,128k,131072,1000,18,131072,1000,13038,0.09947205,0.01296088,131072,132071
ctx128k_req004,128k,131072,1000,19,131072,1000,36242,0.27650452,0.01338091,131072,132071
ctx128k_req004,128k,131072,1000,20,131072,1000,54694,0.41728210,0.01366765,131072,132071
ctx128k_req004,128k,131072,1000,21,131072,1000,45849,0.34980011,0.01377928,131072,132071
ctx128k_req004,128k,131072,1000,22,131072,1000,16249,0.12397003,0.01330515,131072,132071
ctx128k_req004,128k,131072,1000,23,131072,1000,20540,0.15670776,0.01338390,131072,132071
ctx128k_req004,128k,131072,1000,24,131072,1000,38561,0.29419708,0.01397146,131072,132071
ctx128k_req004,128k,131072,1000,25,131072,1000,17428,0.13296509,0.01342139,131072,132071
ctx128k_req004,128k,131072,1000,26,131072,1000,50230,0.38322449,0.01389240,131072,132071
ctx128k_req004,128k,131072,1000,27,131072,1000,40814,0.31138611,0.01407616,131072,132071
ctx128k_req004,128k,131072,1000,28,131072,1000,42162,0.32167053,0.01378224,131072,132071
ctx128k_req004,128k,131072,1000,29,131072,1000,52143,0.39781952,0.01390686,131072,132071
ctx128k_req004,128k,131072,1000,30,131072,1000,39506,0.30140686,0.01376871,131072,132071
ctx128k_req004,128k,131072,1000,31,131072,1000,37772,0.28817749,0.01397124,131072,132071
ctx128k_req004,128k,131072,1000,32,131072,1000,35533,0.27109528,0.01396295,131072,132071
ctx128k_req004,128k,131072,1000,33,131072,1000,53959,0.41167450,0.01404777,131072,132071
ctx128k_req004,128k,131072,1000,34,131072,1000,21886,0.16697693,0.01391558,131072,132071
ctx128k_req004,128k,131072,1000,35,131072,1000,42837,0.32682037,0.01407205,131072,132071
ctx128k_req004,128k,131072,1000,36,131072,1000,30790,0.23490906,0.01357446,131072,132071
ctx128k_req004,128k,131072,1000,37,131072,1000,22030,0.16807556,0.01366889,131072,132071
ctx128k_req004,128k,131072,1000,38,131072,1000,58817,0.44873810,0.01385815,131072,132071
ctx128k_req004,128k,131072,1000,39,131072,1000,64454,0.49174500,0.01376361,131072,132071
ctx128k_req004,128k,131072,1000,40,131072,1000,33799,0.25786591,0.01384227,131072,132071
ctx128k_req004,128k,131072,1000,41,131072,1000,29106,0.22206116,0.01364917,131072,132071
ctx128k_req004,128k,131072,1000,42,131072,1000,30923,0.23592377,0.01365687,131072,132071
ctx128k_req004,128k,131072,1000,43,131072,1000,60359,0.46050262,0.01406182,131072,132071
ctx128k_req004,128k,131072,1000,44,131072,1000,17269,0.13175201,0.01293922,131072,132071
ctx128k_req004,128k,131072,1000,45,131072,1000,45370,0.34614563,0.01353079,131072,132071
ctx128k_req004,128k,131072,1000,46,131072,1000,62312,0.47540283,0.01394789,131072,132071
ctx128k_req004,128k,131072,1000,47,131072,1000,22639,0.17272186,0.01327593,131072,132071
ctx128k_req004,128k,131072,1000,48,131072,1000,33891,0.25856781,0.01377315,131072,132071
ctx128k_req004,128k,131072,1000,49,131072,1000,42742,0.32609558,0.01330752,131072,132071
ctx128k_req004,128k,131072,1000,50,131072,1000,41248,0.31469727,0.01382460,131072,132071
ctx128k_req004,128k,131072,1000,51,131072,1000,35385,0.26996613,0.01342268,131072,132071
ctx128k_req004,128k,131072,1000,52,131072,1000,28741,0.21927643,0.01329793,131072,132071
ctx128k_req004,128k,131072,1000,53,131072,1000,24363,0.18587494,0.01321324,131072,132071
ctx128k_req004,128k,131072,1000,54,131072,1000,23183,0.17687225,0.01318578,131072,132071
ctx128k_req004,128k,131072,1000,55,131072,1000,62303,0.47533417,0.01345141,131072,132071
ctx128k_req004,128k,131072,1000,56,131072,1000,27727,0.21154022,0.01300942,131072,132071
ctx128k_req004,128k,131072,1000,57,131072,1000,34712,0.26483154,0.01344576,131072,132071
ctx128k_req004,128k,131072,1000,58,131072,1000,17875,0.13637543,0.01318597,131072,132071
ctx128k_req004,128k,131072,1000,59,131072,1000,32008,0.24420166,0.01339815,131072,132071
ctx128k_req004,128k,131072,1000,60,131072,1000,20756,0.15835571,0.01279915,131072,132071
ctx128k_req005,128k,131072,1000,0,131072,1000,13521,0.10315704,0.01554156,131072,132071
ctx128k_req005,128k,131072,1000,1,131072,1000,5073,0.03870392,0.01515025,131072,132071
ctx128k_req005,128k,131072,1000,2,131072,1000,14893,0.11362457,0.01240385,131072,132071
ctx128k_req005,128k,131072,1000,3,131072,1000,9721,0.07416534,0.01402165,131072,132071
ctx128k_req005,128k,131072,1000,4,131072,1000,25940,0.19790649,0.01446912,131072,132071
ctx128k_req005,128k,131072,1000,5,131072,1000,6805,0.05191803,0.01290755,131072,132071
ctx128k_req005,128k,131072,1000,6,131072,1000,23576,0.17987061,0.01271764,131072,132071
ctx128k_req005,128k,131072,1000,7,131072,1000,17034,0.12995911,0.01262753,131072,132071
ctx128k_req005,128k,131072,1000,8,131072,1000,14484,0.11050415,0.01230339,131072,132071
ctx128k_req005,128k,131072,1000,9,131072,1000,15556,0.11868286,0.01319754,131072,132071
ctx128k_req005,128k,131072,1000,10,131072,1000,16697,0.12738800,0.01323637,131072,132071
ctx128k_req005,128k,131072,1000,11,131072,1000,40860,0.31173706,0.01337691,131072,132071
ctx128k_req005,128k,131072,1000,12,131072,1000,20295,0.15483856,0.01288721,131072,132071
ctx128k_req005,128k,131072,1000,13,131072,1000,14505,0.11066437,0.01281762,131072,132071
ctx128k_req005,128k,131072,1000,14,131072,1000,11454,0.08738708,0.01348295,131072,132071
ctx128k_req005,128k,131072,1000,15,131072,1000,24429,0.18637848,0.01354948,131072,132071
ctx128k_req005,128k,131072,1000,16,131072,1000,23734,0.18107605,0.01314091,131072,132071
ctx128k_req005,128k,131072,1000,17,131072,1000,94247,0.71904755,0.01396464,131072,132071
ctx128k_req005,128k,131072,1000,18,131072,1000,14422,0.11003113,0.01287621,131072,132071
ctx128k_req005,128k,131072,1000,19,131072,1000,34365,0.26218414,0.01318253,131072,132071
ctx128k_req005,128k,131072,1000,20,131072,1000,48676,0.37136841,0.01348867,131072,132071
ctx128k_req005,128k,131072,1000,21,131072,1000,41673,0.31793976,0.01363834,131072,132071
ctx128k_req005,128k,131072,1000,22,131072,1000,15765,0.12027740,0.01314219,131072,132071
ctx128k_req005,128k,131072,1000,23,131072,1000,18263,0.13933563,0.01322412,131072,132071
ctx128k_req005,128k,131072,1000,24,131072,1000,34169,0.26068878,0.01379737,131072,132071
ctx128k_req005,128k,131072,1000,25,131072,1000,16907,0.12899017,0.01319778,131072,132071
ctx128k_req005,128k,131072,1000,26,131072,1000,42537,0.32453156,0.01372912,131072,132071
ctx128k_req005,128k,131072,1000,27,131072,1000,33905,0.25867462,0.01392178,131072,132071
ctx128k_req005,128k,131072,1000,28,131072,1000,36681,0.27985382,0.01346606,131072,132071
ctx128k_req005,128k,131072,1000,29,131072,1000,46822,0.35722351,0.01372675,131072,132071
ctx128k_req005,128k,131072,1000,30,131072,1000,34379,0.26229095,0.01355929,131072,132071
ctx128k_req005,128k,131072,1000,31,131072,1000,33868,0.25839233,0.01383274,131072,132071
ctx128k_req005,128k,131072,1000,32,131072,1000,29496,0.22503662,0.01377574,131072,132071
ctx128k_req005,128k,131072,1000,33,131072,1000,43164,0.32931519,0.01390453,131072,132071
ctx128k_req005,128k,131072,1000,34,131072,1000,18213,0.13895416,0.01365076,131072,132071
ctx128k_req005,128k,131072,1000,35,131072,1000,33178,0.25312805,0.01388197,131072,132071
ctx128k_req005,128k,131072,1000,36,131072,1000,28211,0.21523285,0.01319322,131072,132071
ctx128k_req005,128k,131072,1000,37,131072,1000,19707,0.15035248,0.01319173,131072,132071
ctx128k_req005,128k,131072,1000,38,131072,1000,46430,0.35423279,0.01365726,131072,132071
ctx128k_req005,128k,131072,1000,39,131072,1000,53980,0.41183472,0.01347080,131072,132071
ctx128k_req005,128k,131072,1000,40,131072,1000,28709,0.21903229,0.01356449,131072,132071
ctx128k_req005,128k,131072,1000,41,131072,1000,24661,0.18814850,0.01331402,131072,132071
ctx128k_req005,128k,131072,1000,42,131072,1000,27707,0.21138763,0.01332122,131072,132071
ctx128k_req005,128k,131072,1000,43,131072,1000,51221,0.39078522,0.01386202,131072,132071
ctx128k_req005,128k,131072,1000,44,131072,1000,16253,0.12400055,0.01268652,131072,132071
ctx128k_req005,128k,131072,1000,45,131072,1000,36789,0.28067780,0.01333407,131072,132071
ctx128k_req005,128k,131072,1000,46,131072,1000,53107,0.40517426,0.01394904,131072,132071
ctx128k_req005,128k,131072,1000,47,131072,1000,19117,0.14585114,0.01321926,131072,132071
ctx128k_req005,128k,131072,1000,48,131072,1000,29159,0.22246552,0.01354954,131072,132071
ctx128k_req005,128k,131072,1000,49,131072,1000,35317,0.26944733,0.01308302,131072,132071
ctx128k_req005,128k,131072,1000,50,131072,1000,32687,0.24938202,0.01370742,131072,132071
ctx128k_req005,128k,131072,1000,51,131072,1000,28293,0.21585846,0.01340398,131072,132071
ctx128k_req005,128k,131072,1000,52,131072,1000,28073,0.21417999,0.01295264,131072,132071
ctx128k_req005,128k,131072,1000,53,131072,1000,22818,0.17408752,0.01296226,131072,132071
ctx128k_req005,128k,131072,1000,54,131072,1000,20075,0.15316010,0.01280204,131072,132071
ctx128k_req005,128k,131072,1000,55,131072,1000,48868,0.37283325,0.01320422,131072,132071
ctx128k_req005,128k,131072,1000,56,131072,1000,22180,0.16921997,0.01291633,131072,132071
ctx128k_req005,128k,131072,1000,57,131072,1000,28307,0.21596527,0.01322391,131072,132071
ctx128k_req005,128k,131072,1000,58,131072,1000,17144,0.13079834,0.01296572,131072,132071
ctx128k_req005,128k,131072,1000,59,131072,1000,25807,0.19689178,0.01316959,131072,132071
ctx128k_req005,128k,131072,1000,60,131072,1000,20819,0.15883636,0.01250299,131072,132071
ctx128k_req006,128k,131072,1000,0,131072,1000,13169,0.10047150,0.01553821,131072,132071
ctx128k_req006,128k,131072,1000,1,131072,1000,4810,0.03669739,0.01515911,131072,132071
ctx128k_req006,128k,131072,1000,2,131072,1000,14804,0.11294556,0.01232969,131072,132071
ctx128k_req006,128k,131072,1000,3,131072,1000,9862,0.07524109,0.01407291,131072,132071
ctx128k_req006,128k,131072,1000,4,131072,1000,28132,0.21463013,0.01440409,131072,132071
ctx128k_req006,128k,131072,1000,5,131072,1000,6645,0.05069733,0.01261168,131072,132071
ctx128k_req006,128k,131072,1000,6,131072,1000,23085,0.17612457,0.01250092,131072,132071
ctx128k_req006,128k,131072,1000,7,131072,1000,16847,0.12853241,0.01232060,131072,132071
ctx128k_req006,128k,131072,1000,8,131072,1000,14531,0.11086273,0.01216911,131072,132071
ctx128k_req006,128k,131072,1000,9,131072,1000,16256,0.12402344,0.01309016,131072,132071
ctx128k_req006,128k,131072,1000,10,131072,1000,16236,0.12387085,0.01308822,131072,132071
ctx128k_req006,128k,131072,1000,11,131072,1000,40135,0.30620575,0.01314685,131072,132071
ctx128k_req006,128k,131072,1000,12,131072,1000,19869,0.15158844,0.01285686,131072,132071
ctx128k_req006,128k,131072,1000,13,131072,1000,14001,0.10681915,0.01271082,131072,132071
ctx128k_req006,128k,131072,1000,14,131072,1000,11176,0.08526611,0.01325060,131072,132071
ctx128k_req006,128k,131072,1000,15,131072,1000,22045,0.16819000,0.01338467,131072,132071
ctx128k_req006,128k,131072,1000,16,131072,1000,20966,0.15995789,0.01309401,131072,132071
ctx128k_req006,128k,131072,1000,17,131072,1000,96131,0.73342133,0.01391252,131072,132071
ctx128k_req006,128k,131072,1000,18,131072,1000,13471,0.10277557,0.01293199,131072,132071
ctx128k_req006,128k,131072,1000,19,131072,1000,36537,0.27875519,0.01310442,131072,132071
ctx128k_req006,128k,131072,1000,20,131072,1000,53934,0.41148376,0.01356245,131072,132071
ctx128k_req006,128k,131072,1000,21,131072,1000,48661,0.37125397,0.01369316,131072,132071
ctx128k_req006,128k,131072,1000,22,131072,1000,17115,0.13057709,0.01320460,131072,132071
ctx128k_req006,128k,131072,1000,23,131072,1000,21958,0.16752625,0.01321986,131072,132071
ctx128k_req006,128k,131072,1000,24,131072,1000,37816,0.28851318,0.01387022,131072,132071
ctx128k_req006,128k,131072,1000,25,131072,1000,18910,0.14427185,0.01331393,131072,132071
ctx128k_req006,128k,131072,1000,26,131072,1000,46891,0.35774994,0.01375726,131072,132071
ctx128k_req006,128k,131072,1000,27,131072,1000,38660,0.29495239,0.01395173,131072,132071
ctx128k_req006,128k,131072,1000,28,131072,1000,41636,0.31765747,0.01353934,131072,132071
ctx128k_req006,128k,131072,1000,29,131072,1000,51503,0.39293671,0.01378174,131072,132071
ctx128k_req006,128k,131072,1000,30,131072,1000,40222,0.30686951,0.01367156,131072,132071
ctx128k_req006,128k,131072,1000,31,131072,1000,37524,0.28628540,0.01397980,131072,132071
ctx128k_req006,128k,131072,1000,32,131072,1000,34477,0.26303864,0.01378710,131072,132071
ctx128k_req006,128k,131072,1000,33,131072,1000,50756,0.38723755,0.01403926,131072,132071
ctx128k_req006,128k,131072,1000,34,131072,1000,22314,0.17024231,0.01368764,131072,132071
ctx128k_req006,128k,131072,1000,35,131072,1000,39584,0.30200195,0.01400377,131072,132071
ctx128k_req006,128k,131072,1000,36,131072,1000,33980,0.25924683,0.01337689,131072,132071
ctx128k_req006,128k,131072,1000,37,131072,1000,22502,0.17167664,0.01330495,131072,132071
ctx128k_req006,128k,131072,1000,38,131072,1000,54266,0.41401672,0.01376974,131072,132071
ctx128k_req006,128k,131072,1000,39,131072,1000,60972,0.46517944,0.01361194,131072,132071
ctx128k_req006,128k,131072,1000,40,131072,1000,35286,0.26921082,0.01382120,131072,132071
ctx128k_req006,128k,131072,1000,41,131072,1000,27306,0.20832825,0.01351119,131072,132071
ctx128k_req006,128k,131072,1000,42,131072,1000,30771,0.23476410,0.01357854,131072,132071
ctx128k_req006,128k,131072,1000,43,131072,1000,58222,0.44419861,0.01406075,131072,132071
ctx128k_req006,128k,131072,1000,44,131072,1000,17010,0.12977600,0.01282707,131072,132071
ctx128k_req006,128k,131072,1000,45,131072,1000,42638,0.32530212,0.01352098,131072,132071
ctx128k_req006,128k,131072,1000,46,131072,1000,58926,0.44956970,0.01406281,131072,132071
ctx128k_req006,128k,131072,1000,47,131072,1000,22387,0.17079926,0.01331634,131072,132071
ctx128k_req006,128k,131072,1000,48,131072,1000,33361,0.25452423,0.01362727,131072,132071
ctx128k_req006,128k,131072,1000,49,131072,1000,41261,0.31479645,0.01319363,131072,132071
ctx128k_req006,128k,131072,1000,50,131072,1000,37966,0.28965759,0.01376591,131072,132071
ctx128k_req006,128k,131072,1000,51,131072,1000,33792,0.25781250,0.01348795,131072,132071
ctx128k_req006,128k,131072,1000,52,131072,1000,30376,0.23175049,0.01317637,131072,132071
ctx128k_req006,128k,131072,1000,53,131072,1000,26601,0.20294952,0.01297705,131072,132071
ctx128k_req006,128k,131072,1000,54,131072,1000,24487,0.18682098,0.01307749,131072,132071
ctx128k_req006,128k,131072,1000,55,131072,1000,58790,0.44853210,0.01333336,131072,132071
ctx128k_req006,128k,131072,1000,56,131072,1000,28536,0.21771240,0.01292351,131072,132071
ctx128k_req006,128k,131072,1000,57,131072,1000,31878,0.24320984,0.01326294,131072,132071
ctx128k_req006,128k,131072,1000,58,131072,1000,17324,0.13217163,0.01303145,131072,132071
ctx128k_req006,128k,131072,1000,59,131072,1000,29640,0.22613525,0.01323998,131072,132071
ctx128k_req006,128k,131072,1000,60,131072,1000,20992,0.16015625,0.01263041,131072,132071
ctx128k_req007,128k,131072,1000,0,131072,1000,13271,0.10124969,0.01553605,131072,132071
ctx128k_req007,128k,131072,1000,1,131072,1000,5099,0.03890228,0.01513412,131072,132071
ctx128k_req007,128k,131072,1000,2,131072,1000,14880,0.11352539,0.01246234,131072,132071
ctx128k_req007,128k,131072,1000,3,131072,1000,9791,0.07469940,0.01405232,131072,132071
ctx128k_req007,128k,131072,1000,4,131072,1000,28220,0.21530151,0.01440640,131072,132071
ctx128k_req007,128k,131072,1000,5,131072,1000,7152,0.05456543,0.01275366,131072,132071
ctx128k_req007,128k,131072,1000,6,131072,1000,24994,0.19068909,0.01247771,131072,132071
ctx128k_req007,128k,131072,1000,7,131072,1000,18426,0.14057922,0.01231167,131072,132071
ctx128k_req007,128k,131072,1000,8,131072,1000,14988,0.11434937,0.01207227,131072,132071
ctx128k_req007,128k,131072,1000,9,131072,1000,16826,0.12837219,0.01270451,131072,132071
ctx128k_req007,128k,131072,1000,10,131072,1000,16731,0.12764740,0.01287656,131072,132071
ctx128k_req007,128k,131072,1000,11,131072,1000,43950,0.33531189,0.01290727,131072,132071
ctx128k_req007,128k,131072,1000,12,131072,1000,20049,0.15296173,0.01272234,131072,132071
ctx128k_req007,128k,131072,1000,13,131072,1000,14491,0.11055756,0.01248125,131072,132071
ctx128k_req007,128k,131072,1000,14,131072,1000,12122,0.09248352,0.01313560,131072,132071
ctx128k_req007,128k,131072,1000,15,131072,1000,25387,0.19368744,0.01314615,131072,132071
ctx128k_req007,128k,131072,1000,16,131072,1000,24491,0.18685150,0.01270267,131072,132071
ctx128k_req007,128k,131072,1000,17,131072,1000,95646,0.72972107,0.01370077,131072,132071
ctx128k_req007,128k,131072,1000,18,131072,1000,13916,0.10617065,0.01257465,131072,132071
ctx128k_req007,128k,131072,1000,19,131072,1000,31492,0.24026489,0.01271436,131072,132071
ctx128k_req007,128k,131072,1000,20,131072,1000,42803,0.32656097,0.01305978,131072,132071
ctx128k_req007,128k,131072,1000,21,131072,1000,39332,0.30007935,0.01333198,131072,132071
ctx128k_req007,128k,131072,1000,22,131072,1000,16151,0.12322235,0.01278766,131072,132071
ctx128k_req007,128k,131072,1000,23,131072,1000,20559,0.15685272,0.01279005,131072,132071
ctx128k_req007,128k,131072,1000,24,131072,1000,34695,0.26470184,0.01337466,131072,132071
ctx128k_req007,128k,131072,1000,25,131072,1000,16640,0.12695312,0.01295647,131072,132071
ctx128k_req007,128k,131072,1000,26,131072,1000,44536,0.33978271,0.01330624,131072,132071
ctx128k_req007,128k,131072,1000,27,131072,1000,36899,0.28151703,0.01360367,131072,132071
ctx128k_req007,128k,131072,1000,28,131072,1000,38230,0.29167175,0.01323509,131072,132071
ctx128k_req007,128k,131072,1000,29,131072,1000,50107,0.38228607,0.01348418,131072,132071
ctx128k_req007,128k,131072,1000,30,131072,1000,34591,0.26390839,0.01347205,131072,132071
ctx128k_req007,128k,131072,1000,31,131072,1000,33600,0.25634766,0.01349318,131072,132071
ctx128k_req007,128k,131072,1000,32,131072,1000,29671,0.22637177,0.01347924,131072,132071
ctx128k_req007,128k,131072,1000,33,131072,1000,49404,0.37692261,0.01365048,131072,132071
ctx128k_req007,128k,131072,1000,34,131072,1000,21075,0.16078949,0.01345370,131072,132071
ctx128k_req007,128k,131072,1000,35,131072,1000,38353,0.29261017,0.01367564,131072,132071
ctx128k_req007,128k,131072,1000,36,131072,1000,28111,0.21446991,0.01312897,131072,132071
ctx128k_req007,128k,131072,1000,37,131072,1000,22228,0.16958618,0.01321880,131072,132071
ctx128k_req007,128k,131072,1000,38,131072,1000,53335,0.40691376,0.01342899,131072,132071
ctx128k_req007,128k,131072,1000,39,131072,1000,60077,0.45835114,0.01326145,131072,132071
ctx128k_req007,128k,131072,1000,40,131072,1000,31336,0.23907471,0.01332934,131072,132071
ctx128k_req007,128k,131072,1000,41,131072,1000,27386,0.20893860,0.01314919,131072,132071
ctx128k_req007,128k,131072,1000,42,131072,1000,26556,0.20260620,0.01324931,131072,132071
ctx128k_req007,128k,131072,1000,43,131072,1000,56554,0.43147278,0.01366060,131072,132071
ctx128k_req007,128k,131072,1000,44,131072,1000,17905,0.13660431,0.01269067,131072,132071
ctx128k_req007,128k,131072,1000,45,131072,1000,41172,0.31411743,0.01312510,131072,132071
ctx128k_req007,128k,131072,1000,46,131072,1000,59873,0.45679474,0.01367103,131072,132071
ctx128k_req007,128k,131072,1000,47,131072,1000,21505,0.16407013,0.01306835,131072,132071
ctx128k_req007,128k,131072,1000,48,131072,1000,31232,0.23828125,0.01336237,131072,132071
ctx128k_req007,128k,131072,1000,49,131072,1000,36057,0.27509308,0.01293859,131072,132071
ctx128k_req007,128k,131072,1000,50,131072,1000,36303,0.27696991,0.01351852,131072,132071
ctx128k_req007,128k,131072,1000,51,131072,1000,32237,0.24594879,0.01337644,131072,132071
ctx128k_req007,128k,131072,1000,52,131072,1000,28350,0.21629333,0.01305084,131072,132071
ctx128k_req007,128k,131072,1000,53,131072,1000,23856,0.18200684,0.01290419,131072,132071
ctx128k_req007,128k,131072,1000,54,131072,1000,21152,0.16137695,0.01294877,131072,132071
ctx128k_req007,128k,131072,1000,55,131072,1000,56186,0.42866516,0.01317139,131072,132071
ctx128k_req007,128k,131072,1000,56,131072,1000,25136,0.19177246,0.01271915,131072,132071
ctx128k_req007,128k,131072,1000,57,131072,1000,30525,0.23288727,0.01322080,131072,132071
ctx128k_req007,128k,131072,1000,58,131072,1000,17528,0.13372803,0.01285062,131072,132071
ctx128k_req007,128k,131072,1000,59,131072,1000,27958,0.21330261,0.01299609,131072,132071
ctx128k_req007,128k,131072,1000,60,131072,1000,19304,0.14727783,0.01242663,131072,132071
ctx128k_req008,128k,131072,1000,0,131072,1000,13155,0.10036469,0.01552076,131072,132071
ctx128k_req008,128k,131072,1000,1,131072,1000,4889,0.03730011,0.01522487,131072,132071
ctx128k_req008,128k,131072,1000,2,131072,1000,14055,0.10723114,0.01245010,131072,132071
ctx128k_req008,128k,131072,1000,3,131072,1000,9994,0.07624817,0.01400866,131072,132071
ctx128k_req008,128k,131072,1000,4,131072,1000,27840,0.21240234,0.01443844,131072,132071
ctx128k_req008,128k,131072,1000,5,131072,1000,7541,0.05753326,0.01280103,131072,132071
ctx128k_req008,128k,131072,1000,6,131072,1000,24382,0.18601990,0.01250894,131072,132071
ctx128k_req008,128k,131072,1000,7,131072,1000,16926,0.12913513,0.01236430,131072,132071
ctx128k_req008,128k,131072,1000,8,131072,1000,14997,0.11441803,0.01214599,131072,132071
ctx128k_req008,128k,131072,1000,9,131072,1000,15861,0.12100983,0.01266522,131072,132071
ctx128k_req008,128k,131072,1000,10,131072,1000,16180,0.12344360,0.01292716,131072,132071
ctx128k_req008,128k,131072,1000,11,131072,1000,40920,0.31219482,0.01298418,131072,132071
ctx128k_req008,128k,131072,1000,12,131072,1000,19198,0.14646912,0.01282533,131072,132071
ctx128k_req008,128k,131072,1000,13,131072,1000,13531,0.10323334,0.01251096,131072,132071
ctx128k_req008,128k,131072,1000,14,131072,1000,10776,0.08221436,0.01297826,131072,132071
ctx128k_req008,128k,131072,1000,15,131072,1000,23288,0.17767334,0.01322240,131072,132071
ctx128k_req008,128k,131072,1000,16,131072,1000,20500,0.15640259,0.01280585,131072,132071
ctx128k_req008,128k,131072,1000,17,131072,1000,91555,0.69850922,0.01367648,131072,132071
ctx128k_req008,128k,131072,1000,18,131072,1000,11988,0.09146118,0.01278288,131072,132071
ctx128k_req008,128k,131072,1000,19,131072,1000,32270,0.24620056,0.01297162,131072,132071
ctx128k_req008,128k,131072,1000,20,131072,1000,41697,0.31812286,0.01329102,131072,132071
ctx128k_req008,128k,131072,1000,21,131072,1000,38722,0.29542542,0.01335190,131072,132071
ctx128k_req008,128k,131072,1000,22,131072,1000,14329,0.10932159,0.01289932,131072,132071
ctx128k_req008,128k,131072,1000,23,131072,1000,17784,0.13568115,0.01303892,131072,132071
ctx128k_req008,128k,131072,1000,24,131072,1000,33186,0.25318909,0.01364205,131072,132071
ctx128k_req008,128k,131072,1000,25,131072,1000,14674,0.11195374,0.01309477,131072,132071
ctx128k_req008,128k,131072,1000,26,131072,1000,41542,0.31694031,0.01343947,131072,132071
ctx128k_req008,128k,131072,1000,27,131072,1000,32812,0.25033569,0.01360744,131072,132071
ctx128k_req008,128k,131072,1000,28,131072,1000,34909,0.26633453,0.01328961,131072,132071
ctx128k_req008,128k,131072,1000,29,131072,1000,44222,0.33738708,0.01340163,131072,132071
ctx128k_req008,128k,131072,1000,30,131072,1000,30481,0.23255157,0.01329668,131072,132071
ctx128k_req008,128k,131072,1000,31,131072,1000,30205,0.23044586,0.01344481,131072,132071
ctx128k_req008,128k,131072,1000,32,131072,1000,25523,0.19472504,0.01341894,131072,132071
ctx128k_req008,128k,131072,1000,33,131072,1000,44468,0.33926392,0.01359020,131072,132071
ctx128k_req008,128k,131072,1000,34,131072,1000,17754,0.13545227,0.01346275,131072,132071
ctx128k_req008,128k,131072,1000,35,131072,1000,34262,0.26139832,0.01369235,131072,132071
ctx128k_req008,128k,131072,1000,36,131072,1000,23860,0.18203735,0.01324038,131072,132071
ctx128k_req008,128k,131072,1000,37,131072,1000,19588,0.14944458,0.01302120,131072,132071
ctx128k_req008,128k,131072,1000,38,131072,1000,52473,0.40033722,0.01339619,131072,132071
ctx128k_req008,128k,131072,1000,39,131072,1000,57677,0.44004059,0.01319404,131072,132071
ctx128k_req008,128k,131072,1000,40,131072,1000,28391,0.21660614,0.01340587,131072,132071
ctx128k_req008,128k,131072,1000,41,131072,1000,24512,0.18701172,0.01311147,131072,132071
ctx128k_req008,128k,131072,1000,42,131072,1000,26307,0.20070648,0.01332253,131072,132071
ctx128k_req008,128k,131072,1000,43,131072,1000,53399,0.40740204,0.01359521,131072,132071
ctx128k_req008,128k,131072,1000,44,131072,1000,16657,0.12708282,0.01260471,131072,132071
ctx128k_req008,128k,131072,1000,45,131072,1000,39896,0.30438232,0.01316364,131072,132071
ctx128k_req008,128k,131072,1000,46,131072,1000,55473,0.42322540,0.01370412,131072,132071
ctx128k_req008,128k,131072,1000,47,131072,1000,20454,0.15605164,0.01301738,131072,132071
ctx128k_req008,128k,131072,1000,48,131072,1000,29802,0.22737122,0.01340607,131072,132071
ctx128k_req008,128k,131072,1000,49,131072,1000,34837,0.26578522,0.01286873,131072,132071
ctx128k_req008,128k,131072,1000,50,131072,1000,34748,0.26510620,0.01353792,131072,132071
ctx128k_req008,128k,131072,1000,51,131072,1000,32016,0.24426270,0.01322882,131072,132071
ctx128k_req008,128k,131072,1000,52,131072,1000,26251,0.20027924,0.01284214,131072,132071
ctx128k_req008,128k,131072,1000,53,131072,1000,20629,0.15738678,0.01286214,131072,132071
ctx128k_req008,128k,131072,1000,54,131072,1000,19782,0.15092468,0.01261941,131072,132071
ctx128k_req008,128k,131072,1000,55,131072,1000,54114,0.41285706,0.01306176,131072,132071
ctx128k_req008,128k,131072,1000,56,131072,1000,22718,0.17332458,0.01254253,131072,132071
ctx128k_req008,128k,131072,1000,57,131072,1000,29753,0.22699738,0.01314681,131072,132071
ctx128k_req008,128k,131072,1000,58,131072,1000,15129,0.11542511,0.01305302,131072,132071
ctx128k_req008,128k,131072,1000,59,131072,1000,24931,0.19020844,0.01287457,131072,132071
ctx128k_req008,128k,131072,1000,60,131072,1000,17286,0.13188171,0.01230534,131072,132071
ctx128k_req009,128k,131072,1000,0,131072,1000,13146,0.10029602,0.01552513,131072,132071
ctx128k_req009,128k,131072,1000,1,131072,1000,4679,0.03569794,0.01520534,131072,132071
ctx128k_req009,128k,131072,1000,2,131072,1000,14391,0.10979462,0.01228189,131072,132071
ctx128k_req009,128k,131072,1000,3,131072,1000,10251,0.07820892,0.01403819,131072,132071
ctx128k_req009,128k,131072,1000,4,131072,1000,27156,0.20718384,0.01450928,131072,132071
ctx128k_req009,128k,131072,1000,5,131072,1000,6984,0.05328369,0.01289860,131072,132071
ctx128k_req009,128k,131072,1000,6,131072,1000,22761,0.17365265,0.01242149,131072,132071
ctx128k_req009,128k,131072,1000,7,131072,1000,15158,0.11564636,0.01222207,131072,132071
ctx128k_req009,128k,131072,1000,8,131072,1000,14442,0.11018372,0.01205225,131072,132071
ctx128k_req009,128k,131072,1000,9,131072,1000,13257,0.10114288,0.01255186,131072,132071
ctx128k_req009,128k,131072,1000,10,131072,1000,15107,0.11525726,0.01284273,131072,132071
ctx128k_req009,128k,131072,1000,11,131072,1000,34618,0.26411438,0.01267601,131072,132071
ctx128k_req009,128k,131072,1000,12,131072,1000,19481,0.14862823,0.01271038,131072,132071
ctx128k_req009,128k,131072,1000,13,131072,1000,13434,0.10249329,0.01240778,131072,132071
ctx128k_req009,128k,131072,1000,14,131072,1000,11279,0.08605194,0.01281339,131072,132071
ctx128k_req009,128k,131072,1000,15,131072,1000,19087,0.14562225,0.01276678,131072,132071
ctx128k_req009,128k,131072,1000,16,131072,1000,17474,0.13331604,0.01255333,131072,132071
ctx128k_req009,128k,131072,1000,17,131072,1000,92602,0.70649719,0.01355576,131072,132071
ctx128k_req009,128k,131072,1000,18,131072,1000,11349,0.08658600,0.01243293,131072,132071
ctx128k_req009,128k,131072,1000,19,131072,1000,25616,0.19543457,0.01248608,131072,132071
ctx128k_req009,128k,131072,1000,20,131072,1000,39110,0.29838562,0.01299075,131072,132071
ctx128k_req009,128k,131072,1000,21,131072,1000,33181,0.25315094,0.01304012,131072,132071
ctx128k_req009,128k,131072,1000,22,131072,1000,13535,0.10326385,0.01269136,131072,132071
ctx128k_req009,128k,131072,1000,23,131072,1000,16302,0.12437439,0.01260310,131072,132071
ctx128k_req009,128k,131072,1000,24,131072,1000,30806,0.23503113,0.01339997,131072,132071
ctx128k_req009,128k,131072,1000,25,131072,1000,13959,0.10649872,0.01273739,131072,132071
ctx128k_req009,128k,131072,1000,26,131072,1000,35455,0.27050018,0.01326478,131072,132071
ctx128k_req009,128k,131072,1000,27,131072,1000,30321,0.23133087,0.01354339,131072,132071
ctx128k_req009,128k,131072,1000,28,131072,1000,31735,0.24211884,0.01294699,131072,132071
ctx128k_req009,128k,131072,1000,29,131072,1000,40378,0.30805969,0.01324176,131072,132071
ctx128k_req009,128k,131072,1000,30,131072,1000,26987,0.20589447,0.01315969,131072,132071
ctx128k_req009,128k,131072,1000,31,131072,1000,26881,0.20508575,0.01339323,131072,132071
ctx128k_req009,128k,131072,1000,32,131072,1000,21575,0.16460419,0.01326714,131072,132071
ctx128k_req009,128k,131072,1000,33,131072,1000,38104,0.29071045,0.01340026,131072,132071
ctx128k_req009,128k,131072,1000,34,131072,1000,15725,0.11997223,0.01317416,131072,132071
ctx128k_req009,128k,131072,1000,35,131072,1000,27868,0.21261597,0.01348555,131072,132071
ctx128k_req009,128k,131072,1000,36,131072,1000,20036,0.15286255,0.01292699,131072,132071
ctx128k_req009,128k,131072,1000,37,131072,1000,18079,0.13793182,0.01271301,131072,132071
ctx128k_req009,128k,131072,1000,38,131072,1000,42342,0.32304382,0.01299779,131072,132071
ctx128k_req009,128k,131072,1000,39,131072,1000,49562,0.37812805,0.01289840,131072,132071
ctx128k_req009,128k,131072,1000,40,131072,1000,27217,0.20764923,0.01316055,131072,132071
ctx128k_req009,128k,131072,1000,41,131072,1000,22287,0.17003632,0.01280888,131072,132071
ctx128k_req009,128k,131072,1000,42,131072,1000,23372,0.17831421,0.01288860,131072,132071
ctx128k_req009,128k,131072,1000,43,131072,1000,47151,0.35973358,0.01342638,131072,132071
ctx128k_req009,128k,131072,1000,44,131072,1000,15205,0.11600494,0.01240108,131072,132071
ctx128k_req009,128k,131072,1000,45,131072,1000,31435,0.23983002,0.01285033,131072,132071
ctx128k_req009,128k,131072,1000,46,131072,1000,48902,0.37309265,0.01329606,131072,132071
ctx128k_req009,128k,131072,1000,47,131072,1000,16182,0.12345886,0.01259646,131072,132071
ctx128k_req009,128k,131072,1000,48,131072,1000,24360,0.18585205,0.01307177,131072,132071
ctx128k_req009,128k,131072,1000,49,131072,1000,27421,0.20920563,0.01261046,131072,132071
ctx128k_req009,128k,131072,1000,50,131072,1000,27577,0.21039581,0.01303374,131072,132071
ctx128k_req009,128k,131072,1000,51,131072,1000,23775,0.18138885,0.01281779,131072,132071
ctx128k_req009,128k,131072,1000,52,131072,1000,24050,0.18348694,0.01252127,131072,132071
ctx128k_req009,128k,131072,1000,53,131072,1000,20425,0.15583038,0.01255419,131072,132071
ctx128k_req009,128k,131072,1000,54,131072,1000,16008,0.12213135,0.01235820,131072,132071
ctx128k_req009,128k,131072,1000,55,131072,1000,38176,0.29125977,0.01264310,131072,132071
ctx128k_req009,128k,131072,1000,56,131072,1000,19906,0.15187073,0.01237243,131072,132071
ctx128k_req009,128k,131072,1000,57,131072,1000,23787,0.18148041,0.01284524,131072,132071
ctx128k_req009,128k,131072,1000,58,131072,1000,14288,0.10900879,0.01272466,131072,132071
ctx128k_req009,128k,131072,1000,59,131072,1000,20385,0.15552521,0.01257887,131072,132071
ctx128k_req009,128k,131072,1000,60,131072,1000,14622,0.11155701,0.01215566,131072,132071
ctx128k_req010,128k,131072,1000,0,131072,1000,13451,0.10262299,0.01552406,131072,132071
ctx128k_req010,128k,131072,1000,1,131072,1000,4734,0.03611755,0.01523567,131072,132071
ctx128k_req010,128k,131072,1000,2,131072,1000,13992,0.10675049,0.01235294,131072,132071
ctx128k_req010,128k,131072,1000,3,131072,1000,9448,0.07208252,0.01405750,131072,132071
ctx128k_req010,128k,131072,1000,4,131072,1000,28656,0.21862793,0.01440601,131072,132071
ctx128k_req010,128k,131072,1000,5,131072,1000,7528,0.05743408,0.01280514,131072,132071
ctx128k_req010,128k,131072,1000,6,131072,1000,24585,0.18756866,0.01259258,131072,132071
ctx128k_req010,128k,131072,1000,7,131072,1000,17569,0.13404083,0.01242316,131072,132071
ctx128k_req010,128k,131072,1000,8,131072,1000,14878,0.11351013,0.01223202,131072,132071
ctx128k_req010,128k,131072,1000,9,131072,1000,16032,0.12231445,0.01302814,131072,132071
ctx128k_req010,128k,131072,1000,10,131072,1000,16260,0.12405396,0.01305345,131072,132071
ctx128k_req010,128k,131072,1000,11,131072,1000,40671,0.31029510,0.01323454,131072,132071
ctx128k_req010,128k,131072,1000,12,131072,1000,19754,0.15071106,0.01293228,131072,132071
ctx128k_req010,128k,131072,1000,13,131072,1000,13573,0.10355377,0.01273370,131072,132071
ctx128k_req010,128k,131072,1000,14,131072,1000,11620,0.08865356,0.01329005,131072,132071
ctx128k_req010,128k,131072,1000,15,131072,1000,23665,0.18054962,0.01342487,131072,132071
ctx128k_req010,128k,131072,1000,16,131072,1000,22291,0.17006683,0.01310821,131072,132071
ctx128k_req010,128k,131072,1000,17,131072,1000,94769,0.72303009,0.01406904,131072,132071
ctx128k_req010,128k,131072,1000,18,131072,1000,14437,0.11014557,0.01302199,131072,132071
ctx128k_req010,128k,131072,1000,19,131072,1000,39748,0.30325317,0.01330636,131072,132071
ctx128k_req010,128k,131072,1000,20,131072,1000,54127,0.41295624,0.01364205,131072,132071
ctx128k_req010,128k,131072,1000,21,131072,1000,47372,0.36141968,0.01383048,131072,132071
ctx128k_req010,128k,131072,1000,22,131072,1000,17077,0.13028717,0.01323889,131072,132071
ctx128k_req010,128k,131072,1000,23,131072,1000,21886,0.16697693,0.01336069,131072,132071
ctx128k_req010,128k,131072,1000,24,131072,1000,36758,0.28044128,0.01401263,131072,132071
ctx128k_req010,128k,131072,1000,25,131072,1000,17866,0.13630676,0.01332428,131072,132071
ctx128k_req010,128k,131072,1000,26,131072,1000,44793,0.34174347,0.01372487,131072,132071
ctx128k_req010,128k,131072,1000,27,131072,1000,37267,0.28432465,0.01395029,131072,132071
ctx128k_req010,128k,131072,1000,28,131072,1000,40711,0.31060028,0.01362794,131072,132071
ctx128k_req010,128k,131072,1000,29,131072,1000,50435,0.38478851,0.01378384,131072,132071
ctx128k_req010,128k,131072,1000,30,131072,1000,36242,0.27650452,0.01367622,131072,132071
ctx128k_req010,128k,131072,1000,31,131072,1000,35860,0.27359009,0.01381902,131072,132071
ctx128k_req010,128k,131072,1000,32,131072,1000,32538,0.24824524,0.01376044,131072,132071
ctx128k_req010,128k,131072,1000,33,131072,1000,50218,0.38313293,0.01395367,131072,132071
ctx128k_req010,128k,131072,1000,34,131072,1000,21784,0.16619873,0.01375971,131072,132071
ctx128k_req010,128k,131072,1000,35,131072,1000,38295,0.29216766,0.01396653,131072,132071
ctx128k_req010,128k,131072,1000,36,131072,1000,30569,0.23322296,0.01346120,131072,132071
ctx128k_req010,128k,131072,1000,37,131072,1000,21942,0.16740417,0.01352264,131072,132071
ctx128k_req010,128k,131072,1000,38,131072,1000,56120,0.42816162,0.01388371,131072,132071
ctx128k_req010,128k,131072,1000,39,131072,1000,59760,0.45593262,0.01375146,131072,132071
ctx128k_req010,128k,131072,1000,40,131072,1000,30658,0.23390198,0.01376763,131072,132071
ctx128k_req010,128k,131072,1000,41,131072,1000,26694,0.20365906,0.01363939,131072,132071
ctx128k_req010,128k,131072,1000,42,131072,1000,29875,0.22792816,0.01355940,131072,132071
ctx128k_req010,128k,131072,1000,43,131072,1000,56023,0.42742157,0.01404440,131072,132071
ctx128k_req010,128k,131072,1000,44,131072,1000,17048,0.13006592,0.01289753,131072,132071
ctx128k_req010,128k,131072,1000,45,131072,1000,40842,0.31159973,0.01351303,131072,132071
ctx128k_req010,128k,131072,1000,46,131072,1000,55431,0.42290497,0.01405627,131072,132071
ctx128k_req010,128k,131072,1000,47,131072,1000,22537,0.17194366,0.01349339,131072,132071
ctx128k_req010,128k,131072,1000,48,131072,1000,30965,0.23624420,0.01374204,131072,132071
ctx128k_req010,128k,131072,1000,49,131072,1000,37918,0.28929138,0.01328577,131072,132071
ctx128k_req010,128k,131072,1000,50,131072,1000,35104,0.26782227,0.01390738,131072,132071
ctx128k_req010,128k,131072,1000,51,131072,1000,35303,0.26934052,0.01361295,131072,132071
ctx128k_req010,128k,131072,1000,52,131072,1000,29698,0.22657776,0.01320679,131072,132071
ctx128k_req010,128k,131072,1000,53,131072,1000,24099,0.18386078,0.01311015,131072,132071
ctx128k_req010,128k,131072,1000,54,131072,1000,21742,0.16587830,0.01326331,131072,132071
ctx128k_req010,128k,131072,1000,55,131072,1000,54467,0.41555023,0.01349852,131072,132071
ctx128k_req010,128k,131072,1000,56,131072,1000,27920,0.21301270,0.01288355,131072,132071
ctx128k_req010,128k,131072,1000,57,131072,1000,35587,0.27150726,0.01334924,131072,132071
ctx128k_req010,128k,131072,1000,58,131072,1000,17450,0.13313293,0.01307368,131072,132071
ctx128k_req010,128k,131072,1000,59,131072,1000,28149,0.21475983,0.01327234,131072,132071
ctx128k_req010,128k,131072,1000,60,131072,1000,20776,0.15850830,0.01272890,131072,132071
ctx128k_req011,128k,131072,1000,0,131072,1000,12966,0.09892273,0.01553364,131072,132071
ctx128k_req011,128k,131072,1000,1,131072,1000,5002,0.03816223,0.01519464,131072,132071
ctx128k_req011,128k,131072,1000,2,131072,1000,14639,0.11168671,0.01258666,131072,132071
ctx128k_req011,128k,131072,1000,3,131072,1000,9433,0.07196808,0.01394521,131072,132071
ctx128k_req011,128k,131072,1000,4,131072,1000,27587,0.21047211,0.01431580,131072,132071
ctx128k_req011,128k,131072,1000,5,131072,1000,7222,0.05509949,0.01268287,131072,132071
ctx128k_req011,128k,131072,1000,6,131072,1000,24319,0.18553925,0.01248486,131072,132071
ctx128k_req011,128k,131072,1000,7,131072,1000,17725,0.13523102,0.01236803,131072,132071
ctx128k_req011,128k,131072,1000,8,131072,1000,15329,0.11695099,0.01211420,131072,132071
ctx128k_req011,128k,131072,1000,9,131072,1000,16189,0.12351227,0.01268763,131072,132071
ctx128k_req011,128k,131072,1000,10,131072,1000,15791,0.12047577,0.01279933,131072,132071
ctx128k_req011,128k,131072,1000,11,131072,1000,45712,0.34875488,0.01310756,131072,132071
ctx128k_req011,128k,131072,1000,12,131072,1000,20128,0.15356445,0.01278918,131072,132071
ctx128k_req011,128k,131072,1000,13,131072,1000,13681,0.10437775,0.01252204,131072,132071
ctx128k_req011,128k,131072,1000,14,131072,1000,11770,0.08979797,0.01320842,131072,132071
ctx128k_req011,128k,131072,1000,15,131072,1000,24958,0.19041443,0.01341714,131072,132071
ctx128k_req011,128k,131072,1000,16,131072,1000,22579,0.17226410,0.01280656,131072,132071
ctx128k_req011,128k,131072,1000,17,131072,1000,97375,0.74291229,0.01401762,131072,132071
ctx128k_req011,128k,131072,1000,18,131072,1000,12685,0.09677887,0.01280945,131072,132071
ctx128k_req011,128k,131072,1000,19,131072,1000,35755,0.27278900,0.01328575,131072,132071
ctx128k_req011,128k,131072,1000,20,131072,1000,48226,0.36793518,0.01375497,131072,132071
ctx128k_req011,128k,131072,1000,21,131072,1000,46536,0.35504150,0.01381061,131072,132071
ctx128k_req011,128k,131072,1000,22,131072,1000,16131,0.12306976,0.01313926,131072,132071
ctx128k_req011,128k,131072,1000,23,131072,1000,23091,0.17617035,0.01332902,131072,132071
ctx128k_req011,128k,131072,1000,24,131072,1000,40887,0.31194305,0.01402211,131072,132071
ctx128k_req011,128k,131072,1000,25,131072,1000,19179,0.14632416,0.01333051,131072,132071
ctx128k_req011,128k,131072,1000,26,131072,1000,52584,0.40118408,0.01380344,131072,132071
ctx128k_req011,128k,131072,1000,27,131072,1000,44555,0.33992767,0.01398886,131072,132071
ctx128k_req011,128k,131072,1000,28,131072,1000,45604,0.34793091,0.01362078,131072,132071
ctx128k_req011,128k,131072,1000,29,131072,1000,57058,0.43531799,0.01382098,131072,132071
ctx128k_req011,128k,131072,1000,30,131072,1000,42423,0.32366180,0.01376069,131072,132071
ctx128k_req011,128k,131072,1000,31,131072,1000,43126,0.32902527,0.01395471,131072,132071
ctx128k_req011,128k,131072,1000,32,131072,1000,37911,0.28923798,0.01388358,131072,132071
ctx128k_req011,128k,131072,1000,33,131072,1000,54706,0.41737366,0.01401768,131072,132071
ctx128k_req011,128k,131072,1000,34,131072,1000,24046,0.18345642,0.01382597,131072,132071
ctx128k_req011,128k,131072,1000,35,131072,1000,41554,0.31703186,0.01403654,131072,132071
ctx128k_req011,128k,131072,1000,36,131072,1000,30792,0.23492432,0.01351421,131072,132071
ctx128k_req011,128k,131072,1000,37,131072,1000,21513,0.16413116,0.01349293,131072,132071
ctx128k_req011,128k,131072,1000,38,131072,1000,57260,0.43685913,0.01381081,131072,132071
ctx128k_req011,128k,131072,1000,39,131072,1000,59854,0.45664978,0.01365272,131072,132071
ctx128k_req011,128k,131072,1000,40,131072,1000,34182,0.26078796,0.01382297,131072,132071
ctx128k_req011,128k,131072,1000,41,131072,1000,29145,0.22235870,0.01360789,131072,132071
ctx128k_req011,128k,131072,1000,42,131072,1000,30687,0.23412323,0.01357162,131072,132071
ctx128k_req011,128k,131072,1000,43,131072,1000,58455,0.44597626,0.01394949,131072,132071
ctx128k_req011,128k,131072,1000,44,131072,1000,17400,0.13275146,0.01284981,131072,132071
ctx128k_req011,128k,131072,1000,45,131072,1000,45131,0.34432220,0.01352271,131072,132071
ctx128k_req011,128k,131072,1000,46,131072,1000,60154,0.45893860,0.01400365,131072,132071
ctx128k_req011,128k,131072,1000,47,131072,1000,22736,0.17346191,0.01326450,131072,132071
ctx128k_req011,128k,131072,1000,48,131072,1000,33411,0.25490570,0.01368880,131072,132071
ctx128k_req011,128k,131072,1000,49,131072,1000,40746,0.31086731,0.01325542,131072,132071
ctx128k_req011,128k,131072,1000,50,131072,1000,39286,0.29972839,0.01375011,131072,132071
ctx128k_req011,128k,131072,1000,51,131072,1000,36097,0.27539825,0.01356023,131072,132071
ctx128k_req011,128k,131072,1000,52,131072,1000,29933,0.22837067,0.01321264,131072,132071
ctx128k_req011,128k,131072,1000,53,131072,1000,24266,0.18513489,0.01308015,131072,132071
ctx128k_req011,128k,131072,1000,54,131072,1000,22977,0.17530060,0.01319650,131072,132071
ctx128k_req011,128k,131072,1000,55,131072,1000,58497,0.44629669,0.01351022,131072,132071
ctx128k_req011,128k,131072,1000,56,131072,1000,27355,0.20870209,0.01290762,131072,132071
ctx128k_req011,128k,131072,1000,57,131072,1000,34545,0.26355743,0.01338933,131072,132071
ctx128k_req011,128k,131072,1000,58,131072,1000,16763,0.12789154,0.01306725,131072,132071
ctx128k_req011,128k,131072,1000,59,131072,1000,31170,0.23780823,0.01318230,131072,132071
ctx128k_req011,128k,131072,1000,60,131072,1000,19753,0.15070343,0.01258821,131072,132071
ctx128k_req012,128k,131072,1000,0,131072,1000,13523,0.10317230,0.01553195,131072,132071
ctx128k_req012,128k,131072,1000,1,131072,1000,5010,0.03822327,0.01519812,131072,132071
ctx128k_req012,128k,131072,1000,2,131072,1000,14757,0.11258698,0.01254670,131072,132071
ctx128k_req012,128k,131072,1000,3,131072,1000,9761,0.07447052,0.01398611,131072,132071
ctx128k_req012,128k,131072,1000,4,131072,1000,26114,0.19923401,0.01432866,131072,132071
ctx128k_req012,128k,131072,1000,5,131072,1000,7471,0.05699921,0.01273608,131072,132071
ctx128k_req012,128k,131072,1000,6,131072,1000,25874,0.19740295,0.01249796,131072,132071
ctx128k_req012,128k,131072,1000,7,131072,1000,18269,0.13938141,0.01242531,131072,132071
ctx128k_req012,128k,131072,1000,8,131072,1000,15256,0.11639404,0.01215179,131072,132071
ctx128k_req012,128k,131072,1000,9,131072,1000,15922,0.12147522,0.01278555,131072,132071
ctx128k_req012,128k,131072,1000,10,131072,1000,16226,0.12379456,0.01291750,131072,132071
ctx128k_req012,128k,131072,1000,11,131072,1000,40149,0.30631256,0.01307102,131072,132071
ctx128k_req012,128k,131072,1000,12,131072,1000,19910,0.15190125,0.01283451,131072,132071
ctx128k_req012,128k,131072,1000,13,131072,1000,13412,0.10232544,0.01265993,131072,132071
ctx128k_req012,128k,131072,1000,14,131072,1000,11590,0.08842468,0.01313886,131072,132071
ctx128k_req012,128k,131072,1000,15,131072,1000,23490,0.17921448,0.01340833,131072,132071
ctx128k_req012,128k,131072,1000,16,131072,1000,21316,0.16262817,0.01282574,131072,132071
ctx128k_req012,128k,131072,1000,17,131072,1000,92212,0.70352173,0.01387371,131072,132071
ctx128k_req012,128k,131072,1000,18,131072,1000,12953,0.09882355,0.01281393,131072,132071
ctx128k_req012,128k,131072,1000,19,131072,1000,31890,0.24330139,0.01307513,131072,132071
ctx128k_req012,128k,131072,1000,20,131072,1000,39482,0.30122375,0.01338722,131072,132071
ctx128k_req012,128k,131072,1000,21,131072,1000,39387,0.30049896,0.01359970,131072,132071
ctx128k_req012,128k,131072,1000,22,131072,1000,15294,0.11668396,0.01292104,131072,132071
ctx128k_req012,128k,131072,1000,23,131072,1000,19573,0.14933014,0.01300466,131072,132071
ctx128k_req012,128k,131072,1000,24,131072,1000,35490,0.27076721,0.01362198,131072,132071
ctx128k_req012,128k,131072,1000,25,131072,1000,15028,0.11465454,0.01309959,131072,132071
ctx128k_req012,128k,131072,1000,26,131072,1000,41334,0.31535339,0.01342213,131072,132071
ctx128k_req012,128k,131072,1000,27,131072,1000,34223,0.26110077,0.01364259,131072,132071
ctx128k_req012,128k,131072,1000,28,131072,1000,34647,0.26433563,0.01335966,131072,132071
ctx128k_req012,128k,131072,1000,29,131072,1000,44273,0.33777618,0.01357261,131072,132071
ctx128k_req012,128k,131072,1000,30,131072,1000,32973,0.25156403,0.01349227,131072,132071
ctx128k_req012,128k,131072,1000,31,131072,1000,29205,0.22281647,0.01350352,131072,132071
ctx128k_req012,128k,131072,1000,32,131072,1000,24162,0.18434143,0.01342160,131072,132071
ctx128k_req012,128k,131072,1000,33,131072,1000,44544,0.33984375,0.01366063,131072,132071
ctx128k_req012,128k,131072,1000,34,131072,1000,18116,0.13821411,0.01353466,131072,132071
ctx128k_req012,128k,131072,1000,35,131072,1000,34136,0.26043701,0.01377453,131072,132071
ctx128k_req012,128k,131072,1000,36,131072,1000,27207,0.20757294,0.01337419,131072,132071
ctx128k_req012,128k,131072,1000,37,131072,1000,22924,0.17489624,0.01338058,131072,132071
ctx128k_req012,128k,131072,1000,38,131072,1000,53959,0.41167450,0.01396437,131072,132071
ctx128k_req012,128k,131072,1000,39,131072,1000,59549,0.45432281,0.01369379,131072,132071
ctx128k_req012,128k,131072,1000,40,131072,1000,29584,0.22570801,0.01369160,131072,132071
ctx128k_req012,128k,131072,1000,41,131072,1000,25234,0.19252014,0.01356393,131072,132071
ctx128k_req012,128k,131072,1000,42,131072,1000,27890,0.21278381,0.01342642,131072,132071
ctx128k_req012,128k,131072,1000,43,131072,1000,54419,0.41518402,0.01390186,131072,132071
ctx128k_req012,128k,131072,1000,44,131072,1000,17341,0.13230133,0.01273930,131072,132071
ctx128k_req012,128k,131072,1000,45,131072,1000,40603,0.30977631,0.01339851,131072,132071
ctx128k_req012,128k,131072,1000,46,131072,1000,54871,0.41863251,0.01392116,131072,132071
ctx128k_req012,128k,131072,1000,47,131072,1000,21864,0.16680908,0.01340650,131072,132071
ctx128k_req012,128k,131072,1000,48,131072,1000,29886,0.22801208,0.01359357,131072,132071
ctx128k_req012,128k,131072,1000,49,131072,1000,35897,0.27387238,0.01309940,131072,132071
ctx128k_req012,128k,131072,1000,50,131072,1000,33623,0.25652313,0.01364211,131072,132071
ctx128k_req012,128k,131072,1000,51,131072,1000,31933,0.24362946,0.01355773,131072,132071
ctx128k_req012,128k,131072,1000,52,131072,1000,27346,0.20863342,0.01320880,131072,132071
ctx128k_req012,128k,131072,1000,53,131072,1000,21987,0.16774750,0.01300566,131072,132071
ctx128k_req012,128k,131072,1000,54,131072,1000,19169,0.14624786,0.01302583,131072,132071
ctx128k_req012,128k,131072,1000,55,131072,1000,53914,0.41133118,0.01336768,131072,132071
ctx128k_req012,128k,131072,1000,56,131072,1000,23736,0.18109131,0.01286929,131072,132071
ctx128k_req012,128k,131072,1000,57,131072,1000,31158,0.23771667,0.01330481,131072,132071
ctx128k_req012,128k,131072,1000,58,131072,1000,15918,0.12144470,0.01286163,131072,132071
ctx128k_req012,128k,131072,1000,59,131072,1000,27098,0.20674133,0.01311801,131072,132071
ctx128k_req012,128k,131072,1000,60,131072,1000,19142,0.14604187,0.01251733,131072,132071
ctx128k_req013,128k,131072,1000,0,131072,1000,12695,0.09685516,0.01553165,131072,132071
ctx128k_req013,128k,131072,1000,1,131072,1000,5087,0.03881073,0.01514619,131072,132071
ctx128k_req013,128k,131072,1000,2,131072,1000,15058,0.11488342,0.01218964,131072,132071
ctx128k_req013,128k,131072,1000,3,131072,1000,10250,0.07820129,0.01403943,131072,132071
ctx128k_req013,128k,131072,1000,4,131072,1000,27194,0.20747375,0.01439481,131072,132071
ctx128k_req013,128k,131072,1000,5,131072,1000,6841,0.05219269,0.01283221,131072,132071
ctx128k_req013,128k,131072,1000,6,131072,1000,24557,0.18735504,0.01241168,131072,132071
ctx128k_req013,128k,131072,1000,7,131072,1000,16973,0.12949371,0.01222070,131072,132071
ctx128k_req013,128k,131072,1000,8,131072,1000,15358,0.11717224,0.01213100,131072,132071
ctx128k_req013,128k,131072,1000,9,131072,1000,15391,0.11742401,0.01245016,131072,132071
ctx128k_req013,128k,131072,1000,10,131072,1000,16460,0.12557983,0.01281477,131072,132071
ctx128k_req013,128k,131072,1000,11,131072,1000,40392,0.30816650,0.01282595,131072,132071
ctx128k_req013,128k,131072,1000,12,131072,1000,20048,0.15295410,0.01266988,131072,132071
ctx128k_req013,128k,131072,1000,13,131072,1000,14518,0.11076355,0.01240295,131072,132071
ctx128k_req013,128k,131072,1000,14,131072,1000,11160,0.08514404,0.01292619,131072,132071
ctx128k_req013,128k,131072,1000,15,131072,1000,24091,0.18379974,0.01291786,131072,132071
ctx128k_req013,128k,131072,1000,16,131072,1000,21820,0.16647339,0.01254641,131072,132071
ctx128k_req013,128k,131072,1000,17,131072,1000,92228,0.70364380,0.01338511,131072,132071
ctx128k_req013,128k,131072,1000,18,131072,1000,13949,0.10642242,0.01239815,131072,132071
ctx128k_req013,128k,131072,1000,19,131072,1000,34139,0.26045990,0.01281851,131072,132071
ctx128k_req013,128k,131072,1000,20,131072,1000,47217,0.36023712,0.01304878,131072,132071
ctx128k_req013,128k,131072,1000,21,131072,1000,42501,0.32425690,0.01321134,131072,132071
ctx128k_req013,128k,131072,1000,22,131072,1000,15504,0.11828613,0.01277386,131072,132071
ctx128k_req013,128k,131072,1000,23,131072,1000,18009,0.13739777,0.01279855,131072,132071
ctx128k_req013,128k,131072,1000,24,131072,1000,33680,0.25695801,0.01335421,131072,132071
ctx128k_req013,128k,131072,1000,25,131072,1000,16740,0.12771606,0.01284116,131072,132071
ctx128k_req013,128k,131072,1000,26,131072,1000,41153,0.31397247,0.01319770,131072,132071
ctx128k_req013,128k,131072,1000,27,131072,1000,34455,0.26287079,0.01336317,131072,132071
ctx128k_req013,128k,131072,1000,28,131072,1000,37146,0.28340149,0.01312357,131072,132071
ctx128k_req013,128k,131072,1000,29,131072,1000,48251,0.36812592,0.01321665,131072,132071
ctx128k_req013,128k,131072,1000,30,131072,1000,36710,0.28007507,0.01327409,131072,132071
ctx128k_req013,128k,131072,1000,31,131072,1000,34999,0.26702118,0.01331463,131072,132071
ctx128k_req013,128k,131072,1000,32,131072,1000,31904,0.24340820,0.01322556,131072,132071
ctx128k_req013,128k,131072,1000,33,131072,1000,48378,0.36909485,0.01332552,131072,132071
ctx128k_req013,128k,131072,1000,34,131072,1000,22222,0.16954041,0.01337164,131072,132071
ctx128k_req013,128k,131072,1000,35,131072,1000,36854,0.28117371,0.01350896,131072,132071
ctx128k_req013,128k,131072,1000,36,131072,1000,31698,0.24183655,0.01311086,131072,132071
ctx128k_req013,128k,131072,1000,37,131072,1000,21532,0.16427612,0.01310518,131072,132071
ctx128k_req013,128k,131072,1000,38,131072,1000,51251,0.39101410,0.01343288,131072,132071
ctx128k_req013,128k,131072,1000,39,131072,1000,57291,0.43709564,0.01328160,131072,132071
ctx128k_req013,128k,131072,1000,40,131072,1000,30930,0.23597717,0.01329660,131072,132071
ctx128k_req013,128k,131072,1000,41,131072,1000,26825,0.20465851,0.01321480,131072,132071
ctx128k_req013,128k,131072,1000,42,131072,1000,27400,0.20904541,0.01324093,131072,132071
ctx128k_req013,128k,131072,1000,43,131072,1000,53503,0.40819550,0.01351256,131072,132071
ctx128k_req013,128k,131072,1000,44,131072,1000,16347,0.12471771,0.01269904,131072,132071
ctx128k_req013,128k,131072,1000,45,131072,1000,40010,0.30525208,0.01328402,131072,132071
ctx128k_req013,128k,131072,1000,46,131072,1000,55485,0.42331696,0.01360776,131072,132071
ctx128k_req013,128k,131072,1000,47,131072,1000,19769,0.15082550,0.01327000,131072,132071
ctx128k_req013,128k,131072,1000,48,131072,1000,28923,0.22066498,0.01344353,131072,132071
ctx128k_req013,128k,131072,1000,49,131072,1000,35865,0.27362823,0.01309683,131072,132071
ctx128k_req013,128k,131072,1000,50,131072,1000,34403,0.26247406,0.01345367,131072,132071
ctx128k_req013,128k,131072,1000,51,131072,1000,29978,0.22871399,0.01338342,131072,132071
ctx128k_req013,128k,131072,1000,52,131072,1000,26697,0.20368195,0.01313776,131072,132071
ctx128k_req013,128k,131072,1000,53,131072,1000,23758,0.18125916,0.01301414,131072,132071
ctx128k_req013,128k,131072,1000,54,131072,1000,19618,0.14967346,0.01298047,131072,132071
ctx128k_req013,128k,131072,1000,55,131072,1000,49927,0.38091278,0.01332622,131072,132071
ctx128k_req013,128k,131072,1000,56,131072,1000,25505,0.19458771,0.01280944,131072,132071
ctx128k_req013,128k,131072,1000,57,131072,1000,30312,0.23126221,0.01326257,131072,132071
ctx128k_req013,128k,131072,1000,58,131072,1000,16585,0.12653351,0.01296474,131072,132071
ctx128k_req013,128k,131072,1000,59,131072,1000,27836,0.21237183,0.01304504,131072,132071
ctx128k_req013,128k,131072,1000,60,131072,1000,20959,0.15990448,0.01238757,131072,132071
ctx128k_req014,128k,131072,1000,0,131072,1000,12790,0.09757996,0.01552091,131072,132071
ctx128k_req014,128k,131072,1000,1,131072,1000,5027,0.03835297,0.01516871,131072,132071
ctx128k_req014,128k,131072,1000,2,131072,1000,14988,0.11434937,0.01250568,131072,132071
ctx128k_req014,128k,131072,1000,3,131072,1000,10255,0.07823944,0.01409839,131072,132071
ctx128k_req014,128k,131072,1000,4,131072,1000,27156,0.20718384,0.01447818,131072,132071
ctx128k_req014,128k,131072,1000,5,131072,1000,7228,0.05514526,0.01314682,131072,132071
ctx128k_req014,128k,131072,1000,6,131072,1000,24143,0.18419647,0.01284170,131072,132071
ctx128k_req014,128k,131072,1000,7,131072,1000,16331,0.12459564,0.01284669,131072,132071
ctx128k_req014,128k,131072,1000,8,131072,1000,14253,0.10874176,0.01235538,131072,132071
ctx128k_req014,128k,131072,1000,9,131072,1000,14666,0.11189270,0.01339604,131072,132071
ctx128k_req014,128k,131072,1000,10,131072,1000,15903,0.12133026,0.01338811,131072,132071
ctx128k_req014,128k,131072,1000,11,131072,1000,33441,0.25513458,0.01341277,131072,132071
ctx128k_req014,128k,131072,1000,12,131072,1000,19400,0.14801025,0.01305396,131072,132071
ctx128k_req014,128k,131072,1000,13,131072,1000,13725,0.10471344,0.01294219,131072,132071
ctx128k_req014,128k,131072,1000,14,131072,1000,10902,0.08317566,0.01340953,131072,132071
ctx128k_req014,128k,131072,1000,15,131072,1000,19566,0.14927673,0.01338501,131072,132071
ctx128k_req014,128k,131072,1000,16,131072,1000,18827,0.14363861,0.01321248,131072,132071
ctx128k_req014,128k,131072,1000,17,131072,1000,84359,0.64360809,0.01371461,131072,132071
ctx128k_req014,128k,131072,1000,18,131072,1000,12575,0.09593964,0.01305494,131072,132071
ctx128k_req014,128k,131072,1000,19,131072,1000,27806,0.21214294,0.01309961,131072,132071
ctx128k_req014,128k,131072,1000,20,131072,1000,38052,0.29031372,0.01340701,131072,132071
ctx128k_req014,128k,131072,1000,21,131072,1000,34962,0.26673889,0.01347820,131072,132071
ctx128k_req014,128k,131072,1000,22,131072,1000,13340,0.10177612,0.01315905,131072,132071
ctx128k_req014,128k,131072,1000,23,131072,1000,15887,0.12120819,0.01318337,131072,132071
ctx128k_req014,128k,131072,1000,24,131072,1000,30985,0.23639679,0.01359636,131072,132071
ctx128k_req014,128k,131072,1000,25,131072,1000,14545,0.11096954,0.01314975,131072,132071
ctx128k_req014,128k,131072,1000,26,131072,1000,37992,0.28985596,0.01348474,131072,132071
ctx128k_req014,128k,131072,1000,27,131072,1000,33039,0.25206757,0.01369846,131072,132071
ctx128k_req014,128k,131072,1000,28,131072,1000,33784,0.25775146,0.01337291,131072,132071
ctx128k_req014,128k,131072,1000,29,131072,1000,42318,0.32286072,0.01353505,131072,132071
ctx128k_req014,128k,131072,1000,30,131072,1000,28775,0.21953583,0.01342480,131072,132071
ctx128k_req014,128k,131072,1000,31,131072,1000,30642,0.23377991,0.01363670,131072,132071
ctx128k_req014,128k,131072,1000,32,131072,1000,26938,0.20552063,0.01359425,131072,132071
ctx128k_req014,128k,131072,1000,33,131072,1000,42640,0.32531738,0.01372639,131072,132071
ctx128k_req014,128k,131072,1000,34,131072,1000,17047,0.13005829,0.01362092,131072,132071
ctx128k_req014,128k,131072,1000,35,131072,1000,32130,0.24513245,0.01371594,131072,132071
ctx128k_req014,128k,131072,1000,36,131072,1000,23885,0.18222809,0.01336165,131072,132071
ctx128k_req014,128k,131072,1000,37,131072,1000,19643,0.14986420,0.01334088,131072,132071
ctx128k_req014,128k,131072,1000,38,131072,1000,43765,0.33390045,0.01353041,131072,132071
ctx128k_req014,128k,131072,1000,39,131072,1000,49122,0.37477112,0.01343499,131072,132071
ctx128k_req014,128k,131072,1000,40,131072,1000,27241,0.20783234,0.01356755,131072,132071
ctx128k_req014,128k,131072,1000,41,131072,1000,22899,0.17470551,0.01336414,131072,132071
ctx128k_req014,128k,131072,1000,42,131072,1000,25502,0.19456482,0.01341485,131072,132071
ctx128k_req014,128k,131072,1000,43,131072,1000,49406,0.37693787,0.01378291,131072,132071
ctx128k_req014,128k,131072,1000,44,131072,1000,15592,0.11895752,0.01292443,131072,132071
ctx128k_req014,128k,131072,1000,45,131072,1000,33509,0.25565338,0.01328482,131072,132071
ctx128k_req014,128k,131072,1000,46,131072,1000,52655,0.40172577,0.01371583,131072,132071
ctx128k_req014,128k,131072,1000,47,131072,1000,18062,0.13780212,0.01330973,131072,132071
ctx128k_req014,128k,131072,1000,48,131072,1000,26813,0.20456696,0.01351189,131072,132071
ctx128k_req014,128k,131072,1000,49,131072,1000,30562,0.23316956,0.01322070,131072,132071
ctx128k_req014,128k,131072,1000,50,131072,1000,31494,0.24028015,0.01360785,131072,132071
ctx128k_req014,128k,131072,1000,51,131072,1000,25837,0.19712067,0.01342749,131072,132071
ctx128k_req014,128k,131072,1000,52,131072,1000,25344,0.19335938,0.01326015,131072,132071
ctx128k_req014,128k,131072,1000,53,131072,1000,22589,0.17234039,0.01320376,131072,132071
ctx128k_req014,128k,131072,1000,54,131072,1000,18497,0.14112091,0.01318980,131072,132071
ctx128k_req014,128k,131072,1000,55,131072,1000,41628,0.31759644,0.01337820,131072,132071
ctx128k_req014,128k,131072,1000,56,131072,1000,21709,0.16562653,0.01306644,131072,132071
ctx128k_req014,128k,131072,1000,57,131072,1000,24855,0.18962860,0.01338220,131072,132071
ctx128k_req014,128k,131072,1000,58,131072,1000,15055,0.11486053,0.01320902,131072,132071
ctx128k_req014,128k,131072,1000,59,131072,1000,22532,0.17190552,0.01329848,131072,132071
ctx128k_req014,128k,131072,1000,60,131072,1000,16735,0.12767792,0.01283828,131072,132071
ctx128k_req015,128k,131072,1000,0,131072,1000,13654,0.10417175,0.01554270,131072,132071
ctx128k_req015,128k,131072,1000,1,131072,1000,5110,0.03898621,0.01516916,131072,132071
ctx128k_req015,128k,131072,1000,2,131072,1000,14720,0.11230469,0.01233718,131072,132071
ctx128k_req015,128k,131072,1000,3,131072,1000,10185,0.07770538,0.01400404,131072,132071
ctx128k_req015,128k,131072,1000,4,131072,1000,29197,0.22275543,0.01447046,131072,132071
ctx128k_req015,128k,131072,1000,5,131072,1000,7053,0.05381012,0.01266062,131072,132071
ctx128k_req015,128k,131072,1000,6,131072,1000,24853,0.18961334,0.01227697,131072,132071
ctx128k_req015,128k,131072,1000,7,131072,1000,16607,0.12670135,0.01216644,131072,132071
ctx128k_req015,128k,131072,1000,8,131072,1000,14956,0.11410522,0.01216650,131072,132071
ctx128k_req015,128k,131072,1000,9,131072,1000,14352,0.10949707,0.01214589,131072,132071
ctx128k_req015,128k,131072,1000,10,131072,1000,15554,0.11866760,0.01255043,131072,132071
ctx128k_req015,128k,131072,1000,11,131072,1000,37757,0.28806305,0.01254329,131072,132071
ctx128k_req015,128k,131072,1000,12,131072,1000,19904,0.15185547,0.01265613,131072,132071
ctx128k_req015,128k,131072,1000,13,131072,1000,13578,0.10359192,0.01235443,131072,132071
ctx128k_req015,128k,131072,1000,14,131072,1000,10603,0.08089447,0.01263161,131072,132071
ctx128k_req015,128k,131072,1000,15,131072,1000,20941,0.15976715,0.01261324,131072,132071
ctx128k_req015,128k,131072,1000,16,131072,1000,19541,0.14908600,0.01227007,131072,132071
ctx128k_req015,128k,131072,1000,17,131072,1000,92368,0.70471191,0.01329311,131072,132071
ctx128k_req015,128k,131072,1000,18,131072,1000,12923,0.09859467,0.01232467,131072,132071
ctx128k_req015,128k,131072,1000,19,131072,1000,32396,0.24716187,0.01262775,131072,132071
ctx128k_req015,128k,131072,1000,20,131072,1000,41868,0.31942749,0.01306891,131072,132071
ctx128k_req015,128k,131072,1000,21,131072,1000,38792,0.29595947,0.01318674,131072,132071
ctx128k_req015,128k,131072,1000,22,131072,1000,14789,0.11283112,0.01275745,131072,132071
ctx128k_req015,128k,131072,1000,23,131072,1000,17587,0.13417816,0.01286778,131072,132071
ctx128k_req015,128k,131072,1000,24,131072,1000,33031,0.25200653,0.01343848,131072,132071
ctx128k_req015,128k,131072,1000,25,131072,1000,14867,0.11342621,0.01289195,131072,132071
ctx128k_req015,128k,131072,1000,26,131072,1000,43793,0.33411407,0.01333008,131072,132071
ctx128k_req015,128k,131072,1000,27,131072,1000,34911,0.26634979,0.01355907,131072,132071
ctx128k_req015,128k,131072,1000,28,131072,1000,38789,0.29593658,0.01317838,131072,132071
ctx128k_req015,128k,131072,1000,29,131072,1000,51072,0.38964844,0.01339924,131072,132071
ctx128k_req015,128k,131072,1000,30,131072,1000,36046,0.27500916,0.01337120,131072,132071
ctx128k_req015,128k,131072,1000,31,131072,1000,34192,0.26086426,0.01341289,131072,132071
ctx128k_req015,128k,131072,1000,32,131072,1000,30793,0.23493195,0.01324235,131072,132071
ctx128k_req015,128k,131072,1000,33,131072,1000,47138,0.35963440,0.01341783,131072,132071
ctx128k_req015,128k,131072,1000,34,131072,1000,19226,0.14668274,0.01336082,131072,132071
ctx128k_req015,128k,131072,1000,35,131072,1000,36988,0.28219604,0.01357346,131072,132071
ctx128k_req015,128k,131072,1000,36,131072,1000,28922,0.22065735,0.01307246,131072,132071
ctx128k_req015,128k,131072,1000,37,131072,1000,21589,0.16471100,0.01305254,131072,132071
ctx128k_req015,128k,131072,1000,38,131072,1000,54555,0.41622162,0.01347988,131072,132071
ctx128k_req015,128k,131072,1000,39,131072,1000,58208,0.44409180,0.01326591,131072,132071
ctx128k_req015,128k,131072,1000,40,131072,1000,30595,0.23342133,0.01335575,131072,132071
ctx128k_req015,128k,131072,1000,41,131072,1000,25027,0.19094086,0.01307796,131072,132071
ctx128k_req015,128k,131072,1000,42,131072,1000,27076,0.20657349,0.01315826,131072,132071
ctx128k_req015,128k,131072,1000,43,131072,1000,55338,0.42219543,0.01358932,131072,132071
ctx128k_req015,128k,131072,1000,44,131072,1000,16500,0.12588501,0.01249995,131072,132071
ctx128k_req015,128k,131072,1000,45,131072,1000,38714,0.29536438,0.01308691,131072,132071
ctx128k_req015,128k,131072,1000,46,131072,1000,56576,0.43164062,0.01344975,131072,132071
ctx128k_req015,128k,131072,1000,47,131072,1000,20638,0.15745544,0.01286411,131072,132071
ctx128k_req015,128k,131072,1000,48,131072,1000,28383,0.21654510,0.01320500,131072,132071
ctx128k_req015,128k,131072,1000,49,131072,1000,34877,0.26609039,0.01273001,131072,132071
ctx128k_req015,128k,131072,1000,50,131072,1000,34124,0.26034546,0.01323098,131072,132071
ctx128k_req015,128k,131072,1000,51,131072,1000,31498,0.24031067,0.01313623,131072,132071
ctx128k_req015,128k,131072,1000,52,131072,1000,27209,0.20758820,0.01286710,131072,132071
ctx128k_req015,128k,131072,1000,53,131072,1000,22851,0.17433929,0.01286855,131072,132071
ctx128k_req015,128k,131072,1000,54,131072,1000,19317,0.14737701,0.01262876,131072,132071
ctx128k_req015,128k,131072,1000,55,131072,1000,53181,0.40573883,0.01315836,131072,132071
ctx128k_req015,128k,131072,1000,56,131072,1000,24644,0.18801880,0.01248029,131072,132071
ctx128k_req015,128k,131072,1000,57,131072,1000,30586,0.23335266,0.01290137,131072,132071
ctx128k_req015,128k,131072,1000,58,131072,1000,15546,0.11860657,0.01286990,131072,132071
ctx128k_req015,128k,131072,1000,59,131072,1000,26544,0.20251465,0.01290995,131072,132071
ctx128k_req015,128k,131072,1000,60,131072,1000,19004,0.14498901,0.01230219,131072,132071
